# -*- coding: utf-8 -*-

# Resource object code
#
# Created by: The Resource Compiler for PyQt5 (Qt v5.15.2)
#
# WARNING! All changes made in this file will be lost!

from PyQt5 import QtCore

qt_resource_data = b"\
\x00\x00\x01\xa7\
\x3c\
\x73\x76\x67\x20\x72\x6f\x6c\x65\x3d\x22\x69\x6d\x67\x22\x20\x78\
\x6d\x6c\x6e\x73\x3d\x22\x68\x74\x74\x70\x3a\x2f\x2f\x77\x77\x77\
\x2e\x77\x33\x2e\x6f\x72\x67\x2f\x32\x30\x30\x30\x2f\x73\x76\x67\
\x22\x20\x77\x69\x64\x74\x68\x3d\x22\x33\x32\x70\x78\x22\x20\x68\
\x65\x69\x67\x68\x74\x3d\x22\x33\x32\x70\x78\x22\x20\x76\x69\x65\
\x77\x42\x6f\x78\x3d\x22\x30\x20\x30\x20\x32\x34\x20\x32\x34\x22\
\x20\x61\x72\x69\x61\x2d\x6c\x61\x62\x65\x6c\x6c\x65\x64\x62\x79\
\x3d\x22\x66\x65\x65\x64\x49\x63\x6f\x6e\x54\x69\x74\x6c\x65\x22\
\x20\x73\x74\x72\x6f\x6b\x65\x3d\x22\x23\x30\x30\x30\x22\x20\x73\
\x74\x72\x6f\x6b\x65\x2d\x77\x69\x64\x74\x68\x3d\x22\x31\x2e\x35\
\x22\x20\x73\x74\x72\x6f\x6b\x65\x2d\x6c\x69\x6e\x65\x63\x61\x70\
\x3d\x22\x73\x71\x75\x61\x72\x65\x22\x20\x73\x74\x72\x6f\x6b\x65\
\x2d\x6c\x69\x6e\x65\x6a\x6f\x69\x6e\x3d\x22\x6d\x69\x74\x65\x72\
\x22\x20\x66\x69\x6c\x6c\x3d\x22\x6e\x6f\x6e\x65\x22\x20\x63\x6f\
\x6c\x6f\x72\x3d\x22\x23\x30\x30\x30\x22\x3e\x20\x3c\x74\x69\x74\
\x6c\x65\x20\x69\x64\x3d\x22\x66\x65\x65\x64\x49\x63\x6f\x6e\x54\
\x69\x74\x6c\x65\x22\x3e\x46\x65\x65\x64\x3c\x2f\x74\x69\x74\x6c\
\x65\x3e\x20\x3c\x63\x69\x72\x63\x6c\x65\x20\x63\x78\x3d\x22\x37\
\x2e\x35\x22\x20\x63\x79\x3d\x22\x37\x2e\x35\x22\x20\x72\x3d\x22\
\x32\x2e\x35\x22\x2f\x3e\x20\x3c\x70\x61\x74\x68\x20\x64\x3d\x22\
\x4d\x32\x32\x20\x31\x33\x48\x32\x22\x2f\x3e\x20\x3c\x70\x61\x74\
\x68\x20\x64\x3d\x22\x4d\x31\x38\x20\x36\x68\x2d\x35\x6d\x35\x20\
\x33\x68\x2d\x35\x22\x2f\x3e\x20\x3c\x70\x61\x74\x68\x20\x64\x3d\
\x22\x4d\x35\x20\x32\x68\x31\x34\x61\x33\x20\x33\x20\x30\x20\x30\
\x20\x31\x20\x33\x20\x33\x76\x31\x37\x48\x32\x56\x35\x61\x33\x20\
\x33\x20\x30\x20\x30\x20\x31\x20\x33\x2d\x33\x7a\x22\x2f\x3e\x20\
\x3c\x2f\x73\x76\x67\x3e\
\x00\x00\x01\x7d\
\x3c\
\x73\x76\x67\x20\x72\x6f\x6c\x65\x3d\x22\x69\x6d\x67\x22\x20\x78\
\x6d\x6c\x6e\x73\x3d\x22\x68\x74\x74\x70\x3a\x2f\x2f\x77\x77\x77\
\x2e\x77\x33\x2e\x6f\x72\x67\x2f\x32\x30\x30\x30\x2f\x73\x76\x67\
\x22\x20\x77\x69\x64\x74\x68\x3d\x22\x33\x32\x70\x78\x22\x20\x68\
\x65\x69\x67\x68\x74\x3d\x22\x33\x32\x70\x78\x22\x20\x76\x69\x65\
\x77\x42\x6f\x78\x3d\x22\x30\x20\x30\x20\x32\x34\x20\x32\x34\x22\
\x20\x61\x72\x69\x61\x2d\x6c\x61\x62\x65\x6c\x6c\x65\x64\x62\x79\
\x3d\x22\x63\x61\x6c\x65\x6e\x64\x61\x72\x49\x63\x6f\x6e\x54\x69\
\x74\x6c\x65\x22\x20\x73\x74\x72\x6f\x6b\x65\x3d\x22\x23\x30\x30\
\x30\x22\x20\x73\x74\x72\x6f\x6b\x65\x2d\x77\x69\x64\x74\x68\x3d\
\x22\x31\x2e\x35\x22\x20\x73\x74\x72\x6f\x6b\x65\x2d\x6c\x69\x6e\
\x65\x63\x61\x70\x3d\x22\x73\x71\x75\x61\x72\x65\x22\x20\x73\x74\
\x72\x6f\x6b\x65\x2d\x6c\x69\x6e\x65\x6a\x6f\x69\x6e\x3d\x22\x6d\
\x69\x74\x65\x72\x22\x20\x66\x69\x6c\x6c\x3d\x22\x6e\x6f\x6e\x65\
\x22\x20\x63\x6f\x6c\x6f\x72\x3d\x22\x23\x30\x30\x30\x22\x3e\x20\
\x3c\x74\x69\x74\x6c\x65\x20\x69\x64\x3d\x22\x63\x61\x6c\x65\x6e\
\x64\x61\x72\x49\x63\x6f\x6e\x54\x69\x74\x6c\x65\x22\x3e\x43\x61\
\x6c\x65\x6e\x64\x61\x72\x3c\x2f\x74\x69\x74\x6c\x65\x3e\x20\x3c\
\x70\x61\x74\x68\x20\x64\x3d\x22\x4d\x33\x20\x35\x48\x32\x31\x56\
\x32\x31\x48\x33\x56\x35\x5a\x22\x2f\x3e\x20\x3c\x70\x61\x74\x68\
\x20\x64\x3d\x22\x4d\x32\x31\x20\x39\x48\x33\x22\x2f\x3e\x20\x3c\
\x70\x61\x74\x68\x20\x64\x3d\x22\x4d\x37\x20\x35\x56\x33\x22\x2f\
\x3e\x20\x3c\x70\x61\x74\x68\x20\x64\x3d\x22\x4d\x31\x37\x20\x35\
\x56\x33\x22\x2f\x3e\x20\x3c\x2f\x73\x76\x67\x3e\
\x00\x00\x01\x50\
\x3c\
\x73\x76\x67\x20\x72\x6f\x6c\x65\x3d\x22\x69\x6d\x67\x22\x20\x78\
\x6d\x6c\x6e\x73\x3d\x22\x68\x74\x74\x70\x3a\x2f\x2f\x77\x77\x77\
\x2e\x77\x33\x2e\x6f\x72\x67\x2f\x32\x30\x30\x30\x2f\x73\x76\x67\
\x22\x20\x77\x69\x64\x74\x68\x3d\x22\x33\x32\x70\x78\x22\x20\x68\
\x65\x69\x67\x68\x74\x3d\x22\x33\x32\x70\x78\x22\x20\x76\x69\x65\
\x77\x42\x6f\x78\x3d\x22\x30\x20\x30\x20\x32\x34\x20\x32\x34\x22\
\x20\x61\x72\x69\x61\x2d\x6c\x61\x62\x65\x6c\x6c\x65\x64\x62\x79\
\x3d\x22\x68\x61\x6d\x62\x75\x72\x67\x65\x72\x49\x63\x6f\x6e\x54\
\x69\x74\x6c\x65\x22\x20\x73\x74\x72\x6f\x6b\x65\x3d\x22\x23\x30\
\x30\x30\x22\x20\x73\x74\x72\x6f\x6b\x65\x2d\x77\x69\x64\x74\x68\
\x3d\x22\x31\x2e\x35\x22\x20\x73\x74\x72\x6f\x6b\x65\x2d\x6c\x69\
\x6e\x65\x63\x61\x70\x3d\x22\x73\x71\x75\x61\x72\x65\x22\x20\x73\
\x74\x72\x6f\x6b\x65\x2d\x6c\x69\x6e\x65\x6a\x6f\x69\x6e\x3d\x22\
\x6d\x69\x74\x65\x72\x22\x20\x66\x69\x6c\x6c\x3d\x22\x6e\x6f\x6e\
\x65\x22\x20\x63\x6f\x6c\x6f\x72\x3d\x22\x23\x30\x30\x30\x22\x3e\
\x20\x3c\x74\x69\x74\x6c\x65\x20\x69\x64\x3d\x22\x68\x61\x6d\x62\
\x75\x72\x67\x65\x72\x49\x63\x6f\x6e\x54\x69\x74\x6c\x65\x22\x3e\
\x4d\x65\x6e\x75\x3c\x2f\x74\x69\x74\x6c\x65\x3e\x20\x3c\x70\x61\
\x74\x68\x20\x64\x3d\x22\x4d\x36\x20\x37\x4c\x31\x38\x20\x37\x4d\
\x36\x20\x31\x32\x4c\x31\x38\x20\x31\x32\x4d\x36\x20\x31\x37\x4c\
\x31\x38\x20\x31\x37\x22\x2f\x3e\x20\x3c\x2f\x73\x76\x67\x3e\
\x00\x00\x02\x52\
\x3c\
\x73\x76\x67\x20\x77\x69\x64\x74\x68\x3d\x22\x33\x32\x70\x78\x22\
\x20\x68\x65\x69\x67\x68\x74\x3d\x22\x33\x32\x70\x78\x22\x20\x76\
\x69\x65\x77\x42\x6f\x78\x3d\x22\x30\x20\x30\x20\x32\x34\x20\x32\
\x34\x22\x20\x78\x6d\x6c\x6e\x73\x3d\x22\x68\x74\x74\x70\x3a\x2f\
\x2f\x77\x77\x77\x2e\x77\x33\x2e\x6f\x72\x67\x2f\x32\x30\x30\x30\
\x2f\x73\x76\x67\x22\x20\x61\x72\x69\x61\x2d\x6c\x61\x62\x65\x6c\
\x6c\x65\x64\x62\x79\x3d\x22\x64\x69\x61\x6c\x70\x61\x64\x49\x63\
\x6f\x6e\x54\x69\x74\x6c\x65\x22\x20\x73\x74\x72\x6f\x6b\x65\x3d\
\x22\x23\x30\x30\x30\x22\x20\x73\x74\x72\x6f\x6b\x65\x2d\x77\x69\
\x64\x74\x68\x3d\x22\x31\x2e\x35\x22\x20\x73\x74\x72\x6f\x6b\x65\
\x2d\x6c\x69\x6e\x65\x63\x61\x70\x3d\x22\x73\x71\x75\x61\x72\x65\
\x22\x20\x73\x74\x72\x6f\x6b\x65\x2d\x6c\x69\x6e\x65\x6a\x6f\x69\
\x6e\x3d\x22\x6d\x69\x74\x65\x72\x22\x20\x66\x69\x6c\x6c\x3d\x22\
\x6e\x6f\x6e\x65\x22\x20\x63\x6f\x6c\x6f\x72\x3d\x22\x23\x30\x30\
\x30\x22\x3e\x20\x3c\x74\x69\x74\x6c\x65\x20\x69\x64\x3d\x22\x64\
\x69\x61\x6c\x70\x61\x64\x49\x63\x6f\x6e\x54\x69\x74\x6c\x65\x22\
\x3e\x44\x69\x61\x6c\x70\x61\x64\x3c\x2f\x74\x69\x74\x6c\x65\x3e\
\x20\x3c\x63\x69\x72\x63\x6c\x65\x20\x63\x78\x3d\x22\x37\x22\x20\
\x63\x79\x3d\x22\x35\x22\x20\x72\x3d\x22\x31\x22\x2f\x3e\x20\x3c\
\x63\x69\x72\x63\x6c\x65\x20\x63\x78\x3d\x22\x31\x32\x22\x20\x63\
\x79\x3d\x22\x35\x22\x20\x72\x3d\x22\x31\x22\x2f\x3e\x20\x3c\x63\
\x69\x72\x63\x6c\x65\x20\x63\x78\x3d\x22\x31\x37\x22\x20\x63\x79\
\x3d\x22\x35\x22\x20\x72\x3d\x22\x31\x22\x2f\x3e\x20\x3c\x63\x69\
\x72\x63\x6c\x65\x20\x63\x78\x3d\x22\x37\x22\x20\x63\x79\x3d\x22\
\x31\x30\x22\x20\x72\x3d\x22\x31\x22\x2f\x3e\x20\x3c\x63\x69\x72\
\x63\x6c\x65\x20\x63\x78\x3d\x22\x31\x32\x22\x20\x63\x79\x3d\x22\
\x31\x30\x22\x20\x72\x3d\x22\x31\x22\x2f\x3e\x20\x3c\x63\x69\x72\
\x63\x6c\x65\x20\x63\x78\x3d\x22\x31\x37\x22\x20\x63\x79\x3d\x22\
\x31\x30\x22\x20\x72\x3d\x22\x31\x22\x2f\x3e\x20\x3c\x63\x69\x72\
\x63\x6c\x65\x20\x63\x78\x3d\x22\x37\x22\x20\x63\x79\x3d\x22\x31\
\x35\x22\x20\x72\x3d\x22\x31\x22\x2f\x3e\x20\x3c\x63\x69\x72\x63\
\x6c\x65\x20\x63\x78\x3d\x22\x31\x32\x22\x20\x63\x79\x3d\x22\x31\
\x35\x22\x20\x72\x3d\x22\x31\x22\x2f\x3e\x20\x3c\x63\x69\x72\x63\
\x6c\x65\x20\x63\x78\x3d\x22\x31\x32\x22\x20\x63\x79\x3d\x22\x32\
\x30\x22\x20\x72\x3d\x22\x31\x22\x2f\x3e\x20\x3c\x63\x69\x72\x63\
\x6c\x65\x20\x63\x78\x3d\x22\x31\x37\x22\x20\x63\x79\x3d\x22\x31\
\x35\x22\x20\x72\x3d\x22\x31\x22\x2f\x3e\x20\x3c\x2f\x73\x76\x67\
\x3e\
\x00\x00\x01\x60\
\x3c\
\x73\x76\x67\x20\x72\x6f\x6c\x65\x3d\x22\x69\x6d\x67\x22\x20\x78\
\x6d\x6c\x6e\x73\x3d\x22\x68\x74\x74\x70\x3a\x2f\x2f\x77\x77\x77\
\x2e\x77\x33\x2e\x6f\x72\x67\x2f\x32\x30\x30\x30\x2f\x73\x76\x67\
\x22\x20\x77\x69\x64\x74\x68\x3d\x22\x33\x32\x70\x78\x22\x20\x68\
\x65\x69\x67\x68\x74\x3d\x22\x33\x32\x70\x78\x22\x20\x76\x69\x65\
\x77\x42\x6f\x78\x3d\x22\x30\x20\x30\x20\x32\x34\x20\x32\x34\x22\
\x20\x61\x72\x69\x61\x2d\x6c\x61\x62\x65\x6c\x6c\x65\x64\x62\x79\
\x3d\x22\x73\x65\x6e\x64\x49\x63\x6f\x6e\x54\x69\x74\x6c\x65\x22\
\x20\x73\x74\x72\x6f\x6b\x65\x3d\x22\x23\x30\x30\x30\x22\x20\x73\
\x74\x72\x6f\x6b\x65\x2d\x77\x69\x64\x74\x68\x3d\x22\x31\x2e\x35\
\x22\x20\x73\x74\x72\x6f\x6b\x65\x2d\x6c\x69\x6e\x65\x63\x61\x70\
\x3d\x22\x73\x71\x75\x61\x72\x65\x22\x20\x73\x74\x72\x6f\x6b\x65\
\x2d\x6c\x69\x6e\x65\x6a\x6f\x69\x6e\x3d\x22\x6d\x69\x74\x65\x72\
\x22\x20\x66\x69\x6c\x6c\x3d\x22\x6e\x6f\x6e\x65\x22\x20\x63\x6f\
\x6c\x6f\x72\x3d\x22\x23\x30\x30\x30\x22\x3e\x20\x3c\x74\x69\x74\
\x6c\x65\x20\x69\x64\x3d\x22\x73\x65\x6e\x64\x49\x63\x6f\x6e\x54\
\x69\x74\x6c\x65\x22\x3e\x53\x65\x6e\x64\x3c\x2f\x74\x69\x74\x6c\
\x65\x3e\x20\x3c\x70\x6f\x6c\x79\x67\x6f\x6e\x20\x70\x6f\x69\x6e\
\x74\x73\x3d\x22\x32\x31\x2e\x33\x36\x38\x20\x31\x32\x2e\x30\x30\
\x31\x20\x33\x20\x32\x31\x2e\x36\x30\x39\x20\x33\x20\x31\x34\x20\
\x31\x31\x20\x31\x32\x20\x33\x20\x39\x2e\x37\x39\x34\x20\x33\x20\
\x32\x2e\x33\x39\x34\x22\x2f\x3e\x20\x3c\x2f\x73\x76\x67\x3e\
\x00\x00\x01\xa5\
\x3c\
\x73\x76\x67\x20\x72\x6f\x6c\x65\x3d\x22\x69\x6d\x67\x22\x20\x78\
\x6d\x6c\x6e\x73\x3d\x22\x68\x74\x74\x70\x3a\x2f\x2f\x77\x77\x77\
\x2e\x77\x33\x2e\x6f\x72\x67\x2f\x32\x30\x30\x30\x2f\x73\x76\x67\
\x22\x20\x77\x69\x64\x74\x68\x3d\x22\x33\x32\x70\x78\x22\x20\x68\
\x65\x69\x67\x68\x74\x3d\x22\x33\x32\x70\x78\x22\x20\x76\x69\x65\
\x77\x42\x6f\x78\x3d\x22\x30\x20\x30\x20\x32\x34\x20\x32\x34\x22\
\x20\x61\x72\x69\x61\x2d\x6c\x61\x62\x65\x6c\x6c\x65\x64\x62\x79\
\x3d\x22\x68\x64\x72\x49\x63\x6f\x6e\x54\x69\x74\x6c\x65\x22\x20\
\x73\x74\x72\x6f\x6b\x65\x3d\x22\x23\x30\x30\x30\x22\x20\x73\x74\
\x72\x6f\x6b\x65\x2d\x77\x69\x64\x74\x68\x3d\x22\x31\x2e\x35\x22\
\x20\x73\x74\x72\x6f\x6b\x65\x2d\x6c\x69\x6e\x65\x63\x61\x70\x3d\
\x22\x73\x71\x75\x61\x72\x65\x22\x20\x73\x74\x72\x6f\x6b\x65\x2d\
\x6c\x69\x6e\x65\x6a\x6f\x69\x6e\x3d\x22\x6d\x69\x74\x65\x72\x22\
\x20\x66\x69\x6c\x6c\x3d\x22\x6e\x6f\x6e\x65\x22\x20\x63\x6f\x6c\
\x6f\x72\x3d\x22\x23\x30\x30\x30\x22\x3e\x20\x3c\x74\x69\x74\x6c\
\x65\x20\x69\x64\x3d\x22\x68\x64\x72\x49\x63\x6f\x6e\x54\x69\x74\
\x6c\x65\x22\x3e\x48\x44\x52\x3c\x2f\x74\x69\x74\x6c\x65\x3e\x20\
\x3c\x70\x61\x74\x68\x20\x64\x3d\x22\x4d\x31\x38\x20\x31\x32\x68\
\x31\x6c\x32\x20\x33\x22\x2f\x3e\x20\x3c\x70\x61\x74\x68\x20\x64\
\x3d\x22\x4d\x37\x20\x39\x76\x36\x6d\x33\x2d\x36\x76\x36\x68\x32\
\x63\x31\x2e\x33\x33\x33\x20\x30\x20\x32\x2d\x31\x20\x32\x2d\x33\
\x73\x2d\x2e\x36\x36\x37\x2d\x33\x2d\x32\x2d\x33\x68\x2d\x32\x7a\
\x6d\x37\x20\x36\x56\x39\x68\x33\x63\x2e\x36\x36\x37\x20\x30\x20\
\x31\x20\x2e\x35\x20\x31\x20\x31\x2e\x35\x73\x2d\x2e\x33\x33\x33\
\x20\x31\x2e\x35\x2d\x31\x20\x31\x2e\x35\x68\x2d\x33\x4d\x37\x20\
\x31\x32\x48\x33\x6d\x30\x2d\x33\x76\x36\x22\x2f\x3e\x20\x3c\x2f\
\x73\x76\x67\x3e\
\x00\x00\x02\x9b\
\x3c\
\x73\x76\x67\x20\x77\x69\x64\x74\x68\x3d\x22\x33\x32\x70\x78\x22\
\x20\x68\x65\x69\x67\x68\x74\x3d\x22\x33\x32\x70\x78\x22\x20\x76\
\x69\x65\x77\x42\x6f\x78\x3d\x22\x30\x20\x30\x20\x32\x34\x20\x32\
\x34\x22\x20\x78\x6d\x6c\x6e\x73\x3d\x22\x68\x74\x74\x70\x3a\x2f\
\x2f\x77\x77\x77\x2e\x77\x33\x2e\x6f\x72\x67\x2f\x32\x30\x30\x30\
\x2f\x73\x76\x67\x22\x20\x61\x72\x69\x61\x2d\x6c\x61\x62\x65\x6c\
\x6c\x65\x64\x62\x79\x3d\x22\x63\x6c\x69\x70\x49\x63\x6f\x6e\x54\
\x69\x74\x6c\x65\x22\x20\x73\x74\x72\x6f\x6b\x65\x3d\x22\x23\x30\
\x30\x30\x22\x20\x73\x74\x72\x6f\x6b\x65\x2d\x77\x69\x64\x74\x68\
\x3d\x22\x31\x2e\x35\x22\x20\x73\x74\x72\x6f\x6b\x65\x2d\x6c\x69\
\x6e\x65\x63\x61\x70\x3d\x22\x73\x71\x75\x61\x72\x65\x22\x20\x73\
\x74\x72\x6f\x6b\x65\x2d\x6c\x69\x6e\x65\x6a\x6f\x69\x6e\x3d\x22\
\x6d\x69\x74\x65\x72\x22\x20\x66\x69\x6c\x6c\x3d\x22\x6e\x6f\x6e\
\x65\x22\x20\x63\x6f\x6c\x6f\x72\x3d\x22\x23\x30\x30\x30\x22\x3e\
\x20\x3c\x74\x69\x74\x6c\x65\x20\x69\x64\x3d\x22\x63\x6c\x69\x70\
\x49\x63\x6f\x6e\x54\x69\x74\x6c\x65\x22\x3e\x41\x74\x74\x61\x63\
\x68\x6d\x65\x6e\x74\x20\x28\x70\x61\x70\x65\x72\x20\x63\x6c\x69\
\x70\x29\x3c\x2f\x74\x69\x74\x6c\x65\x3e\x20\x3c\x70\x61\x74\x68\
\x20\x64\x3d\x22\x4d\x37\x2e\x39\x33\x35\x31\x37\x20\x31\x33\x2e\
\x37\x37\x39\x36\x4c\x31\x35\x2e\x31\x36\x31\x37\x20\x36\x2e\x35\
\x35\x33\x30\x34\x43\x31\x36\x2e\x30\x33\x39\x32\x20\x35\x2e\x36\
\x37\x36\x33\x31\x20\x31\x37\x2e\x34\x36\x35\x37\x20\x35\x2e\x36\
\x37\x36\x33\x31\x20\x31\x38\x2e\x33\x34\x33\x32\x20\x36\x2e\x35\
\x35\x33\x30\x34\x43\x31\x39\x2e\x32\x32\x30\x36\x20\x37\x2e\x34\
\x33\x30\x35\x32\x20\x31\x39\x2e\x32\x32\x30\x36\x20\x38\x2e\x38\
\x35\x37\x37\x34\x20\x31\x38\x2e\x33\x34\x33\x32\x20\x39\x2e\x37\
\x33\x35\x32\x32\x4c\x38\x2e\x34\x30\x30\x39\x31\x20\x31\x39\x2e\
\x35\x34\x37\x37\x43\x36\x2e\x39\x33\x36\x32\x20\x32\x31\x2e\x30\
\x31\x32\x34\x20\x34\x2e\x35\x36\x33\x32\x35\x20\x32\x31\x2e\x30\
\x31\x32\x34\x20\x33\x2e\x30\x39\x38\x35\x34\x20\x31\x39\x2e\x35\
\x34\x37\x37\x43\x31\x2e\x36\x33\x33\x38\x32\x20\x31\x38\x2e\x30\
\x38\x33\x37\x20\x31\x2e\x36\x33\x33\x38\x32\x20\x31\x35\x2e\x37\
\x30\x39\x33\x20\x33\x2e\x30\x39\x38\x35\x34\x20\x31\x34\x2e\x32\
\x34\x35\x33\x4c\x31\x32\x2e\x39\x33\x33\x35\x20\x34\x2e\x35\x33\
\x37\x38\x34\x43\x31\x34\x2e\x39\x38\x34\x20\x32\x2e\x34\x38\x37\
\x33\x39\x20\x31\x38\x2e\x33\x30\x39\x34\x20\x32\x2e\x34\x38\x37\
\x33\x39\x20\x32\x30\x2e\x33\x35\x36\x39\x20\x34\x2e\x35\x33\x37\
\x38\x34\x43\x32\x32\x2e\x34\x30\x38\x38\x20\x36\x2e\x35\x38\x39\
\x30\x34\x20\x32\x32\x2e\x34\x30\x38\x38\x20\x39\x2e\x39\x31\x31\
\x34\x36\x20\x32\x30\x2e\x33\x35\x38\x34\x20\x31\x31\x2e\x39\x36\
\x31\x39\x4c\x31\x33\x2e\x32\x33\x39\x20\x31\x39\x2e\x30\x38\x32\
\x22\x2f\x3e\x20\x3c\x2f\x73\x76\x67\x3e\
\x00\x00\x01\xc4\
\x3c\
\x73\x76\x67\x20\x77\x69\x64\x74\x68\x3d\x22\x33\x32\x70\x78\x22\
\x20\x68\x65\x69\x67\x68\x74\x3d\x22\x33\x32\x70\x78\x22\x20\x76\
\x69\x65\x77\x42\x6f\x78\x3d\x22\x30\x20\x30\x20\x32\x34\x20\x32\
\x34\x22\x20\x66\x69\x6c\x6c\x3d\x22\x6e\x6f\x6e\x65\x22\x20\x78\
\x6d\x6c\x6e\x73\x3d\x22\x68\x74\x74\x70\x3a\x2f\x2f\x77\x77\x77\
\x2e\x77\x33\x2e\x6f\x72\x67\x2f\x32\x30\x30\x30\x2f\x73\x76\x67\
\x22\x20\x61\x72\x69\x61\x2d\x6c\x61\x62\x65\x6c\x6c\x65\x64\x62\
\x79\x3d\x22\x6d\x6f\x75\x73\x65\x49\x63\x6f\x6e\x54\x69\x74\x6c\
\x65\x22\x20\x73\x74\x72\x6f\x6b\x65\x3d\x22\x23\x30\x30\x30\x22\
\x20\x73\x74\x72\x6f\x6b\x65\x2d\x77\x69\x64\x74\x68\x3d\x22\x31\
\x2e\x35\x22\x20\x73\x74\x72\x6f\x6b\x65\x2d\x6c\x69\x6e\x65\x63\
\x61\x70\x3d\x22\x73\x71\x75\x61\x72\x65\x22\x20\x73\x74\x72\x6f\
\x6b\x65\x2d\x6c\x69\x6e\x65\x6a\x6f\x69\x6e\x3d\x22\x6d\x69\x74\
\x65\x72\x22\x20\x63\x6f\x6c\x6f\x72\x3d\x22\x23\x30\x30\x30\x22\
\x3e\x20\x3c\x74\x69\x74\x6c\x65\x20\x69\x64\x3d\x22\x6d\x6f\x75\
\x73\x65\x49\x63\x6f\x6e\x54\x69\x74\x6c\x65\x22\x3e\x4d\x6f\x75\
\x73\x65\x3c\x2f\x74\x69\x74\x6c\x65\x3e\x20\x3c\x70\x61\x74\x68\
\x20\x64\x3d\x22\x4d\x35\x20\x31\x30\x4c\x31\x32\x20\x31\x30\x4d\
\x31\x39\x20\x31\x30\x4c\x31\x32\x20\x31\x30\x4d\x31\x32\x20\x31\
\x30\x4c\x31\x32\x20\x32\x2e\x35\x22\x2f\x3e\x20\x3c\x70\x61\x74\
\x68\x20\x64\x3d\x22\x4d\x35\x20\x39\x43\x35\x20\x35\x2e\x31\x33\
\x34\x30\x31\x20\x38\x2e\x31\x33\x34\x30\x31\x20\x32\x20\x31\x32\
\x20\x32\x56\x32\x43\x31\x35\x2e\x38\x36\x36\x20\x32\x20\x31\x39\
\x20\x35\x2e\x31\x33\x34\x30\x31\x20\x31\x39\x20\x39\x56\x31\x35\
\x43\x31\x39\x20\x31\x38\x2e\x38\x36\x36\x20\x31\x35\x2e\x38\x36\
\x36\x20\x32\x32\x20\x31\x32\x20\x32\x32\x56\x32\x32\x43\x38\x2e\
\x31\x33\x34\x30\x31\x20\x32\x32\x20\x35\x20\x31\x38\x2e\x38\x36\
\x36\x20\x35\x20\x31\x35\x56\x39\x5a\x22\x2f\x3e\x20\x3c\x2f\x73\
\x76\x67\x3e\
\x00\x00\x01\x7e\
\x3c\
\x73\x76\x67\x20\x72\x6f\x6c\x65\x3d\x22\x69\x6d\x67\x22\x20\x78\
\x6d\x6c\x6e\x73\x3d\x22\x68\x74\x74\x70\x3a\x2f\x2f\x77\x77\x77\
\x2e\x77\x33\x2e\x6f\x72\x67\x2f\x32\x30\x30\x30\x2f\x73\x76\x67\
\x22\x20\x77\x69\x64\x74\x68\x3d\x22\x33\x32\x70\x78\x22\x20\x68\
\x65\x69\x67\x68\x74\x3d\x22\x33\x32\x70\x78\x22\x20\x76\x69\x65\
\x77\x42\x6f\x78\x3d\x22\x30\x20\x30\x20\x32\x34\x20\x32\x34\x22\
\x20\x61\x72\x69\x61\x2d\x6c\x61\x62\x65\x6c\x6c\x65\x64\x62\x79\
\x3d\x22\x6e\x6f\x74\x41\x6c\x6c\x6f\x77\x65\x64\x49\x63\x6f\x6e\
\x54\x69\x74\x6c\x65\x22\x20\x73\x74\x72\x6f\x6b\x65\x3d\x22\x23\
\x30\x30\x30\x22\x20\x73\x74\x72\x6f\x6b\x65\x2d\x77\x69\x64\x74\
\x68\x3d\x22\x31\x2e\x35\x22\x20\x73\x74\x72\x6f\x6b\x65\x2d\x6c\
\x69\x6e\x65\x63\x61\x70\x3d\x22\x73\x71\x75\x61\x72\x65\x22\x20\
\x73\x74\x72\x6f\x6b\x65\x2d\x6c\x69\x6e\x65\x6a\x6f\x69\x6e\x3d\
\x22\x6d\x69\x74\x65\x72\x22\x20\x66\x69\x6c\x6c\x3d\x22\x6e\x6f\
\x6e\x65\x22\x20\x63\x6f\x6c\x6f\x72\x3d\x22\x23\x30\x30\x30\x22\
\x3e\x20\x3c\x74\x69\x74\x6c\x65\x20\x69\x64\x3d\x22\x6e\x6f\x74\
\x41\x6c\x6c\x6f\x77\x65\x64\x49\x63\x6f\x6e\x54\x69\x74\x6c\x65\
\x22\x3e\x4e\x6f\x74\x20\x41\x6c\x6c\x6f\x77\x65\x64\x3c\x2f\x74\
\x69\x74\x6c\x65\x3e\x20\x3c\x63\x69\x72\x63\x6c\x65\x20\x63\x78\
\x3d\x22\x31\x32\x22\x20\x63\x79\x3d\x22\x31\x32\x22\x20\x72\x3d\
\x22\x31\x30\x22\x2f\x3e\x20\x3c\x70\x61\x74\x68\x20\x73\x74\x72\
\x6f\x6b\x65\x2d\x6c\x69\x6e\x65\x63\x61\x70\x3d\x22\x73\x71\x75\
\x61\x72\x65\x22\x20\x64\x3d\x22\x4d\x35\x2c\x35\x20\x4c\x31\x39\
\x2c\x31\x39\x22\x2f\x3e\x20\x3c\x2f\x73\x76\x67\x3e\
\x00\x00\x01\xc0\
\x3c\
\x73\x76\x67\x20\x72\x6f\x6c\x65\x3d\x22\x69\x6d\x67\x22\x20\x78\
\x6d\x6c\x6e\x73\x3d\x22\x68\x74\x74\x70\x3a\x2f\x2f\x77\x77\x77\
\x2e\x77\x33\x2e\x6f\x72\x67\x2f\x32\x30\x30\x30\x2f\x73\x76\x67\
\x22\x20\x77\x69\x64\x74\x68\x3d\x22\x33\x32\x70\x78\x22\x20\x68\
\x65\x69\x67\x68\x74\x3d\x22\x33\x32\x70\x78\x22\x20\x76\x69\x65\
\x77\x42\x6f\x78\x3d\x22\x30\x20\x30\x20\x32\x34\x20\x32\x34\x22\
\x20\x61\x72\x69\x61\x2d\x6c\x61\x62\x65\x6c\x6c\x65\x64\x62\x79\
\x3d\x22\x63\x69\x72\x63\x6c\x65\x41\x72\x72\x6f\x77\x44\x6f\x77\
\x6e\x49\x63\x6f\x6e\x54\x69\x74\x6c\x65\x22\x20\x66\x69\x6c\x6c\
\x3d\x22\x6e\x6f\x6e\x65\x22\x20\x73\x74\x72\x6f\x6b\x65\x3d\x22\
\x23\x30\x30\x30\x22\x20\x73\x74\x72\x6f\x6b\x65\x2d\x77\x69\x64\
\x74\x68\x3d\x22\x31\x2e\x35\x22\x20\x73\x74\x72\x6f\x6b\x65\x2d\
\x6c\x69\x6e\x65\x63\x61\x70\x3d\x22\x73\x71\x75\x61\x72\x65\x22\
\x20\x73\x74\x72\x6f\x6b\x65\x2d\x6c\x69\x6e\x65\x6a\x6f\x69\x6e\
\x3d\x22\x6d\x69\x74\x65\x72\x22\x20\x63\x6f\x6c\x6f\x72\x3d\x22\
\x23\x30\x30\x30\x22\x3e\x20\x3c\x74\x69\x74\x6c\x65\x20\x69\x64\
\x3d\x22\x63\x69\x72\x63\x6c\x65\x41\x72\x72\x6f\x77\x44\x6f\x77\
\x6e\x49\x63\x6f\x6e\x54\x69\x74\x6c\x65\x22\x3e\x41\x72\x72\x6f\
\x77\x20\x44\x6f\x77\x6e\x3c\x2f\x74\x69\x74\x6c\x65\x3e\x20\x3c\
\x70\x61\x74\x68\x20\x64\x3d\x22\x4d\x31\x35\x20\x31\x33\x2e\x35\
\x6c\x2d\x33\x20\x33\x2d\x33\x2d\x33\x22\x2f\x3e\x20\x3c\x70\x61\
\x74\x68\x20\x64\x3d\x22\x4d\x31\x32\x20\x31\x35\x56\x37\x2e\x35\
\x22\x2f\x3e\x20\x3c\x70\x61\x74\x68\x20\x73\x74\x72\x6f\x6b\x65\
\x2d\x6c\x69\x6e\x65\x63\x61\x70\x3d\x22\x72\x6f\x75\x6e\x64\x22\
\x20\x64\x3d\x22\x4d\x31\x32\x20\x31\x36\x2e\x35\x56\x31\x35\x76\
\x31\x2e\x35\x7a\x22\x2f\x3e\x20\x3c\x63\x69\x72\x63\x6c\x65\x20\
\x63\x78\x3d\x22\x31\x32\x22\x20\x63\x79\x3d\x22\x31\x32\x22\x20\
\x72\x3d\x22\x31\x30\x22\x2f\x3e\x20\x3c\x2f\x73\x76\x67\x3e\
\x00\x00\x02\x71\
\x3c\
\x73\x76\x67\x20\x72\x6f\x6c\x65\x3d\x22\x69\x6d\x67\x22\x20\x78\
\x6d\x6c\x6e\x73\x3d\x22\x68\x74\x74\x70\x3a\x2f\x2f\x77\x77\x77\
\x2e\x77\x33\x2e\x6f\x72\x67\x2f\x32\x30\x30\x30\x2f\x73\x76\x67\
\x22\x20\x77\x69\x64\x74\x68\x3d\x22\x33\x32\x70\x78\x22\x20\x68\
\x65\x69\x67\x68\x74\x3d\x22\x33\x32\x70\x78\x22\x20\x76\x69\x65\
\x77\x42\x6f\x78\x3d\x22\x30\x20\x30\x20\x32\x34\x20\x32\x34\x22\
\x20\x61\x72\x69\x61\x2d\x6c\x61\x62\x65\x6c\x6c\x65\x64\x62\x79\
\x3d\x22\x68\x6f\x72\x6e\x49\x63\x6f\x6e\x54\x69\x74\x6c\x65\x22\
\x20\x73\x74\x72\x6f\x6b\x65\x3d\x22\x23\x30\x30\x30\x22\x20\x73\
\x74\x72\x6f\x6b\x65\x2d\x77\x69\x64\x74\x68\x3d\x22\x31\x2e\x35\
\x22\x20\x73\x74\x72\x6f\x6b\x65\x2d\x6c\x69\x6e\x65\x63\x61\x70\
\x3d\x22\x73\x71\x75\x61\x72\x65\x22\x20\x73\x74\x72\x6f\x6b\x65\
\x2d\x6c\x69\x6e\x65\x6a\x6f\x69\x6e\x3d\x22\x6d\x69\x74\x65\x72\
\x22\x20\x66\x69\x6c\x6c\x3d\x22\x6e\x6f\x6e\x65\x22\x20\x63\x6f\
\x6c\x6f\x72\x3d\x22\x23\x30\x30\x30\x22\x3e\x20\x3c\x74\x69\x74\
\x6c\x65\x20\x69\x64\x3d\x22\x68\x6f\x72\x6e\x49\x63\x6f\x6e\x54\
\x69\x74\x6c\x65\x22\x3e\x42\x75\x6c\x6c\x68\x6f\x72\x6e\x3c\x2f\
\x74\x69\x74\x6c\x65\x3e\x20\x3c\x70\x61\x74\x68\x20\x73\x74\x72\
\x6f\x6b\x65\x2d\x6c\x69\x6e\x65\x6a\x6f\x69\x6e\x3d\x22\x72\x6f\
\x75\x6e\x64\x22\x20\x64\x3d\x22\x4d\x36\x2e\x35\x2c\x39\x20\x43\
\x38\x2e\x33\x33\x33\x33\x33\x33\x33\x33\x2c\x39\x20\x31\x30\x2e\
\x31\x36\x36\x36\x36\x36\x37\x2c\x39\x20\x31\x32\x2c\x39\x20\x43\
\x31\x34\x2c\x39\x20\x31\x36\x2e\x33\x33\x33\x33\x33\x33\x33\x2c\
\x37\x2e\x33\x33\x33\x33\x33\x33\x33\x33\x20\x31\x39\x2c\x34\x20\
\x4c\x31\x39\x2c\x31\x39\x20\x43\x31\x36\x2e\x33\x33\x33\x33\x33\
\x33\x33\x2c\x31\x35\x2e\x36\x36\x36\x36\x36\x36\x37\x20\x31\x34\
\x2c\x31\x34\x20\x31\x32\x2c\x31\x34\x20\x43\x31\x30\x2e\x31\x36\
\x36\x36\x36\x36\x37\x2c\x31\x34\x20\x38\x2e\x33\x33\x33\x33\x33\
\x33\x33\x33\x2c\x31\x34\x20\x36\x2e\x35\x2c\x31\x34\x20\x4c\x36\
\x2e\x35\x2c\x31\x34\x20\x43\x35\x2e\x31\x31\x39\x32\x38\x38\x31\
\x33\x2c\x31\x34\x20\x34\x2c\x31\x32\x2e\x38\x38\x30\x37\x31\x31\
\x39\x20\x34\x2c\x31\x31\x2e\x35\x20\x4c\x34\x2c\x31\x31\x2e\x35\
\x20\x43\x34\x2c\x31\x30\x2e\x31\x31\x39\x32\x38\x38\x31\x20\x35\
\x2e\x31\x31\x39\x32\x38\x38\x31\x33\x2c\x39\x20\x36\x2e\x35\x2c\
\x39\x20\x5a\x22\x2f\x3e\x20\x3c\x70\x6f\x6c\x79\x67\x6f\x6e\x20\
\x70\x6f\x69\x6e\x74\x73\x3d\x22\x37\x20\x31\x34\x20\x39\x20\x32\
\x30\x20\x31\x33\x20\x32\x30\x20\x31\x31\x20\x31\x34\x22\x2f\x3e\
\x20\x3c\x70\x61\x74\x68\x20\x64\x3d\x22\x4d\x31\x31\x2c\x39\x20\
\x4c\x31\x31\x2c\x31\x34\x22\x2f\x3e\x20\x3c\x2f\x73\x76\x67\x3e\
\
\x00\x00\x01\x90\
\x3c\
\x73\x76\x67\x20\x72\x6f\x6c\x65\x3d\x22\x69\x6d\x67\x22\x20\x78\
\x6d\x6c\x6e\x73\x3d\x22\x68\x74\x74\x70\x3a\x2f\x2f\x77\x77\x77\
\x2e\x77\x33\x2e\x6f\x72\x67\x2f\x32\x30\x30\x30\x2f\x73\x76\x67\
\x22\x20\x77\x69\x64\x74\x68\x3d\x22\x33\x32\x70\x78\x22\x20\x68\
\x65\x69\x67\x68\x74\x3d\x22\x33\x32\x70\x78\x22\x20\x76\x69\x65\
\x77\x42\x6f\x78\x3d\x22\x30\x20\x30\x20\x32\x34\x20\x32\x34\x22\
\x20\x61\x72\x69\x61\x2d\x6c\x61\x62\x65\x6c\x6c\x65\x64\x62\x79\
\x3d\x22\x66\x6c\x61\x67\x49\x63\x6f\x6e\x54\x69\x74\x6c\x65\x22\
\x20\x73\x74\x72\x6f\x6b\x65\x3d\x22\x23\x30\x30\x30\x22\x20\x73\
\x74\x72\x6f\x6b\x65\x2d\x77\x69\x64\x74\x68\x3d\x22\x31\x2e\x35\
\x22\x20\x73\x74\x72\x6f\x6b\x65\x2d\x6c\x69\x6e\x65\x63\x61\x70\
\x3d\x22\x73\x71\x75\x61\x72\x65\x22\x20\x73\x74\x72\x6f\x6b\x65\
\x2d\x6c\x69\x6e\x65\x6a\x6f\x69\x6e\x3d\x22\x6d\x69\x74\x65\x72\
\x22\x20\x66\x69\x6c\x6c\x3d\x22\x6e\x6f\x6e\x65\x22\x20\x63\x6f\
\x6c\x6f\x72\x3d\x22\x23\x30\x30\x30\x22\x3e\x20\x3c\x74\x69\x74\
\x6c\x65\x20\x69\x64\x3d\x22\x66\x6c\x61\x67\x49\x63\x6f\x6e\x54\
\x69\x74\x6c\x65\x22\x3e\x46\x6c\x61\x67\x3c\x2f\x74\x69\x74\x6c\
\x65\x3e\x20\x3c\x70\x61\x74\x68\x20\x64\x3d\x22\x4d\x35\x20\x32\
\x30\x76\x2d\x35\x63\x31\x2e\x33\x33\x33\x2d\x31\x2e\x33\x33\x33\
\x20\x33\x2d\x32\x20\x35\x2d\x32\x20\x33\x20\x30\x20\x34\x20\x32\
\x20\x36\x20\x32\x20\x31\x20\x30\x20\x32\x2d\x2e\x33\x33\x33\x20\
\x33\x2d\x31\x56\x35\x63\x2d\x31\x20\x2e\x36\x36\x37\x2d\x32\x20\
\x31\x2d\x33\x20\x31\x2d\x32\x20\x30\x2d\x33\x2d\x32\x2d\x36\x2d\
\x32\x2d\x32\x20\x30\x2d\x33\x2e\x36\x36\x37\x2e\x36\x36\x37\x2d\
\x35\x20\x32\x76\x39\x22\x2f\x3e\x20\x3c\x2f\x73\x76\x67\x3e\
\x00\x00\x01\xbe\
\x3c\
\x73\x76\x67\x20\x72\x6f\x6c\x65\x3d\x22\x69\x6d\x67\x22\x20\x78\
\x6d\x6c\x6e\x73\x3d\x22\x68\x74\x74\x70\x3a\x2f\x2f\x77\x77\x77\
\x2e\x77\x33\x2e\x6f\x72\x67\x2f\x32\x30\x30\x30\x2f\x73\x76\x67\
\x22\x20\x77\x69\x64\x74\x68\x3d\x22\x33\x32\x70\x78\x22\x20\x68\
\x65\x69\x67\x68\x74\x3d\x22\x33\x32\x70\x78\x22\x20\x76\x69\x65\
\x77\x42\x6f\x78\x3d\x22\x30\x20\x30\x20\x32\x34\x20\x32\x34\x22\
\x20\x61\x72\x69\x61\x2d\x6c\x61\x62\x65\x6c\x6c\x65\x64\x62\x79\
\x3d\x22\x64\x65\x6c\x65\x74\x65\x49\x63\x6f\x6e\x54\x69\x74\x6c\
\x65\x22\x20\x73\x74\x72\x6f\x6b\x65\x3d\x22\x23\x30\x30\x30\x22\
\x20\x73\x74\x72\x6f\x6b\x65\x2d\x77\x69\x64\x74\x68\x3d\x22\x31\
\x2e\x35\x22\x20\x73\x74\x72\x6f\x6b\x65\x2d\x6c\x69\x6e\x65\x63\
\x61\x70\x3d\x22\x73\x71\x75\x61\x72\x65\x22\x20\x73\x74\x72\x6f\
\x6b\x65\x2d\x6c\x69\x6e\x65\x6a\x6f\x69\x6e\x3d\x22\x6d\x69\x74\
\x65\x72\x22\x20\x66\x69\x6c\x6c\x3d\x22\x6e\x6f\x6e\x65\x22\x20\
\x63\x6f\x6c\x6f\x72\x3d\x22\x23\x30\x30\x30\x22\x3e\x20\x3c\x74\
\x69\x74\x6c\x65\x20\x69\x64\x3d\x22\x64\x65\x6c\x65\x74\x65\x49\
\x63\x6f\x6e\x54\x69\x74\x6c\x65\x22\x3e\x44\x65\x6c\x65\x74\x65\
\x20\x28\x42\x61\x63\x6b\x73\x70\x61\x63\x65\x29\x3c\x2f\x74\x69\
\x74\x6c\x65\x3e\x20\x3c\x70\x6f\x6c\x79\x67\x6f\x6e\x20\x70\x6f\
\x69\x6e\x74\x73\x3d\x22\x32\x30\x20\x31\x38\x20\x39\x20\x31\x38\
\x20\x33\x20\x31\x32\x20\x39\x20\x36\x20\x32\x30\x20\x36\x22\x2f\
\x3e\x20\x3c\x70\x61\x74\x68\x20\x64\x3d\x22\x4d\x31\x32\x2e\x31\
\x31\x34\x33\x38\x31\x39\x20\x31\x30\x2e\x31\x31\x34\x33\x38\x31\
\x39\x4c\x31\x35\x2e\x38\x38\x35\x36\x31\x38\x31\x20\x31\x33\x2e\
\x38\x38\x35\x36\x31\x38\x31\x4d\x31\x32\x2e\x31\x31\x34\x33\x38\
\x31\x39\x20\x31\x33\x2e\x38\x38\x35\x36\x31\x38\x31\x4c\x31\x35\
\x2e\x38\x38\x35\x36\x31\x38\x31\x20\x31\x30\x2e\x31\x31\x34\x33\
\x38\x31\x39\x22\x2f\x3e\x20\x3c\x2f\x73\x76\x67\x3e\
\x00\x00\x01\xad\
\x3c\
\x73\x76\x67\x20\x77\x69\x64\x74\x68\x3d\x22\x33\x32\x70\x78\x22\
\x20\x68\x65\x69\x67\x68\x74\x3d\x22\x33\x32\x70\x78\x22\x20\x76\
\x69\x65\x77\x42\x6f\x78\x3d\x22\x30\x20\x30\x20\x32\x34\x20\x32\
\x34\x22\x20\x78\x6d\x6c\x6e\x73\x3d\x22\x68\x74\x74\x70\x3a\x2f\
\x2f\x77\x77\x77\x2e\x77\x33\x2e\x6f\x72\x67\x2f\x32\x30\x30\x30\
\x2f\x73\x76\x67\x22\x20\x61\x72\x69\x61\x2d\x6c\x61\x62\x65\x6c\
\x6c\x65\x64\x62\x79\x3d\x22\x63\x68\x65\x63\x6b\x62\x6f\x78\x49\
\x6e\x74\x65\x72\x6d\x65\x64\x69\x61\x74\x65\x49\x63\x6f\x6e\x54\
\x69\x74\x6c\x65\x22\x20\x73\x74\x72\x6f\x6b\x65\x3d\x22\x23\x30\
\x30\x30\x22\x20\x73\x74\x72\x6f\x6b\x65\x2d\x77\x69\x64\x74\x68\
\x3d\x22\x31\x2e\x35\x22\x20\x73\x74\x72\x6f\x6b\x65\x2d\x6c\x69\
\x6e\x65\x63\x61\x70\x3d\x22\x73\x71\x75\x61\x72\x65\x22\x20\x73\
\x74\x72\x6f\x6b\x65\x2d\x6c\x69\x6e\x65\x6a\x6f\x69\x6e\x3d\x22\
\x6d\x69\x74\x65\x72\x22\x20\x66\x69\x6c\x6c\x3d\x22\x6e\x6f\x6e\
\x65\x22\x20\x63\x6f\x6c\x6f\x72\x3d\x22\x23\x30\x30\x30\x22\x3e\
\x20\x3c\x74\x69\x74\x6c\x65\x20\x69\x64\x3d\x22\x63\x68\x65\x63\
\x6b\x62\x6f\x78\x49\x6e\x74\x65\x72\x6d\x65\x64\x69\x61\x74\x65\
\x49\x63\x6f\x6e\x54\x69\x74\x6c\x65\x22\x3e\x43\x68\x65\x63\x6b\
\x62\x6f\x78\x20\x69\x6e\x20\x69\x6e\x74\x65\x72\x6d\x65\x64\x69\
\x61\x74\x65\x20\x73\x74\x61\x74\x65\x3c\x2f\x74\x69\x74\x6c\x65\
\x3e\x20\x3c\x72\x65\x63\x74\x20\x78\x3d\x22\x32\x31\x22\x20\x79\
\x3d\x22\x33\x22\x20\x77\x69\x64\x74\x68\x3d\x22\x31\x38\x22\x20\
\x68\x65\x69\x67\x68\x74\x3d\x22\x31\x38\x22\x20\x72\x78\x3d\x22\
\x31\x22\x20\x74\x72\x61\x6e\x73\x66\x6f\x72\x6d\x3d\x22\x72\x6f\
\x74\x61\x74\x65\x28\x39\x30\x20\x32\x31\x20\x33\x29\x22\x2f\x3e\
\x20\x3c\x70\x61\x74\x68\x20\x64\x3d\x22\x4d\x31\x36\x20\x31\x32\
\x48\x38\x22\x2f\x3e\x20\x3c\x2f\x73\x76\x67\x3e\
\x00\x00\x01\x84\
\x3c\
\x73\x76\x67\x20\x72\x6f\x6c\x65\x3d\x22\x69\x6d\x67\x22\x20\x78\
\x6d\x6c\x6e\x73\x3d\x22\x68\x74\x74\x70\x3a\x2f\x2f\x77\x77\x77\
\x2e\x77\x33\x2e\x6f\x72\x67\x2f\x32\x30\x30\x30\x2f\x73\x76\x67\
\x22\x20\x77\x69\x64\x74\x68\x3d\x22\x33\x32\x70\x78\x22\x20\x68\
\x65\x69\x67\x68\x74\x3d\x22\x33\x32\x70\x78\x22\x20\x76\x69\x65\
\x77\x42\x6f\x78\x3d\x22\x30\x20\x30\x20\x32\x34\x20\x32\x34\x22\
\x20\x61\x72\x69\x61\x2d\x6c\x61\x62\x65\x6c\x6c\x65\x64\x62\x79\
\x3d\x22\x63\x68\x65\x76\x72\x6f\x6e\x73\x55\x70\x49\x63\x6f\x6e\
\x54\x69\x74\x6c\x65\x22\x20\x73\x74\x72\x6f\x6b\x65\x3d\x22\x23\
\x30\x30\x30\x22\x20\x73\x74\x72\x6f\x6b\x65\x2d\x77\x69\x64\x74\
\x68\x3d\x22\x31\x2e\x35\x22\x20\x73\x74\x72\x6f\x6b\x65\x2d\x6c\
\x69\x6e\x65\x63\x61\x70\x3d\x22\x73\x71\x75\x61\x72\x65\x22\x20\
\x73\x74\x72\x6f\x6b\x65\x2d\x6c\x69\x6e\x65\x6a\x6f\x69\x6e\x3d\
\x22\x6d\x69\x74\x65\x72\x22\x20\x66\x69\x6c\x6c\x3d\x22\x6e\x6f\
\x6e\x65\x22\x20\x63\x6f\x6c\x6f\x72\x3d\x22\x23\x30\x30\x30\x22\
\x3e\x20\x3c\x74\x69\x74\x6c\x65\x20\x69\x64\x3d\x22\x63\x68\x65\
\x76\x72\x6f\x6e\x73\x55\x70\x49\x63\x6f\x6e\x54\x69\x74\x6c\x65\
\x22\x3e\x43\x68\x65\x76\x72\x6f\x6e\x73\x20\x55\x70\x3c\x2f\x74\
\x69\x74\x6c\x65\x3e\x20\x3c\x70\x6f\x6c\x79\x6c\x69\x6e\x65\x20\
\x70\x6f\x69\x6e\x74\x73\x3d\x22\x37\x20\x31\x31\x20\x31\x32\x20\
\x36\x20\x31\x37\x20\x31\x31\x20\x31\x37\x20\x31\x31\x22\x2f\x3e\
\x20\x3c\x70\x6f\x6c\x79\x6c\x69\x6e\x65\x20\x70\x6f\x69\x6e\x74\
\x73\x3d\x22\x37\x20\x31\x37\x20\x31\x32\x20\x31\x32\x20\x31\x37\
\x20\x31\x37\x20\x31\x37\x20\x31\x37\x22\x2f\x3e\x20\x3c\x2f\x73\
\x76\x67\x3e\
\x00\x00\x03\x9b\
\x3c\
\x73\x76\x67\x20\x72\x6f\x6c\x65\x3d\x22\x69\x6d\x67\x22\x20\x78\
\x6d\x6c\x6e\x73\x3d\x22\x68\x74\x74\x70\x3a\x2f\x2f\x77\x77\x77\
\x2e\x77\x33\x2e\x6f\x72\x67\x2f\x32\x30\x30\x30\x2f\x73\x76\x67\
\x22\x20\x77\x69\x64\x74\x68\x3d\x22\x33\x32\x70\x78\x22\x20\x68\
\x65\x69\x67\x68\x74\x3d\x22\x33\x32\x70\x78\x22\x20\x76\x69\x65\
\x77\x42\x6f\x78\x3d\x22\x30\x20\x30\x20\x32\x34\x20\x32\x34\x22\
\x20\x61\x72\x69\x61\x2d\x6c\x61\x62\x65\x6c\x6c\x65\x64\x62\x79\
\x3d\x22\x6d\x75\x73\x69\x63\x49\x63\x6f\x6e\x54\x69\x74\x6c\x65\
\x22\x20\x73\x74\x72\x6f\x6b\x65\x3d\x22\x23\x30\x30\x30\x22\x20\
\x73\x74\x72\x6f\x6b\x65\x2d\x77\x69\x64\x74\x68\x3d\x22\x31\x2e\
\x35\x22\x20\x73\x74\x72\x6f\x6b\x65\x2d\x6c\x69\x6e\x65\x63\x61\
\x70\x3d\x22\x73\x71\x75\x61\x72\x65\x22\x20\x73\x74\x72\x6f\x6b\
\x65\x2d\x6c\x69\x6e\x65\x6a\x6f\x69\x6e\x3d\x22\x6d\x69\x74\x65\
\x72\x22\x20\x66\x69\x6c\x6c\x3d\x22\x6e\x6f\x6e\x65\x22\x20\x63\
\x6f\x6c\x6f\x72\x3d\x22\x23\x30\x30\x30\x22\x3e\x20\x3c\x74\x69\
\x74\x6c\x65\x20\x69\x64\x3d\x22\x6d\x75\x73\x69\x63\x49\x63\x6f\
\x6e\x54\x69\x74\x6c\x65\x22\x3e\x4d\x75\x73\x69\x63\x3c\x2f\x74\
\x69\x74\x6c\x65\x3e\x20\x3c\x70\x6f\x6c\x79\x6c\x69\x6e\x65\x20\
\x73\x74\x72\x6f\x6b\x65\x2d\x6c\x69\x6e\x65\x63\x61\x70\x3d\x22\
\x72\x6f\x75\x6e\x64\x22\x20\x70\x6f\x69\x6e\x74\x73\x3d\x22\x38\
\x20\x31\x38\x20\x38\x20\x36\x20\x32\x30\x20\x33\x20\x32\x30\x20\
\x31\x36\x22\x2f\x3e\x20\x3c\x70\x61\x74\x68\x20\x64\x3d\x22\x4d\
\x35\x2e\x39\x34\x37\x30\x38\x32\x32\x20\x32\x30\x2e\x35\x31\x30\
\x34\x38\x36\x33\x43\x34\x2e\x34\x37\x39\x34\x31\x37\x33\x33\x20\
\x32\x31\x2e\x30\x34\x34\x36\x37\x32\x37\x20\x33\x2e\x30\x30\x30\
\x39\x34\x34\x31\x35\x20\x32\x30\x2e\x36\x38\x34\x35\x33\x31\x33\
\x20\x32\x2e\x36\x34\x34\x38\x31\x39\x39\x34\x20\x31\x39\x2e\x37\
\x30\x36\x30\x38\x38\x20\x32\x2e\x32\x38\x38\x36\x39\x35\x37\x32\
\x20\x31\x38\x2e\x37\x32\x37\x36\x34\x34\x38\x20\x33\x2e\x31\x38\
\x39\x37\x37\x37\x34\x36\x20\x31\x37\x2e\x35\x30\x31\x34\x31\x36\
\x32\x20\x34\x2e\x36\x35\x37\x34\x34\x32\x33\x33\x20\x31\x36\x2e\
\x39\x36\x37\x32\x32\x39\x39\x20\x36\x2e\x31\x32\x35\x31\x30\x37\
\x32\x20\x31\x36\x2e\x34\x33\x33\x30\x34\x33\x36\x20\x37\x2e\x36\
\x30\x33\x35\x38\x30\x33\x37\x20\x31\x36\x2e\x37\x39\x33\x31\x38\
\x35\x20\x37\x2e\x39\x35\x39\x37\x30\x34\x35\x39\x20\x31\x37\x2e\
\x37\x37\x31\x36\x32\x38\x32\x20\x38\x2e\x33\x31\x35\x38\x32\x38\
\x38\x31\x20\x31\x38\x2e\x37\x35\x30\x30\x37\x31\x35\x20\x37\x2e\
\x34\x31\x34\x37\x34\x37\x30\x37\x20\x31\x39\x2e\x39\x37\x36\x33\
\x20\x35\x2e\x39\x34\x37\x30\x38\x32\x32\x20\x32\x30\x2e\x35\x31\
\x30\x34\x38\x36\x33\x7a\x4d\x31\x37\x2e\x39\x34\x37\x30\x38\x32\
\x32\x20\x31\x38\x2e\x35\x31\x30\x34\x38\x36\x33\x43\x31\x36\x2e\
\x34\x37\x39\x34\x31\x37\x33\x20\x31\x39\x2e\x30\x34\x34\x36\x37\
\x32\x37\x20\x31\x35\x2e\x30\x30\x30\x39\x34\x34\x32\x20\x31\x38\
\x2e\x36\x38\x34\x35\x33\x31\x33\x20\x31\x34\x2e\x36\x34\x34\x38\
\x31\x39\x39\x20\x31\x37\x2e\x37\x30\x36\x30\x38\x38\x20\x31\x34\
\x2e\x32\x38\x38\x36\x39\x35\x37\x20\x31\x36\x2e\x37\x32\x37\x36\
\x34\x34\x38\x20\x31\x35\x2e\x31\x38\x39\x37\x37\x37\x35\x20\x31\
\x35\x2e\x35\x30\x31\x34\x31\x36\x32\x20\x31\x36\x2e\x36\x35\x37\
\x34\x34\x32\x33\x20\x31\x34\x2e\x39\x36\x37\x32\x32\x39\x39\x20\
\x31\x38\x2e\x31\x32\x35\x31\x30\x37\x32\x20\x31\x34\x2e\x34\x33\
\x33\x30\x34\x33\x36\x20\x31\x39\x2e\x36\x30\x33\x35\x38\x30\x34\
\x20\x31\x34\x2e\x37\x39\x33\x31\x38\x35\x20\x31\x39\x2e\x39\x35\
\x39\x37\x30\x34\x36\x20\x31\x35\x2e\x37\x37\x31\x36\x32\x38\x32\
\x20\x32\x30\x2e\x33\x31\x35\x38\x32\x38\x38\x20\x31\x36\x2e\x37\
\x35\x30\x30\x37\x31\x35\x20\x31\x39\x2e\x34\x31\x34\x37\x34\x37\
\x31\x20\x31\x37\x2e\x39\x37\x36\x33\x20\x31\x37\x2e\x39\x34\x37\
\x30\x38\x32\x32\x20\x31\x38\x2e\x35\x31\x30\x34\x38\x36\x33\x7a\
\x22\x2f\x3e\x20\x3c\x2f\x73\x76\x67\x3e\
\x00\x00\x01\xd3\
\x3c\
\x73\x76\x67\x20\x72\x6f\x6c\x65\x3d\x22\x69\x6d\x67\x22\x20\x78\
\x6d\x6c\x6e\x73\x3d\x22\x68\x74\x74\x70\x3a\x2f\x2f\x77\x77\x77\
\x2e\x77\x33\x2e\x6f\x72\x67\x2f\x32\x30\x30\x30\x2f\x73\x76\x67\
\x22\x20\x77\x69\x64\x74\x68\x3d\x22\x33\x32\x70\x78\x22\x20\x68\
\x65\x69\x67\x68\x74\x3d\x22\x33\x32\x70\x78\x22\x20\x76\x69\x65\
\x77\x42\x6f\x78\x3d\x22\x30\x20\x30\x20\x32\x34\x20\x32\x34\x22\
\x20\x61\x72\x69\x61\x2d\x6c\x61\x62\x65\x6c\x6c\x65\x64\x62\x79\
\x3d\x22\x69\x6d\x61\x67\x65\x49\x63\x6f\x6e\x54\x69\x74\x6c\x65\
\x22\x20\x73\x74\x72\x6f\x6b\x65\x3d\x22\x23\x30\x30\x30\x22\x20\
\x73\x74\x72\x6f\x6b\x65\x2d\x77\x69\x64\x74\x68\x3d\x22\x31\x2e\
\x35\x22\x20\x73\x74\x72\x6f\x6b\x65\x2d\x6c\x69\x6e\x65\x63\x61\
\x70\x3d\x22\x73\x71\x75\x61\x72\x65\x22\x20\x73\x74\x72\x6f\x6b\
\x65\x2d\x6c\x69\x6e\x65\x6a\x6f\x69\x6e\x3d\x22\x6d\x69\x74\x65\
\x72\x22\x20\x66\x69\x6c\x6c\x3d\x22\x6e\x6f\x6e\x65\x22\x20\x63\
\x6f\x6c\x6f\x72\x3d\x22\x23\x30\x30\x30\x22\x3e\x20\x3c\x74\x69\
\x74\x6c\x65\x20\x69\x64\x3d\x22\x69\x6d\x61\x67\x65\x49\x63\x6f\
\x6e\x54\x69\x74\x6c\x65\x22\x3e\x49\x6d\x61\x67\x65\x3c\x2f\x74\
\x69\x74\x6c\x65\x3e\x20\x3c\x72\x65\x63\x74\x20\x77\x69\x64\x74\
\x68\x3d\x22\x31\x38\x22\x20\x68\x65\x69\x67\x68\x74\x3d\x22\x31\
\x38\x22\x20\x78\x3d\x22\x33\x22\x20\x79\x3d\x22\x33\x22\x2f\x3e\
\x20\x3c\x70\x61\x74\x68\x20\x73\x74\x72\x6f\x6b\x65\x2d\x6c\x69\
\x6e\x65\x63\x61\x70\x3d\x22\x72\x6f\x75\x6e\x64\x22\x20\x64\x3d\
\x22\x4d\x33\x20\x31\x34\x6c\x34\x2d\x34\x20\x31\x31\x20\x31\x31\
\x22\x2f\x3e\x20\x3c\x63\x69\x72\x63\x6c\x65\x20\x63\x78\x3d\x22\
\x31\x33\x2e\x35\x22\x20\x63\x79\x3d\x22\x37\x2e\x35\x22\x20\x72\
\x3d\x22\x32\x2e\x35\x22\x2f\x3e\x20\x3c\x70\x61\x74\x68\x20\x73\
\x74\x72\x6f\x6b\x65\x2d\x6c\x69\x6e\x65\x63\x61\x70\x3d\x22\x72\
\x6f\x75\x6e\x64\x22\x20\x64\x3d\x22\x4d\x31\x33\x2e\x35\x20\x31\
\x36\x2e\x35\x4c\x32\x31\x20\x39\x22\x2f\x3e\x20\x3c\x2f\x73\x76\
\x67\x3e\
\x00\x00\x01\xb0\
\x3c\
\x73\x76\x67\x20\x77\x69\x64\x74\x68\x3d\x22\x33\x32\x70\x78\x22\
\x20\x68\x65\x69\x67\x68\x74\x3d\x22\x33\x32\x70\x78\x22\x20\x76\
\x69\x65\x77\x42\x6f\x78\x3d\x22\x30\x20\x30\x20\x32\x34\x20\x32\
\x34\x22\x20\x78\x6d\x6c\x6e\x73\x3d\x22\x68\x74\x74\x70\x3a\x2f\
\x2f\x77\x77\x77\x2e\x77\x33\x2e\x6f\x72\x67\x2f\x32\x30\x30\x30\
\x2f\x73\x76\x67\x22\x20\x61\x72\x69\x61\x2d\x6c\x61\x62\x65\x6c\
\x6c\x65\x64\x62\x79\x3d\x22\x74\x61\x62\x6c\x65\x48\x6f\x72\x69\
\x7a\x6f\x6e\x74\x61\x6c\x49\x63\x6f\x6e\x54\x69\x74\x6c\x65\x22\
\x20\x73\x74\x72\x6f\x6b\x65\x3d\x22\x23\x30\x30\x30\x22\x20\x73\
\x74\x72\x6f\x6b\x65\x2d\x77\x69\x64\x74\x68\x3d\x22\x31\x2e\x35\
\x22\x20\x73\x74\x72\x6f\x6b\x65\x2d\x6c\x69\x6e\x65\x63\x61\x70\
\x3d\x22\x73\x71\x75\x61\x72\x65\x22\x20\x73\x74\x72\x6f\x6b\x65\
\x2d\x6c\x69\x6e\x65\x6a\x6f\x69\x6e\x3d\x22\x6d\x69\x74\x65\x72\
\x22\x20\x66\x69\x6c\x6c\x3d\x22\x6e\x6f\x6e\x65\x22\x20\x63\x6f\
\x6c\x6f\x72\x3d\x22\x23\x30\x30\x30\x22\x3e\x20\x3c\x74\x69\x74\
\x6c\x65\x20\x69\x64\x3d\x22\x74\x61\x62\x6c\x65\x48\x6f\x72\x69\
\x7a\x6f\x6e\x74\x61\x6c\x49\x63\x6f\x6e\x54\x69\x74\x6c\x65\x22\
\x3e\x44\x61\x74\x61\x20\x74\x61\x62\x6c\x65\x3c\x2f\x74\x69\x74\
\x6c\x65\x3e\x20\x3c\x70\x61\x74\x68\x20\x64\x3d\x22\x4d\x32\x32\
\x20\x34\x56\x31\x39\x48\x32\x4c\x32\x20\x34\x4c\x32\x32\x20\x34\
\x5a\x22\x2f\x3e\x20\x3c\x6c\x69\x6e\x65\x20\x78\x31\x3d\x22\x32\
\x32\x22\x20\x79\x31\x3d\x22\x39\x22\x20\x78\x32\x3d\x22\x32\x22\
\x20\x79\x32\x3d\x22\x39\x22\x2f\x3e\x20\x3c\x6c\x69\x6e\x65\x20\
\x78\x31\x3d\x22\x32\x32\x22\x20\x79\x31\x3d\x22\x31\x34\x22\x20\
\x78\x32\x3d\x22\x32\x22\x20\x79\x32\x3d\x22\x31\x34\x22\x2f\x3e\
\x20\x3c\x70\x61\x74\x68\x20\x64\x3d\x22\x4d\x31\x32\x20\x31\x39\
\x4c\x31\x32\x20\x34\x22\x2f\x3e\x20\x3c\x2f\x73\x76\x67\x3e\
\x00\x00\x01\xd9\
\x3c\
\x73\x76\x67\x20\x72\x6f\x6c\x65\x3d\x22\x69\x6d\x67\x22\x20\x78\
\x6d\x6c\x6e\x73\x3d\x22\x68\x74\x74\x70\x3a\x2f\x2f\x77\x77\x77\
\x2e\x77\x33\x2e\x6f\x72\x67\x2f\x32\x30\x30\x30\x2f\x73\x76\x67\
\x22\x20\x77\x69\x64\x74\x68\x3d\x22\x33\x32\x70\x78\x22\x20\x68\
\x65\x69\x67\x68\x74\x3d\x22\x33\x32\x70\x78\x22\x20\x76\x69\x65\
\x77\x42\x6f\x78\x3d\x22\x30\x20\x30\x20\x32\x34\x20\x32\x34\x22\
\x20\x61\x72\x69\x61\x2d\x6c\x61\x62\x65\x6c\x6c\x65\x64\x62\x79\
\x3d\x22\x72\x65\x73\x74\x61\x75\x72\x61\x6e\x74\x49\x63\x6f\x6e\
\x54\x69\x74\x6c\x65\x22\x20\x73\x74\x72\x6f\x6b\x65\x3d\x22\x23\
\x30\x30\x30\x22\x20\x73\x74\x72\x6f\x6b\x65\x2d\x77\x69\x64\x74\
\x68\x3d\x22\x31\x2e\x35\x22\x20\x73\x74\x72\x6f\x6b\x65\x2d\x6c\
\x69\x6e\x65\x63\x61\x70\x3d\x22\x73\x71\x75\x61\x72\x65\x22\x20\
\x73\x74\x72\x6f\x6b\x65\x2d\x6c\x69\x6e\x65\x6a\x6f\x69\x6e\x3d\
\x22\x6d\x69\x74\x65\x72\x22\x20\x66\x69\x6c\x6c\x3d\x22\x6e\x6f\
\x6e\x65\x22\x20\x63\x6f\x6c\x6f\x72\x3d\x22\x23\x30\x30\x30\x22\
\x3e\x20\x3c\x74\x69\x74\x6c\x65\x20\x69\x64\x3d\x22\x72\x65\x73\
\x74\x61\x75\x72\x61\x6e\x74\x49\x63\x6f\x6e\x54\x69\x74\x6c\x65\
\x22\x3e\x52\x65\x73\x74\x61\x75\x72\x61\x6e\x74\x3c\x2f\x74\x69\
\x74\x6c\x65\x3e\x20\x3c\x70\x61\x74\x68\x20\x64\x3d\x22\x4d\x38\
\x20\x34\x4c\x38\x20\x32\x30\x4d\x31\x38\x20\x31\x32\x43\x31\x36\
\x20\x31\x31\x2e\x33\x33\x33\x33\x33\x33\x33\x20\x31\x35\x20\x31\
\x30\x20\x31\x35\x20\x38\x20\x31\x35\x20\x36\x20\x31\x36\x20\x34\
\x2e\x36\x36\x36\x36\x36\x36\x36\x37\x20\x31\x38\x20\x34\x4c\x31\
\x38\x20\x32\x30\x20\x31\x38\x20\x31\x32\x7a\x4d\x35\x20\x34\x4c\
\x35\x20\x37\x43\x35\x20\x38\x2e\x36\x35\x36\x38\x35\x34\x32\x35\
\x20\x36\x2e\x33\x34\x33\x31\x34\x35\x37\x35\x20\x31\x30\x20\x38\
\x20\x31\x30\x4c\x38\x20\x31\x30\x43\x39\x2e\x36\x35\x36\x38\x35\
\x34\x32\x35\x20\x31\x30\x20\x31\x31\x20\x38\x2e\x36\x35\x36\x38\
\x35\x34\x32\x35\x20\x31\x31\x20\x37\x4c\x31\x31\x20\x34\x22\x2f\
\x3e\x20\x3c\x2f\x73\x76\x67\x3e\
\x00\x00\x01\xb7\
\x3c\
\x73\x76\x67\x20\x72\x6f\x6c\x65\x3d\x22\x69\x6d\x67\x22\x20\x78\
\x6d\x6c\x6e\x73\x3d\x22\x68\x74\x74\x70\x3a\x2f\x2f\x77\x77\x77\
\x2e\x77\x33\x2e\x6f\x72\x67\x2f\x32\x30\x30\x30\x2f\x73\x76\x67\
\x22\x20\x77\x69\x64\x74\x68\x3d\x22\x33\x32\x70\x78\x22\x20\x68\
\x65\x69\x67\x68\x74\x3d\x22\x33\x32\x70\x78\x22\x20\x76\x69\x65\
\x77\x42\x6f\x78\x3d\x22\x30\x20\x30\x20\x32\x34\x20\x32\x34\x22\
\x20\x61\x72\x69\x61\x2d\x6c\x61\x62\x65\x6c\x6c\x65\x64\x62\x79\
\x3d\x22\x62\x69\x6e\x49\x63\x6f\x6e\x54\x69\x74\x6c\x65\x22\x20\
\x73\x74\x72\x6f\x6b\x65\x3d\x22\x23\x30\x30\x30\x22\x20\x73\x74\
\x72\x6f\x6b\x65\x2d\x77\x69\x64\x74\x68\x3d\x22\x31\x2e\x35\x22\
\x20\x73\x74\x72\x6f\x6b\x65\x2d\x6c\x69\x6e\x65\x63\x61\x70\x3d\
\x22\x73\x71\x75\x61\x72\x65\x22\x20\x73\x74\x72\x6f\x6b\x65\x2d\
\x6c\x69\x6e\x65\x6a\x6f\x69\x6e\x3d\x22\x6d\x69\x74\x65\x72\x22\
\x20\x66\x69\x6c\x6c\x3d\x22\x6e\x6f\x6e\x65\x22\x20\x63\x6f\x6c\
\x6f\x72\x3d\x22\x23\x30\x30\x30\x22\x3e\x20\x3c\x74\x69\x74\x6c\
\x65\x20\x69\x64\x3d\x22\x62\x69\x6e\x49\x63\x6f\x6e\x54\x69\x74\
\x6c\x65\x22\x3e\x42\x69\x6e\x3c\x2f\x74\x69\x74\x6c\x65\x3e\x20\
\x3c\x70\x61\x74\x68\x20\x64\x3d\x22\x4d\x31\x39\x20\x36\x4c\x35\
\x20\x36\x4d\x31\x34\x20\x35\x4c\x31\x30\x20\x35\x4d\x36\x20\x31\
\x30\x4c\x36\x20\x32\x30\x43\x36\x20\x32\x30\x2e\x36\x36\x36\x36\
\x36\x36\x37\x20\x36\x2e\x33\x33\x33\x33\x33\x33\x33\x33\x20\x32\
\x31\x20\x37\x20\x32\x31\x20\x37\x2e\x36\x36\x36\x36\x36\x36\x36\
\x37\x20\x32\x31\x20\x31\x31\x20\x32\x31\x20\x31\x37\x20\x32\x31\
\x20\x31\x37\x2e\x36\x36\x36\x36\x36\x36\x37\x20\x32\x31\x20\x31\
\x38\x20\x32\x30\x2e\x36\x36\x36\x36\x36\x36\x37\x20\x31\x38\x20\
\x32\x30\x20\x31\x38\x20\x31\x39\x2e\x33\x33\x33\x33\x33\x33\x33\
\x20\x31\x38\x20\x31\x36\x20\x31\x38\x20\x31\x30\x22\x2f\x3e\x20\
\x3c\x2f\x73\x76\x67\x3e\
\x00\x00\x01\x58\
\x3c\
\x73\x76\x67\x20\x72\x6f\x6c\x65\x3d\x22\x69\x6d\x67\x22\x20\x78\
\x6d\x6c\x6e\x73\x3d\x22\x68\x74\x74\x70\x3a\x2f\x2f\x77\x77\x77\
\x2e\x77\x33\x2e\x6f\x72\x67\x2f\x32\x30\x30\x30\x2f\x73\x76\x67\
\x22\x20\x77\x69\x64\x74\x68\x3d\x22\x33\x32\x70\x78\x22\x20\x68\
\x65\x69\x67\x68\x74\x3d\x22\x33\x32\x70\x78\x22\x20\x76\x69\x65\
\x77\x42\x6f\x78\x3d\x22\x30\x20\x30\x20\x32\x34\x20\x32\x34\x22\
\x20\x61\x72\x69\x61\x2d\x6c\x61\x62\x65\x6c\x6c\x65\x64\x62\x79\
\x3d\x22\x62\x61\x63\x6b\x49\x63\x6f\x6e\x54\x69\x74\x6c\x65\x22\
\x20\x73\x74\x72\x6f\x6b\x65\x3d\x22\x23\x30\x30\x30\x22\x20\x73\
\x74\x72\x6f\x6b\x65\x2d\x77\x69\x64\x74\x68\x3d\x22\x31\x2e\x35\
\x22\x20\x73\x74\x72\x6f\x6b\x65\x2d\x6c\x69\x6e\x65\x63\x61\x70\
\x3d\x22\x73\x71\x75\x61\x72\x65\x22\x20\x73\x74\x72\x6f\x6b\x65\
\x2d\x6c\x69\x6e\x65\x6a\x6f\x69\x6e\x3d\x22\x6d\x69\x74\x65\x72\
\x22\x20\x66\x69\x6c\x6c\x3d\x22\x6e\x6f\x6e\x65\x22\x20\x63\x6f\
\x6c\x6f\x72\x3d\x22\x23\x30\x30\x30\x22\x3e\x20\x3c\x74\x69\x74\
\x6c\x65\x20\x69\x64\x3d\x22\x62\x61\x63\x6b\x49\x63\x6f\x6e\x54\
\x69\x74\x6c\x65\x22\x3e\x42\x61\x63\x6b\x77\x61\x72\x64\x73\x3c\
\x2f\x74\x69\x74\x6c\x65\x3e\x20\x3c\x70\x61\x74\x68\x20\x64\x3d\
\x22\x4d\x31\x34\x20\x31\x34\x2e\x37\x34\x4c\x32\x31\x20\x31\x39\
\x56\x35\x6c\x2d\x37\x20\x34\x2e\x32\x36\x56\x35\x4c\x32\x20\x31\
\x32\x6c\x31\x32\x20\x37\x76\x2d\x34\x2e\x32\x36\x7a\x22\x2f\x3e\
\x20\x3c\x2f\x73\x76\x67\x3e\
\x00\x00\x01\xc1\
\x3c\
\x73\x76\x67\x20\x77\x69\x64\x74\x68\x3d\x22\x33\x32\x70\x78\x22\
\x20\x68\x65\x69\x67\x68\x74\x3d\x22\x33\x32\x70\x78\x22\x20\x76\
\x69\x65\x77\x42\x6f\x78\x3d\x22\x30\x20\x30\x20\x32\x34\x20\x32\
\x34\x22\x20\x66\x69\x6c\x6c\x3d\x22\x6e\x6f\x6e\x65\x22\x20\x78\
\x6d\x6c\x6e\x73\x3d\x22\x68\x74\x74\x70\x3a\x2f\x2f\x77\x77\x77\
\x2e\x77\x33\x2e\x6f\x72\x67\x2f\x32\x30\x30\x30\x2f\x73\x76\x67\
\x22\x20\x61\x72\x69\x61\x2d\x6c\x61\x62\x65\x6c\x6c\x65\x64\x62\
\x79\x3d\x22\x70\x72\x65\x73\x65\x6e\x74\x61\x74\x69\x6f\x6e\x49\
\x63\x6f\x6e\x54\x69\x74\x6c\x65\x22\x20\x73\x74\x72\x6f\x6b\x65\
\x3d\x22\x23\x30\x30\x30\x22\x20\x73\x74\x72\x6f\x6b\x65\x2d\x77\
\x69\x64\x74\x68\x3d\x22\x31\x2e\x35\x22\x20\x73\x74\x72\x6f\x6b\
\x65\x2d\x6c\x69\x6e\x65\x63\x61\x70\x3d\x22\x73\x71\x75\x61\x72\
\x65\x22\x20\x73\x74\x72\x6f\x6b\x65\x2d\x6c\x69\x6e\x65\x6a\x6f\
\x69\x6e\x3d\x22\x6d\x69\x74\x65\x72\x22\x20\x63\x6f\x6c\x6f\x72\
\x3d\x22\x23\x30\x30\x30\x22\x3e\x20\x3c\x74\x69\x74\x6c\x65\x20\
\x69\x64\x3d\x22\x70\x72\x65\x73\x65\x6e\x74\x61\x74\x69\x6f\x6e\
\x49\x63\x6f\x6e\x54\x69\x74\x6c\x65\x22\x3e\x50\x72\x65\x73\x65\
\x6e\x74\x61\x74\x69\x6f\x6e\x3c\x2f\x74\x69\x74\x6c\x65\x3e\x20\
\x3c\x72\x65\x63\x74\x20\x78\x3d\x22\x36\x22\x20\x79\x3d\x22\x38\
\x22\x20\x77\x69\x64\x74\x68\x3d\x22\x31\x32\x22\x20\x68\x65\x69\
\x67\x68\x74\x3d\x22\x37\x22\x2f\x3e\x20\x3c\x70\x61\x74\x68\x20\
\x64\x3d\x22\x4d\x36\x20\x35\x48\x31\x32\x4d\x31\x38\x20\x35\x48\
\x31\x32\x4d\x31\x32\x20\x35\x56\x34\x22\x2f\x3e\x20\x3c\x70\x61\
\x74\x68\x20\x64\x3d\x22\x4d\x36\x20\x31\x38\x48\x38\x4d\x31\x38\
\x20\x31\x38\x48\x31\x36\x4d\x31\x32\x20\x31\x38\x56\x32\x31\x4d\
\x31\x32\x20\x31\x38\x48\x38\x4d\x31\x32\x20\x31\x38\x48\x31\x36\
\x4d\x38\x20\x31\x38\x4c\x36\x20\x32\x31\x4d\x31\x36\x20\x31\x38\
\x4c\x31\x38\x20\x32\x31\x22\x2f\x3e\x20\x3c\x2f\x73\x76\x67\x3e\
\
\x00\x00\x01\x97\
\x3c\
\x73\x76\x67\x20\x72\x6f\x6c\x65\x3d\x22\x69\x6d\x67\x22\x20\x78\
\x6d\x6c\x6e\x73\x3d\x22\x68\x74\x74\x70\x3a\x2f\x2f\x77\x77\x77\
\x2e\x77\x33\x2e\x6f\x72\x67\x2f\x32\x30\x30\x30\x2f\x73\x76\x67\
\x22\x20\x77\x69\x64\x74\x68\x3d\x22\x33\x32\x70\x78\x22\x20\x68\
\x65\x69\x67\x68\x74\x3d\x22\x33\x32\x70\x78\x22\x20\x76\x69\x65\
\x77\x42\x6f\x78\x3d\x22\x30\x20\x30\x20\x32\x34\x20\x32\x34\x22\
\x20\x61\x72\x69\x61\x2d\x6c\x61\x62\x65\x6c\x6c\x65\x64\x62\x79\
\x3d\x22\x73\x70\x61\x6d\x49\x63\x6f\x6e\x54\x69\x74\x6c\x65\x22\
\x20\x73\x74\x72\x6f\x6b\x65\x3d\x22\x23\x30\x30\x30\x22\x20\x73\
\x74\x72\x6f\x6b\x65\x2d\x77\x69\x64\x74\x68\x3d\x22\x31\x2e\x35\
\x22\x20\x73\x74\x72\x6f\x6b\x65\x2d\x6c\x69\x6e\x65\x63\x61\x70\
\x3d\x22\x73\x71\x75\x61\x72\x65\x22\x20\x73\x74\x72\x6f\x6b\x65\
\x2d\x6c\x69\x6e\x65\x6a\x6f\x69\x6e\x3d\x22\x6d\x69\x74\x65\x72\
\x22\x20\x66\x69\x6c\x6c\x3d\x22\x6e\x6f\x6e\x65\x22\x20\x63\x6f\
\x6c\x6f\x72\x3d\x22\x23\x30\x30\x30\x22\x3e\x20\x3c\x74\x69\x74\
\x6c\x65\x20\x69\x64\x3d\x22\x73\x70\x61\x6d\x49\x63\x6f\x6e\x54\
\x69\x74\x6c\x65\x22\x3e\x53\x70\x61\x6d\x3c\x2f\x74\x69\x74\x6c\
\x65\x3e\x20\x3c\x70\x6f\x6c\x79\x67\x6f\x6e\x20\x70\x6f\x69\x6e\
\x74\x73\x3d\x22\x31\x36\x20\x33\x20\x32\x31\x20\x38\x20\x32\x31\
\x20\x31\x36\x20\x31\x36\x20\x32\x31\x20\x38\x20\x32\x31\x20\x33\
\x20\x31\x36\x20\x33\x20\x38\x20\x38\x20\x33\x22\x2f\x3e\x20\x3c\
\x70\x61\x74\x68\x20\x64\x3d\x22\x4d\x31\x32\x2c\x38\x20\x4c\x31\
\x32\x2c\x31\x33\x22\x2f\x3e\x20\x3c\x6c\x69\x6e\x65\x20\x78\x31\
\x3d\x22\x31\x32\x22\x20\x79\x31\x3d\x22\x31\x36\x22\x20\x78\x32\
\x3d\x22\x31\x32\x22\x20\x79\x32\x3d\x22\x31\x36\x22\x2f\x3e\x20\
\x3c\x2f\x73\x76\x67\x3e\
\x00\x00\x01\xd0\
\x3c\
\x73\x76\x67\x20\x72\x6f\x6c\x65\x3d\x22\x69\x6d\x67\x22\x20\x78\
\x6d\x6c\x6e\x73\x3d\x22\x68\x74\x74\x70\x3a\x2f\x2f\x77\x77\x77\
\x2e\x77\x33\x2e\x6f\x72\x67\x2f\x32\x30\x30\x30\x2f\x73\x76\x67\
\x22\x20\x77\x69\x64\x74\x68\x3d\x22\x33\x32\x70\x78\x22\x20\x68\
\x65\x69\x67\x68\x74\x3d\x22\x33\x32\x70\x78\x22\x20\x76\x69\x65\
\x77\x42\x6f\x78\x3d\x22\x30\x20\x30\x20\x32\x34\x20\x32\x34\x22\
\x20\x61\x72\x69\x61\x2d\x6c\x61\x62\x65\x6c\x6c\x65\x64\x62\x79\
\x3d\x22\x76\x6f\x6c\x75\x6d\x65\x51\x75\x69\x65\x74\x49\x63\x6f\
\x6e\x54\x69\x74\x6c\x65\x22\x20\x73\x74\x72\x6f\x6b\x65\x3d\x22\
\x23\x30\x30\x30\x22\x20\x73\x74\x72\x6f\x6b\x65\x2d\x77\x69\x64\
\x74\x68\x3d\x22\x31\x2e\x35\x22\x20\x73\x74\x72\x6f\x6b\x65\x2d\
\x6c\x69\x6e\x65\x63\x61\x70\x3d\x22\x73\x71\x75\x61\x72\x65\x22\
\x20\x73\x74\x72\x6f\x6b\x65\x2d\x6c\x69\x6e\x65\x6a\x6f\x69\x6e\
\x3d\x22\x6d\x69\x74\x65\x72\x22\x20\x66\x69\x6c\x6c\x3d\x22\x6e\
\x6f\x6e\x65\x22\x20\x63\x6f\x6c\x6f\x72\x3d\x22\x23\x30\x30\x30\
\x22\x3e\x20\x3c\x74\x69\x74\x6c\x65\x20\x69\x64\x3d\x22\x76\x6f\
\x6c\x75\x6d\x65\x51\x75\x69\x65\x74\x49\x63\x6f\x6e\x54\x69\x74\
\x6c\x65\x22\x3e\x56\x6f\x6c\x75\x6d\x65\x20\x51\x75\x69\x65\x74\
\x3c\x2f\x74\x69\x74\x6c\x65\x3e\x20\x3c\x70\x61\x74\x68\x20\x64\
\x3d\x22\x4d\x31\x33\x20\x35\x76\x31\x34\x6c\x2d\x35\x2d\x34\x48\
\x33\x56\x39\x68\x35\x7a\x22\x2f\x3e\x20\x3c\x70\x61\x74\x68\x20\
\x73\x74\x72\x6f\x6b\x65\x2d\x6c\x69\x6e\x65\x63\x61\x70\x3d\x22\
\x72\x6f\x75\x6e\x64\x22\x20\x64\x3d\x22\x4d\x31\x33\x20\x31\x34\
\x63\x31\x2e\x35\x2d\x31\x20\x31\x2e\x35\x2d\x33\x20\x30\x2d\x34\
\x22\x2f\x3e\x20\x3c\x70\x61\x74\x68\x20\x64\x3d\x22\x4d\x31\x36\
\x2c\x31\x36\x20\x43\x31\x38\x2e\x30\x38\x35\x38\x32\x35\x33\x2c\
\x31\x33\x2e\x39\x31\x34\x31\x37\x34\x37\x20\x31\x38\x2e\x30\x38\
\x35\x38\x32\x35\x33\x2c\x31\x30\x2e\x30\x38\x35\x38\x32\x35\x33\
\x20\x31\x36\x2c\x38\x22\x2f\x3e\x20\x3c\x2f\x73\x76\x67\x3e\
\x00\x00\x01\xbd\
\x3c\
\x73\x76\x67\x20\x72\x6f\x6c\x65\x3d\x22\x69\x6d\x67\x22\x20\x78\
\x6d\x6c\x6e\x73\x3d\x22\x68\x74\x74\x70\x3a\x2f\x2f\x77\x77\x77\
\x2e\x77\x33\x2e\x6f\x72\x67\x2f\x32\x30\x30\x30\x2f\x73\x76\x67\
\x22\x20\x77\x69\x64\x74\x68\x3d\x22\x33\x32\x70\x78\x22\x20\x68\
\x65\x69\x67\x68\x74\x3d\x22\x33\x32\x70\x78\x22\x20\x76\x69\x65\
\x77\x42\x6f\x78\x3d\x22\x30\x20\x30\x20\x32\x34\x20\x32\x34\x22\
\x20\x61\x72\x69\x61\x2d\x6c\x61\x62\x65\x6c\x6c\x65\x64\x62\x79\
\x3d\x22\x72\x65\x66\x72\x65\x73\x68\x49\x63\x6f\x6e\x54\x69\x74\
\x6c\x65\x22\x20\x73\x74\x72\x6f\x6b\x65\x3d\x22\x23\x30\x30\x30\
\x22\x20\x73\x74\x72\x6f\x6b\x65\x2d\x77\x69\x64\x74\x68\x3d\x22\
\x31\x2e\x35\x22\x20\x73\x74\x72\x6f\x6b\x65\x2d\x6c\x69\x6e\x65\
\x63\x61\x70\x3d\x22\x73\x71\x75\x61\x72\x65\x22\x20\x73\x74\x72\
\x6f\x6b\x65\x2d\x6c\x69\x6e\x65\x6a\x6f\x69\x6e\x3d\x22\x6d\x69\
\x74\x65\x72\x22\x20\x66\x69\x6c\x6c\x3d\x22\x6e\x6f\x6e\x65\x22\
\x20\x63\x6f\x6c\x6f\x72\x3d\x22\x23\x30\x30\x30\x22\x3e\x20\x3c\
\x74\x69\x74\x6c\x65\x20\x69\x64\x3d\x22\x72\x65\x66\x72\x65\x73\
\x68\x49\x63\x6f\x6e\x54\x69\x74\x6c\x65\x22\x3e\x52\x65\x66\x72\
\x65\x73\x68\x3c\x2f\x74\x69\x74\x6c\x65\x3e\x20\x3c\x70\x6f\x6c\
\x79\x6c\x69\x6e\x65\x20\x70\x6f\x69\x6e\x74\x73\x3d\x22\x32\x32\
\x20\x31\x32\x20\x31\x39\x20\x31\x35\x20\x31\x36\x20\x31\x32\x22\
\x2f\x3e\x20\x3c\x70\x61\x74\x68\x20\x64\x3d\x22\x4d\x31\x31\x2c\
\x32\x30\x20\x43\x36\x2e\x35\x38\x31\x37\x32\x32\x2c\x32\x30\x20\
\x33\x2c\x31\x36\x2e\x34\x31\x38\x32\x37\x38\x20\x33\x2c\x31\x32\
\x20\x43\x33\x2c\x37\x2e\x35\x38\x31\x37\x32\x32\x20\x36\x2e\x35\
\x38\x31\x37\x32\x32\x2c\x34\x20\x31\x31\x2c\x34\x20\x43\x31\x35\
\x2e\x34\x31\x38\x32\x37\x38\x2c\x34\x20\x31\x39\x2c\x37\x2e\x35\
\x38\x31\x37\x32\x32\x20\x31\x39\x2c\x31\x32\x20\x4c\x31\x39\x2c\
\x31\x34\x22\x2f\x3e\x20\x3c\x2f\x73\x76\x67\x3e\
\x00\x00\x01\xaa\
\x3c\
\x73\x76\x67\x20\x77\x69\x64\x74\x68\x3d\x22\x33\x32\x70\x78\x22\
\x20\x68\x65\x69\x67\x68\x74\x3d\x22\x33\x32\x70\x78\x22\x20\x76\
\x69\x65\x77\x42\x6f\x78\x3d\x22\x30\x20\x30\x20\x32\x34\x20\x32\
\x34\x22\x20\x78\x6d\x6c\x6e\x73\x3d\x22\x68\x74\x74\x70\x3a\x2f\
\x2f\x77\x77\x77\x2e\x77\x33\x2e\x6f\x72\x67\x2f\x32\x30\x30\x30\
\x2f\x73\x76\x67\x22\x20\x61\x72\x69\x61\x2d\x6c\x61\x62\x65\x6c\
\x6c\x65\x64\x62\x79\x3d\x22\x63\x61\x6c\x65\x6e\x64\x61\x72\x41\
\x64\x64\x49\x63\x6f\x6e\x54\x69\x74\x6c\x65\x22\x20\x73\x74\x72\
\x6f\x6b\x65\x3d\x22\x23\x30\x30\x30\x22\x20\x73\x74\x72\x6f\x6b\
\x65\x2d\x77\x69\x64\x74\x68\x3d\x22\x31\x2e\x35\x22\x20\x73\x74\
\x72\x6f\x6b\x65\x2d\x6c\x69\x6e\x65\x63\x61\x70\x3d\x22\x73\x71\
\x75\x61\x72\x65\x22\x20\x73\x74\x72\x6f\x6b\x65\x2d\x6c\x69\x6e\
\x65\x6a\x6f\x69\x6e\x3d\x22\x6d\x69\x74\x65\x72\x22\x20\x66\x69\
\x6c\x6c\x3d\x22\x6e\x6f\x6e\x65\x22\x20\x63\x6f\x6c\x6f\x72\x3d\
\x22\x23\x30\x30\x30\x22\x3e\x20\x3c\x74\x69\x74\x6c\x65\x20\x69\
\x64\x3d\x22\x63\x61\x6c\x65\x6e\x64\x61\x72\x41\x64\x64\x49\x63\
\x6f\x6e\x54\x69\x74\x6c\x65\x22\x3e\x41\x64\x64\x20\x74\x6f\x20\
\x63\x61\x6c\x65\x6e\x64\x61\x72\x3c\x2f\x74\x69\x74\x6c\x65\x3e\
\x20\x3c\x70\x61\x74\x68\x20\x64\x3d\x22\x4d\x33\x20\x35\x48\x32\
\x31\x56\x32\x31\x48\x33\x56\x35\x5a\x22\x2f\x3e\x20\x3c\x70\x61\
\x74\x68\x20\x64\x3d\x22\x4d\x32\x31\x20\x39\x48\x33\x22\x2f\x3e\
\x20\x3c\x70\x61\x74\x68\x20\x64\x3d\x22\x4d\x37\x20\x35\x56\x33\
\x22\x2f\x3e\x20\x3c\x70\x61\x74\x68\x20\x64\x3d\x22\x4d\x31\x37\
\x20\x35\x56\x33\x22\x2f\x3e\x20\x3c\x70\x61\x74\x68\x20\x64\x3d\
\x22\x4d\x31\x35\x20\x31\x35\x48\x39\x22\x2f\x3e\x20\x3c\x70\x61\
\x74\x68\x20\x64\x3d\x22\x4d\x31\x32\x20\x31\x32\x56\x31\x38\x22\
\x2f\x3e\x20\x3c\x2f\x73\x76\x67\x3e\
\x00\x00\x01\x74\
\x3c\
\x73\x76\x67\x20\x72\x6f\x6c\x65\x3d\x22\x69\x6d\x67\x22\x20\x78\
\x6d\x6c\x6e\x73\x3d\x22\x68\x74\x74\x70\x3a\x2f\x2f\x77\x77\x77\
\x2e\x77\x33\x2e\x6f\x72\x67\x2f\x32\x30\x30\x30\x2f\x73\x76\x67\
\x22\x20\x77\x69\x64\x74\x68\x3d\x22\x33\x32\x70\x78\x22\x20\x68\
\x65\x69\x67\x68\x74\x3d\x22\x33\x32\x70\x78\x22\x20\x76\x69\x65\
\x77\x42\x6f\x78\x3d\x22\x30\x20\x30\x20\x32\x34\x20\x32\x34\x22\
\x20\x61\x72\x69\x61\x2d\x6c\x61\x62\x65\x6c\x6c\x65\x64\x62\x79\
\x3d\x22\x73\x68\x69\x66\x74\x49\x63\x6f\x6e\x54\x69\x74\x6c\x65\
\x22\x20\x73\x74\x72\x6f\x6b\x65\x3d\x22\x23\x30\x30\x30\x22\x20\
\x73\x74\x72\x6f\x6b\x65\x2d\x77\x69\x64\x74\x68\x3d\x22\x31\x2e\
\x35\x22\x20\x73\x74\x72\x6f\x6b\x65\x2d\x6c\x69\x6e\x65\x63\x61\
\x70\x3d\x22\x73\x71\x75\x61\x72\x65\x22\x20\x73\x74\x72\x6f\x6b\
\x65\x2d\x6c\x69\x6e\x65\x6a\x6f\x69\x6e\x3d\x22\x6d\x69\x74\x65\
\x72\x22\x20\x66\x69\x6c\x6c\x3d\x22\x6e\x6f\x6e\x65\x22\x20\x63\
\x6f\x6c\x6f\x72\x3d\x22\x23\x30\x30\x30\x22\x3e\x20\x3c\x74\x69\
\x74\x6c\x65\x20\x69\x64\x3d\x22\x73\x68\x69\x66\x74\x49\x63\x6f\
\x6e\x54\x69\x74\x6c\x65\x22\x3e\x53\x68\x69\x66\x74\x3c\x2f\x74\
\x69\x74\x6c\x65\x3e\x20\x3c\x70\x61\x74\x68\x20\x64\x3d\x22\x4d\
\x35\x2c\x32\x31\x20\x4c\x31\x39\x2c\x32\x31\x20\x4c\x35\x2c\x32\
\x31\x20\x5a\x20\x4d\x31\x36\x2c\x31\x32\x20\x4c\x31\x36\x2c\x31\
\x37\x20\x4c\x38\x2c\x31\x37\x20\x4c\x38\x2c\x31\x32\x20\x4c\x33\
\x2c\x31\x32\x20\x4c\x31\x32\x2c\x33\x20\x4c\x32\x31\x2c\x31\x32\
\x20\x4c\x31\x36\x2c\x31\x32\x20\x5a\x22\x2f\x3e\x20\x3c\x2f\x73\
\x76\x67\x3e\
\x00\x00\x01\x5d\
\x3c\
\x73\x76\x67\x20\x72\x6f\x6c\x65\x3d\x22\x69\x6d\x67\x22\x20\x78\
\x6d\x6c\x6e\x73\x3d\x22\x68\x74\x74\x70\x3a\x2f\x2f\x77\x77\x77\
\x2e\x77\x33\x2e\x6f\x72\x67\x2f\x32\x30\x30\x30\x2f\x73\x76\x67\
\x22\x20\x77\x69\x64\x74\x68\x3d\x22\x33\x32\x70\x78\x22\x20\x68\
\x65\x69\x67\x68\x74\x3d\x22\x33\x32\x70\x78\x22\x20\x76\x69\x65\
\x77\x42\x6f\x78\x3d\x22\x30\x20\x30\x20\x32\x34\x20\x32\x34\x22\
\x20\x61\x72\x69\x61\x2d\x6c\x61\x62\x65\x6c\x6c\x65\x64\x62\x79\
\x3d\x22\x62\x6c\x75\x65\x74\x6f\x6f\x74\x68\x49\x63\x6f\x6e\x54\
\x69\x74\x6c\x65\x22\x20\x73\x74\x72\x6f\x6b\x65\x3d\x22\x23\x30\
\x30\x30\x22\x20\x73\x74\x72\x6f\x6b\x65\x2d\x77\x69\x64\x74\x68\
\x3d\x22\x31\x2e\x35\x22\x20\x73\x74\x72\x6f\x6b\x65\x2d\x6c\x69\
\x6e\x65\x63\x61\x70\x3d\x22\x73\x71\x75\x61\x72\x65\x22\x20\x73\
\x74\x72\x6f\x6b\x65\x2d\x6c\x69\x6e\x65\x6a\x6f\x69\x6e\x3d\x22\
\x6d\x69\x74\x65\x72\x22\x20\x66\x69\x6c\x6c\x3d\x22\x6e\x6f\x6e\
\x65\x22\x20\x63\x6f\x6c\x6f\x72\x3d\x22\x23\x30\x30\x30\x22\x3e\
\x20\x3c\x74\x69\x74\x6c\x65\x20\x69\x64\x3d\x22\x62\x6c\x75\x65\
\x74\x6f\x6f\x74\x68\x49\x63\x6f\x6e\x54\x69\x74\x6c\x65\x22\x3e\
\x42\x6c\x75\x65\x74\x6f\x6f\x74\x68\x3c\x2f\x74\x69\x74\x6c\x65\
\x3e\x20\x3c\x70\x6f\x6c\x79\x6c\x69\x6e\x65\x20\x70\x6f\x69\x6e\
\x74\x73\x3d\x22\x37\x20\x31\x37\x20\x31\x37\x20\x37\x20\x31\x32\
\x20\x32\x20\x31\x32\x20\x32\x32\x20\x31\x37\x20\x31\x37\x20\x37\
\x20\x37\x22\x2f\x3e\x20\x3c\x2f\x73\x76\x67\x3e\
\x00\x00\x01\xbb\
\x3c\
\x73\x76\x67\x20\x77\x69\x64\x74\x68\x3d\x22\x33\x32\x70\x78\x22\
\x20\x68\x65\x69\x67\x68\x74\x3d\x22\x33\x32\x70\x78\x22\x20\x76\
\x69\x65\x77\x42\x6f\x78\x3d\x22\x30\x20\x30\x20\x32\x34\x20\x32\
\x34\x22\x20\x78\x6d\x6c\x6e\x73\x3d\x22\x68\x74\x74\x70\x3a\x2f\
\x2f\x77\x77\x77\x2e\x77\x33\x2e\x6f\x72\x67\x2f\x32\x30\x30\x30\
\x2f\x73\x76\x67\x22\x20\x61\x72\x69\x61\x2d\x6c\x61\x62\x65\x6c\
\x6c\x65\x64\x62\x79\x3d\x22\x73\x77\x61\x70\x56\x65\x72\x74\x69\
\x63\x61\x6c\x49\x63\x6f\x6e\x54\x69\x74\x6c\x65\x22\x20\x73\x74\
\x72\x6f\x6b\x65\x3d\x22\x23\x30\x30\x30\x22\x20\x73\x74\x72\x6f\
\x6b\x65\x2d\x77\x69\x64\x74\x68\x3d\x22\x31\x2e\x35\x22\x20\x73\
\x74\x72\x6f\x6b\x65\x2d\x6c\x69\x6e\x65\x63\x61\x70\x3d\x22\x73\
\x71\x75\x61\x72\x65\x22\x20\x73\x74\x72\x6f\x6b\x65\x2d\x6c\x69\
\x6e\x65\x6a\x6f\x69\x6e\x3d\x22\x6d\x69\x74\x65\x72\x22\x20\x66\
\x69\x6c\x6c\x3d\x22\x6e\x6f\x6e\x65\x22\x20\x63\x6f\x6c\x6f\x72\
\x3d\x22\x23\x30\x30\x30\x22\x3e\x20\x3c\x74\x69\x74\x6c\x65\x20\
\x69\x64\x3d\x22\x73\x77\x61\x70\x56\x65\x72\x74\x69\x63\x61\x6c\
\x49\x63\x6f\x6e\x54\x69\x74\x6c\x65\x22\x3e\x53\x77\x61\x70\x20\
\x69\x74\x65\x6d\x73\x20\x28\x76\x65\x72\x74\x69\x63\x61\x6c\x6c\
\x79\x29\x3c\x2f\x74\x69\x74\x6c\x65\x3e\x20\x3c\x64\x65\x73\x63\
\x20\x69\x64\x3d\x22\x73\x77\x61\x70\x56\x65\x72\x74\x69\x63\x61\
\x6c\x49\x63\x6f\x6e\x44\x65\x73\x63\x22\x2f\x3e\x20\x3c\x70\x61\
\x74\x68\x20\x64\x3d\x22\x4d\x34\x20\x38\x4c\x37\x20\x35\x4c\x31\
\x30\x20\x38\x22\x2f\x3e\x20\x3c\x70\x61\x74\x68\x20\x64\x3d\x22\
\x4d\x37\x20\x32\x30\x4c\x37\x20\x36\x22\x2f\x3e\x20\x3c\x70\x61\
\x74\x68\x20\x64\x3d\x22\x4d\x32\x30\x20\x31\x37\x4c\x31\x37\x20\
\x32\x30\x4c\x31\x34\x20\x31\x37\x22\x2f\x3e\x20\x3c\x70\x61\x74\
\x68\x20\x64\x3d\x22\x4d\x31\x37\x20\x35\x4c\x31\x37\x20\x31\x39\
\x22\x2f\x3e\x20\x3c\x2f\x73\x76\x67\x3e\
\x00\x00\x01\x3b\
\x3c\
\x73\x76\x67\x20\x72\x6f\x6c\x65\x3d\x22\x69\x6d\x67\x22\x20\x78\
\x6d\x6c\x6e\x73\x3d\x22\x68\x74\x74\x70\x3a\x2f\x2f\x77\x77\x77\
\x2e\x77\x33\x2e\x6f\x72\x67\x2f\x32\x30\x30\x30\x2f\x73\x76\x67\
\x22\x20\x77\x69\x64\x74\x68\x3d\x22\x33\x32\x70\x78\x22\x20\x68\
\x65\x69\x67\x68\x74\x3d\x22\x33\x32\x70\x78\x22\x20\x76\x69\x65\
\x77\x42\x6f\x78\x3d\x22\x30\x20\x30\x20\x32\x34\x20\x32\x34\x22\
\x20\x61\x72\x69\x61\x2d\x6c\x61\x62\x65\x6c\x6c\x65\x64\x62\x79\
\x3d\x22\x62\x61\x63\x6b\x41\x6c\x74\x49\x63\x6f\x6e\x54\x69\x74\
\x6c\x65\x22\x20\x73\x74\x72\x6f\x6b\x65\x3d\x22\x23\x30\x30\x30\
\x22\x20\x73\x74\x72\x6f\x6b\x65\x2d\x77\x69\x64\x74\x68\x3d\x22\
\x31\x2e\x35\x22\x20\x73\x74\x72\x6f\x6b\x65\x2d\x6c\x69\x6e\x65\
\x63\x61\x70\x3d\x22\x73\x71\x75\x61\x72\x65\x22\x20\x73\x74\x72\
\x6f\x6b\x65\x2d\x6c\x69\x6e\x65\x6a\x6f\x69\x6e\x3d\x22\x6d\x69\
\x74\x65\x72\x22\x20\x66\x69\x6c\x6c\x3d\x22\x6e\x6f\x6e\x65\x22\
\x20\x63\x6f\x6c\x6f\x72\x3d\x22\x23\x30\x30\x30\x22\x3e\x20\x3c\
\x74\x69\x74\x6c\x65\x20\x69\x64\x3d\x22\x62\x61\x63\x6b\x41\x6c\
\x74\x49\x63\x6f\x6e\x54\x69\x74\x6c\x65\x22\x3e\x42\x61\x63\x6b\
\x3c\x2f\x74\x69\x74\x6c\x65\x3e\x20\x3c\x70\x61\x74\x68\x20\x64\
\x3d\x22\x4d\x34\x20\x31\x32\x6c\x31\x35\x2d\x39\x76\x31\x38\x7a\
\x22\x2f\x3e\x20\x3c\x2f\x73\x76\x67\x3e\
\x00\x00\x01\xb6\
\x3c\
\x73\x76\x67\x20\x72\x6f\x6c\x65\x3d\x22\x69\x6d\x67\x22\x20\x78\
\x6d\x6c\x6e\x73\x3d\x22\x68\x74\x74\x70\x3a\x2f\x2f\x77\x77\x77\
\x2e\x77\x33\x2e\x6f\x72\x67\x2f\x32\x30\x30\x30\x2f\x73\x76\x67\
\x22\x20\x77\x69\x64\x74\x68\x3d\x22\x33\x32\x70\x78\x22\x20\x68\
\x65\x69\x67\x68\x74\x3d\x22\x33\x32\x70\x78\x22\x20\x76\x69\x65\
\x77\x42\x6f\x78\x3d\x22\x30\x20\x30\x20\x32\x34\x20\x32\x34\x22\
\x20\x61\x72\x69\x61\x2d\x6c\x61\x62\x65\x6c\x6c\x65\x64\x62\x79\
\x3d\x22\x62\x6f\x78\x49\x63\x6f\x6e\x54\x69\x74\x6c\x65\x22\x20\
\x73\x74\x72\x6f\x6b\x65\x3d\x22\x23\x30\x30\x30\x22\x20\x73\x74\
\x72\x6f\x6b\x65\x2d\x77\x69\x64\x74\x68\x3d\x22\x31\x2e\x35\x22\
\x20\x73\x74\x72\x6f\x6b\x65\x2d\x6c\x69\x6e\x65\x63\x61\x70\x3d\
\x22\x73\x71\x75\x61\x72\x65\x22\x20\x73\x74\x72\x6f\x6b\x65\x2d\
\x6c\x69\x6e\x65\x6a\x6f\x69\x6e\x3d\x22\x6d\x69\x74\x65\x72\x22\
\x20\x66\x69\x6c\x6c\x3d\x22\x6e\x6f\x6e\x65\x22\x20\x63\x6f\x6c\
\x6f\x72\x3d\x22\x23\x30\x30\x30\x22\x3e\x20\x3c\x74\x69\x74\x6c\
\x65\x20\x69\x64\x3d\x22\x62\x6f\x78\x49\x63\x6f\x6e\x54\x69\x74\
\x6c\x65\x22\x3e\x42\x6f\x78\x3c\x2f\x74\x69\x74\x6c\x65\x3e\x20\
\x3c\x70\x6f\x6c\x79\x67\x6f\x6e\x20\x70\x6f\x69\x6e\x74\x73\x3d\
\x22\x31\x32\x20\x32\x20\x32\x31\x20\x37\x20\x32\x31\x20\x31\x37\
\x20\x31\x32\x20\x32\x32\x20\x33\x20\x31\x37\x20\x33\x20\x37\x22\
\x2f\x3e\x20\x3c\x70\x6f\x6c\x79\x6c\x69\x6e\x65\x20\x73\x74\x72\
\x6f\x6b\x65\x2d\x6c\x69\x6e\x65\x63\x61\x70\x3d\x22\x72\x6f\x75\
\x6e\x64\x22\x20\x70\x6f\x69\x6e\x74\x73\x3d\x22\x33\x20\x37\x20\
\x31\x32\x20\x31\x32\x20\x32\x31\x20\x37\x22\x2f\x3e\x20\x3c\x70\
\x61\x74\x68\x20\x73\x74\x72\x6f\x6b\x65\x2d\x6c\x69\x6e\x65\x63\
\x61\x70\x3d\x22\x72\x6f\x75\x6e\x64\x22\x20\x64\x3d\x22\x4d\x31\
\x32\x2c\x31\x32\x20\x4c\x31\x32\x2c\x32\x32\x22\x2f\x3e\x20\x3c\
\x2f\x73\x76\x67\x3e\
\x00\x00\x01\xa5\
\x3c\
\x73\x76\x67\x20\x72\x6f\x6c\x65\x3d\x22\x69\x6d\x67\x22\x20\x78\
\x6d\x6c\x6e\x73\x3d\x22\x68\x74\x74\x70\x3a\x2f\x2f\x77\x77\x77\
\x2e\x77\x33\x2e\x6f\x72\x67\x2f\x32\x30\x30\x30\x2f\x73\x76\x67\
\x22\x20\x77\x69\x64\x74\x68\x3d\x22\x33\x32\x70\x78\x22\x20\x68\
\x65\x69\x67\x68\x74\x3d\x22\x33\x32\x70\x78\x22\x20\x76\x69\x65\
\x77\x42\x6f\x78\x3d\x22\x30\x20\x30\x20\x32\x34\x20\x32\x34\x22\
\x20\x61\x72\x69\x61\x2d\x6c\x61\x62\x65\x6c\x6c\x65\x64\x62\x79\
\x3d\x22\x73\x74\x61\x72\x49\x63\x6f\x6e\x54\x69\x74\x6c\x65\x22\
\x20\x73\x74\x72\x6f\x6b\x65\x3d\x22\x23\x30\x30\x30\x22\x20\x73\
\x74\x72\x6f\x6b\x65\x2d\x77\x69\x64\x74\x68\x3d\x22\x31\x2e\x35\
\x22\x20\x73\x74\x72\x6f\x6b\x65\x2d\x6c\x69\x6e\x65\x63\x61\x70\
\x3d\x22\x73\x71\x75\x61\x72\x65\x22\x20\x73\x74\x72\x6f\x6b\x65\
\x2d\x6c\x69\x6e\x65\x6a\x6f\x69\x6e\x3d\x22\x6d\x69\x74\x65\x72\
\x22\x20\x66\x69\x6c\x6c\x3d\x22\x6e\x6f\x6e\x65\x22\x20\x63\x6f\
\x6c\x6f\x72\x3d\x22\x23\x30\x30\x30\x22\x3e\x20\x3c\x74\x69\x74\
\x6c\x65\x20\x69\x64\x3d\x22\x73\x74\x61\x72\x49\x63\x6f\x6e\x54\
\x69\x74\x6c\x65\x22\x3e\x53\x74\x61\x72\x3c\x2f\x74\x69\x74\x6c\
\x65\x3e\x20\x3c\x70\x6f\x6c\x79\x67\x6f\x6e\x20\x70\x6f\x69\x6e\
\x74\x73\x3d\x22\x31\x32\x20\x31\x37\x2e\x38\x34\x34\x20\x36\x2e\
\x31\x38\x33\x20\x32\x30\x2e\x39\x30\x32\x20\x37\x2e\x32\x39\x34\
\x20\x31\x34\x2e\x34\x32\x35\x20\x32\x2e\x35\x38\x38\x20\x39\x2e\
\x38\x33\x38\x20\x39\x2e\x30\x39\x32\x20\x38\x2e\x38\x39\x33\x20\
\x31\x32\x20\x33\x20\x31\x34\x2e\x39\x30\x38\x20\x38\x2e\x38\x39\
\x33\x20\x32\x31\x2e\x34\x31\x32\x20\x39\x2e\x38\x33\x38\x20\x31\
\x36\x2e\x37\x30\x36\x20\x31\x34\x2e\x34\x32\x35\x20\x31\x37\x2e\
\x38\x31\x37\x20\x32\x30\x2e\x39\x30\x32\x22\x2f\x3e\x20\x3c\x2f\
\x73\x76\x67\x3e\
\x00\x00\x02\x84\
\x3c\
\x73\x76\x67\x20\x77\x69\x64\x74\x68\x3d\x22\x33\x32\x70\x78\x22\
\x20\x68\x65\x69\x67\x68\x74\x3d\x22\x33\x32\x70\x78\x22\x20\x76\
\x69\x65\x77\x42\x6f\x78\x3d\x22\x30\x20\x30\x20\x32\x34\x20\x32\
\x34\x22\x20\x78\x6d\x6c\x6e\x73\x3d\x22\x68\x74\x74\x70\x3a\x2f\
\x2f\x77\x77\x77\x2e\x77\x33\x2e\x6f\x72\x67\x2f\x32\x30\x30\x30\
\x2f\x73\x76\x67\x22\x20\x61\x72\x69\x61\x2d\x6c\x61\x62\x65\x6c\
\x6c\x65\x64\x62\x79\x3d\x22\x6e\x69\x67\x68\x74\x4d\x6f\x64\x65\
\x49\x63\x6f\x6e\x54\x69\x74\x6c\x65\x22\x20\x73\x74\x72\x6f\x6b\
\x65\x3d\x22\x23\x30\x30\x30\x22\x20\x73\x74\x72\x6f\x6b\x65\x2d\
\x77\x69\x64\x74\x68\x3d\x22\x31\x2e\x35\x22\x20\x73\x74\x72\x6f\
\x6b\x65\x2d\x6c\x69\x6e\x65\x63\x61\x70\x3d\x22\x73\x71\x75\x61\
\x72\x65\x22\x20\x73\x74\x72\x6f\x6b\x65\x2d\x6c\x69\x6e\x65\x6a\
\x6f\x69\x6e\x3d\x22\x6d\x69\x74\x65\x72\x22\x20\x66\x69\x6c\x6c\
\x3d\x22\x6e\x6f\x6e\x65\x22\x20\x63\x6f\x6c\x6f\x72\x3d\x22\x23\
\x30\x30\x30\x22\x3e\x20\x3c\x74\x69\x74\x6c\x65\x20\x69\x64\x3d\
\x22\x6e\x69\x67\x68\x74\x4d\x6f\x64\x65\x49\x63\x6f\x6e\x54\x69\
\x74\x6c\x65\x22\x3e\x4e\x69\x67\x68\x74\x20\x4d\x6f\x64\x65\x3c\
\x2f\x74\x69\x74\x6c\x65\x3e\x20\x3c\x70\x61\x74\x68\x20\x64\x3d\
\x22\x4d\x31\x32\x20\x31\x39\x61\x37\x20\x37\x20\x30\x20\x31\x20\
\x30\x20\x30\x2d\x31\x34\x20\x37\x20\x37\x20\x30\x20\x30\x20\x30\
\x20\x30\x20\x31\x34\x7a\x22\x2f\x3e\x20\x3c\x70\x61\x74\x68\x20\
\x64\x3d\x22\x4d\x31\x35\x2e\x38\x39\x39\x20\x31\x32\x2e\x38\x39\
\x39\x61\x34\x20\x34\x20\x30\x20\x30\x20\x31\x2d\x34\x2e\x37\x39\
\x37\x2d\x34\x2e\x37\x39\x37\x41\x34\x2e\x30\x30\x32\x20\x34\x2e\
\x30\x30\x32\x20\x30\x20\x30\x20\x30\x20\x31\x32\x20\x31\x36\x63\
\x31\x2e\x39\x20\x30\x20\x33\x2e\x34\x39\x2d\x31\x2e\x33\x32\x35\
\x20\x33\x2e\x38\x39\x39\x2d\x33\x2e\x31\x30\x31\x7a\x22\x2f\x3e\
\x20\x3c\x70\x61\x74\x68\x20\x64\x3d\x22\x4d\x31\x32\x20\x35\x56\
\x33\x4d\x31\x32\x20\x32\x31\x76\x2d\x32\x22\x2f\x3e\x20\x3c\x70\
\x61\x74\x68\x20\x64\x3d\x22\x4d\x35\x20\x31\x32\x48\x32\x68\x33\
\x7a\x4d\x32\x32\x20\x31\x32\x68\x2d\x33\x20\x33\x7a\x4d\x31\x36\
\x2e\x39\x35\x20\x37\x2e\x30\x35\x4c\x31\x39\x2e\x30\x37\x20\x34\
\x2e\x39\x33\x20\x31\x36\x2e\x39\x35\x20\x37\x2e\x30\x35\x7a\x4d\
\x34\x2e\x39\x32\x39\x20\x31\x39\x2e\x30\x37\x31\x4c\x37\x2e\x30\
\x35\x20\x31\x36\x2e\x39\x35\x20\x34\x2e\x39\x33\x20\x31\x39\x2e\
\x30\x37\x7a\x4d\x31\x36\x2e\x39\x35\x20\x31\x36\x2e\x39\x35\x6c\
\x32\x2e\x31\x32\x31\x20\x32\x2e\x31\x32\x31\x2d\x32\x2e\x31\x32\
\x31\x2d\x32\x2e\x31\x32\x31\x7a\x4d\x34\x2e\x39\x32\x39\x20\x34\
\x2e\x39\x32\x39\x4c\x37\x2e\x30\x35\x20\x37\x2e\x30\x35\x20\x34\
\x2e\x39\x33\x20\x34\x2e\x39\x33\x7a\x22\x2f\x3e\x20\x3c\x2f\x73\
\x76\x67\x3e\
\x00\x00\x03\x51\
\x3c\
\x73\x76\x67\x20\x72\x6f\x6c\x65\x3d\x22\x69\x6d\x67\x22\x20\x78\
\x6d\x6c\x6e\x73\x3d\x22\x68\x74\x74\x70\x3a\x2f\x2f\x77\x77\x77\
\x2e\x77\x33\x2e\x6f\x72\x67\x2f\x32\x30\x30\x30\x2f\x73\x76\x67\
\x22\x20\x77\x69\x64\x74\x68\x3d\x22\x33\x32\x70\x78\x22\x20\x68\
\x65\x69\x67\x68\x74\x3d\x22\x33\x32\x70\x78\x22\x20\x76\x69\x65\
\x77\x42\x6f\x78\x3d\x22\x30\x20\x30\x20\x32\x34\x20\x32\x34\x22\
\x20\x61\x72\x69\x61\x2d\x6c\x61\x62\x65\x6c\x6c\x65\x64\x62\x79\
\x3d\x22\x70\x65\x6f\x70\x6c\x65\x49\x63\x6f\x6e\x54\x69\x74\x6c\
\x65\x22\x20\x73\x74\x72\x6f\x6b\x65\x3d\x22\x23\x30\x30\x30\x22\
\x20\x73\x74\x72\x6f\x6b\x65\x2d\x77\x69\x64\x74\x68\x3d\x22\x31\
\x2e\x35\x22\x20\x73\x74\x72\x6f\x6b\x65\x2d\x6c\x69\x6e\x65\x63\
\x61\x70\x3d\x22\x73\x71\x75\x61\x72\x65\x22\x20\x73\x74\x72\x6f\
\x6b\x65\x2d\x6c\x69\x6e\x65\x6a\x6f\x69\x6e\x3d\x22\x6d\x69\x74\
\x65\x72\x22\x20\x66\x69\x6c\x6c\x3d\x22\x6e\x6f\x6e\x65\x22\x20\
\x63\x6f\x6c\x6f\x72\x3d\x22\x23\x30\x30\x30\x22\x3e\x20\x3c\x74\
\x69\x74\x6c\x65\x20\x69\x64\x3d\x22\x70\x65\x6f\x70\x6c\x65\x49\
\x63\x6f\x6e\x54\x69\x74\x6c\x65\x22\x3e\x50\x65\x6f\x70\x6c\x65\
\x3c\x2f\x74\x69\x74\x6c\x65\x3e\x20\x3c\x70\x61\x74\x68\x20\x64\
\x3d\x22\x4d\x31\x20\x31\x38\x43\x31\x20\x31\x35\x2e\x37\x35\x20\
\x34\x20\x31\x35\x2e\x37\x35\x20\x35\x2e\x35\x20\x31\x34\x2e\x32\
\x35\x20\x36\x2e\x32\x35\x20\x31\x33\x2e\x35\x20\x34\x20\x31\x33\
\x2e\x35\x20\x34\x20\x39\x2e\x37\x35\x20\x34\x20\x37\x2e\x32\x35\
\x30\x32\x35\x20\x34\x2e\x39\x39\x39\x37\x35\x20\x36\x20\x37\x20\
\x36\x20\x39\x2e\x30\x30\x30\x32\x35\x20\x36\x20\x31\x30\x20\x37\
\x2e\x32\x35\x30\x32\x35\x20\x31\x30\x20\x39\x2e\x37\x35\x20\x31\
\x30\x20\x31\x33\x2e\x35\x20\x37\x2e\x37\x35\x20\x31\x33\x2e\x35\
\x20\x38\x2e\x35\x20\x31\x34\x2e\x32\x35\x20\x31\x30\x20\x31\x35\
\x2e\x37\x35\x20\x31\x33\x20\x31\x35\x2e\x37\x35\x20\x31\x33\x20\
\x31\x38\x4d\x31\x32\x2e\x37\x39\x31\x38\x31\x31\x34\x20\x31\x35\
\x2e\x37\x32\x36\x36\x36\x38\x34\x43\x31\x33\x2e\x32\x38\x34\x30\
\x35\x35\x31\x20\x31\x35\x2e\x35\x34\x38\x32\x36\x36\x20\x31\x33\
\x2e\x36\x38\x37\x34\x38\x36\x32\x20\x31\x35\x2e\x33\x38\x33\x32\
\x39\x39\x34\x20\x31\x34\x2e\x30\x30\x32\x31\x30\x34\x35\x20\x31\
\x35\x2e\x32\x33\x31\x37\x36\x38\x35\x20\x31\x34\x2e\x35\x35\x32\
\x37\x37\x36\x20\x31\x34\x2e\x39\x36\x36\x35\x34\x36\x33\x20\x31\
\x35\x2e\x30\x38\x34\x30\x35\x37\x34\x20\x31\x34\x2e\x36\x36\x35\
\x39\x34\x32\x36\x20\x31\x35\x2e\x35\x20\x31\x34\x2e\x32\x35\x20\
\x31\x36\x2e\x32\x35\x20\x31\x33\x2e\x35\x20\x31\x34\x20\x31\x33\
\x2e\x35\x20\x31\x34\x20\x39\x2e\x37\x35\x20\x31\x34\x20\x37\x2e\
\x32\x35\x30\x32\x35\x20\x31\x34\x2e\x39\x39\x39\x37\x35\x20\x36\
\x20\x31\x37\x20\x36\x20\x31\x39\x2e\x30\x30\x30\x32\x35\x20\x36\
\x20\x32\x30\x20\x37\x2e\x32\x35\x30\x32\x35\x20\x32\x30\x20\x39\
\x2e\x37\x35\x20\x32\x30\x20\x31\x33\x2e\x35\x20\x31\x37\x2e\x37\
\x35\x20\x31\x33\x2e\x35\x20\x31\x38\x2e\x35\x20\x31\x34\x2e\x32\
\x35\x20\x32\x30\x20\x31\x35\x2e\x37\x35\x20\x32\x33\x20\x31\x35\
\x2e\x37\x35\x20\x32\x33\x20\x31\x38\x22\x2f\x3e\x20\x3c\x70\x61\
\x74\x68\x20\x73\x74\x72\x6f\x6b\x65\x2d\x6c\x69\x6e\x65\x63\x61\
\x70\x3d\x22\x72\x6f\x75\x6e\x64\x22\x20\x64\x3d\x22\x4d\x31\x32\
\x2c\x31\x36\x20\x43\x31\x32\x2e\x33\x36\x36\x32\x37\x34\x31\x2c\
\x31\x35\x2e\x38\x37\x36\x33\x34\x37\x32\x20\x31\x32\x2e\x36\x33\
\x30\x32\x31\x31\x32\x2c\x31\x35\x2e\x37\x38\x35\x32\x33\x36\x36\
\x20\x31\x32\x2e\x37\x39\x31\x38\x31\x31\x34\x2c\x31\x35\x2e\x37\
\x32\x36\x36\x36\x38\x34\x22\x2f\x3e\x20\x3c\x2f\x73\x76\x67\x3e\
\
\x00\x00\x01\xa3\
\x3c\
\x73\x76\x67\x20\x72\x6f\x6c\x65\x3d\x22\x69\x6d\x67\x22\x20\x78\
\x6d\x6c\x6e\x73\x3d\x22\x68\x74\x74\x70\x3a\x2f\x2f\x77\x77\x77\
\x2e\x77\x33\x2e\x6f\x72\x67\x2f\x32\x30\x30\x30\x2f\x73\x76\x67\
\x22\x20\x77\x69\x64\x74\x68\x3d\x22\x33\x32\x70\x78\x22\x20\x68\
\x65\x69\x67\x68\x74\x3d\x22\x33\x32\x70\x78\x22\x20\x76\x69\x65\
\x77\x42\x6f\x78\x3d\x22\x30\x20\x30\x20\x32\x34\x20\x32\x34\x22\
\x20\x61\x72\x69\x61\x2d\x6c\x61\x62\x65\x6c\x6c\x65\x64\x62\x79\
\x3d\x22\x74\x72\x65\x6e\x64\x69\x6e\x67\x44\x6f\x77\x6e\x49\x63\
\x6f\x6e\x54\x69\x74\x6c\x65\x22\x20\x73\x74\x72\x6f\x6b\x65\x3d\
\x22\x23\x30\x30\x30\x22\x20\x73\x74\x72\x6f\x6b\x65\x2d\x77\x69\
\x64\x74\x68\x3d\x22\x31\x2e\x35\x22\x20\x73\x74\x72\x6f\x6b\x65\
\x2d\x6c\x69\x6e\x65\x63\x61\x70\x3d\x22\x73\x71\x75\x61\x72\x65\
\x22\x20\x73\x74\x72\x6f\x6b\x65\x2d\x6c\x69\x6e\x65\x6a\x6f\x69\
\x6e\x3d\x22\x6d\x69\x74\x65\x72\x22\x20\x66\x69\x6c\x6c\x3d\x22\
\x6e\x6f\x6e\x65\x22\x20\x63\x6f\x6c\x6f\x72\x3d\x22\x23\x30\x30\
\x30\x22\x3e\x20\x3c\x74\x69\x74\x6c\x65\x20\x69\x64\x3d\x22\x74\
\x72\x65\x6e\x64\x69\x6e\x67\x44\x6f\x77\x6e\x49\x63\x6f\x6e\x54\
\x69\x74\x6c\x65\x22\x3e\x74\x72\x65\x6e\x64\x69\x6e\x67\x3c\x2f\
\x74\x69\x74\x6c\x65\x3e\x20\x3c\x70\x61\x74\x68\x20\x64\x3d\x22\
\x4d\x33\x20\x37\x6c\x36\x20\x36\x20\x34\x2d\x34\x20\x37\x2e\x34\
\x30\x35\x20\x37\x2e\x34\x30\x35\x22\x2f\x3e\x20\x3c\x70\x61\x74\
\x68\x20\x73\x74\x72\x6f\x6b\x65\x2d\x6c\x69\x6e\x65\x63\x61\x70\
\x3d\x22\x72\x6f\x75\x6e\x64\x22\x20\x64\x3d\x22\x4d\x32\x30\x2e\
\x34\x30\x35\x20\x31\x36\x2e\x34\x30\x35\x4c\x32\x31\x20\x31\x37\
\x22\x2f\x3e\x20\x3c\x70\x61\x74\x68\x20\x64\x3d\x22\x4d\x32\x31\
\x20\x31\x34\x76\x33\x68\x2d\x33\x22\x2f\x3e\x20\x3c\x2f\x73\x76\
\x67\x3e\
\x00\x00\x01\xdc\
\x3c\
\x73\x76\x67\x20\x72\x6f\x6c\x65\x3d\x22\x69\x6d\x67\x22\x20\x78\
\x6d\x6c\x6e\x73\x3d\x22\x68\x74\x74\x70\x3a\x2f\x2f\x77\x77\x77\
\x2e\x77\x33\x2e\x6f\x72\x67\x2f\x32\x30\x30\x30\x2f\x73\x76\x67\
\x22\x20\x77\x69\x64\x74\x68\x3d\x22\x33\x32\x70\x78\x22\x20\x68\
\x65\x69\x67\x68\x74\x3d\x22\x33\x32\x70\x78\x22\x20\x76\x69\x65\
\x77\x42\x6f\x78\x3d\x22\x30\x20\x30\x20\x32\x34\x20\x32\x34\x22\
\x20\x61\x72\x69\x61\x2d\x6c\x61\x62\x65\x6c\x6c\x65\x64\x62\x79\
\x3d\x22\x6c\x6f\x63\x6b\x41\x6c\x74\x4f\x70\x65\x6e\x49\x63\x6f\
\x6e\x54\x69\x74\x6c\x65\x22\x20\x73\x74\x72\x6f\x6b\x65\x3d\x22\
\x23\x30\x30\x30\x22\x20\x73\x74\x72\x6f\x6b\x65\x2d\x77\x69\x64\
\x74\x68\x3d\x22\x31\x2e\x35\x22\x20\x73\x74\x72\x6f\x6b\x65\x2d\
\x6c\x69\x6e\x65\x63\x61\x70\x3d\x22\x73\x71\x75\x61\x72\x65\x22\
\x20\x73\x74\x72\x6f\x6b\x65\x2d\x6c\x69\x6e\x65\x6a\x6f\x69\x6e\
\x3d\x22\x6d\x69\x74\x65\x72\x22\x20\x66\x69\x6c\x6c\x3d\x22\x6e\
\x6f\x6e\x65\x22\x20\x63\x6f\x6c\x6f\x72\x3d\x22\x23\x30\x30\x30\
\x22\x3e\x20\x3c\x74\x69\x74\x6c\x65\x20\x69\x64\x3d\x22\x6c\x6f\
\x63\x6b\x41\x6c\x74\x4f\x70\x65\x6e\x49\x63\x6f\x6e\x54\x69\x74\
\x6c\x65\x22\x3e\x4c\x6f\x63\x6b\x3c\x2f\x74\x69\x74\x6c\x65\x3e\
\x20\x3c\x70\x61\x74\x68\x20\x64\x3d\x22\x4d\x37\x2c\x37\x2e\x36\
\x32\x35\x20\x4c\x37\x2c\x37\x20\x43\x37\x2c\x34\x2e\x32\x33\x38\
\x35\x37\x36\x32\x35\x20\x39\x2e\x32\x33\x38\x35\x37\x36\x32\x35\
\x2c\x32\x20\x31\x32\x2c\x32\x20\x4c\x31\x32\x2c\x32\x20\x43\x31\
\x34\x2e\x37\x36\x31\x34\x32\x33\x37\x2c\x32\x20\x31\x37\x2c\x34\
\x2e\x32\x33\x38\x35\x37\x36\x32\x35\x20\x31\x37\x2c\x37\x20\x4c\
\x31\x37\x2c\x31\x31\x22\x2f\x3e\x20\x3c\x72\x65\x63\x74\x20\x77\
\x69\x64\x74\x68\x3d\x22\x31\x34\x22\x20\x68\x65\x69\x67\x68\x74\
\x3d\x22\x31\x30\x22\x20\x78\x3d\x22\x35\x22\x20\x79\x3d\x22\x31\
\x31\x22\x2f\x3e\x20\x3c\x63\x69\x72\x63\x6c\x65\x20\x63\x78\x3d\
\x22\x31\x32\x22\x20\x63\x79\x3d\x22\x31\x36\x22\x20\x72\x3d\x22\
\x31\x22\x2f\x3e\x20\x3c\x2f\x73\x76\x67\x3e\
\x00\x00\x01\x40\
\x3c\
\x73\x76\x67\x20\x72\x6f\x6c\x65\x3d\x22\x69\x6d\x67\x22\x20\x78\
\x6d\x6c\x6e\x73\x3d\x22\x68\x74\x74\x70\x3a\x2f\x2f\x77\x77\x77\
\x2e\x77\x33\x2e\x6f\x72\x67\x2f\x32\x30\x30\x30\x2f\x73\x76\x67\
\x22\x20\x77\x69\x64\x74\x68\x3d\x22\x33\x32\x70\x78\x22\x20\x68\
\x65\x69\x67\x68\x74\x3d\x22\x33\x32\x70\x78\x22\x20\x76\x69\x65\
\x77\x42\x6f\x78\x3d\x22\x30\x20\x30\x20\x32\x34\x20\x32\x34\x22\
\x20\x61\x72\x69\x61\x2d\x6c\x61\x62\x65\x6c\x6c\x65\x64\x62\x79\
\x3d\x22\x66\x6f\x6c\x64\x65\x72\x49\x63\x6f\x6e\x54\x69\x74\x6c\
\x65\x22\x20\x73\x74\x72\x6f\x6b\x65\x3d\x22\x23\x30\x30\x30\x22\
\x20\x73\x74\x72\x6f\x6b\x65\x2d\x77\x69\x64\x74\x68\x3d\x22\x31\
\x2e\x35\x22\x20\x73\x74\x72\x6f\x6b\x65\x2d\x6c\x69\x6e\x65\x63\
\x61\x70\x3d\x22\x73\x71\x75\x61\x72\x65\x22\x20\x73\x74\x72\x6f\
\x6b\x65\x2d\x6c\x69\x6e\x65\x6a\x6f\x69\x6e\x3d\x22\x6d\x69\x74\
\x65\x72\x22\x20\x66\x69\x6c\x6c\x3d\x22\x6e\x6f\x6e\x65\x22\x20\
\x63\x6f\x6c\x6f\x72\x3d\x22\x23\x30\x30\x30\x22\x3e\x20\x3c\x74\
\x69\x74\x6c\x65\x20\x69\x64\x3d\x22\x66\x6f\x6c\x64\x65\x72\x49\
\x63\x6f\x6e\x54\x69\x74\x6c\x65\x22\x3e\x46\x6f\x6c\x64\x65\x72\
\x3c\x2f\x74\x69\x74\x6c\x65\x3e\x20\x3c\x70\x61\x74\x68\x20\x64\
\x3d\x22\x4d\x33\x20\x35\x68\x36\x6c\x31\x20\x32\x68\x31\x31\x76\
\x31\x32\x48\x33\x7a\x22\x2f\x3e\x20\x3c\x2f\x73\x76\x67\x3e\
\x00\x00\x01\xb6\
\x3c\
\x73\x76\x67\x20\x72\x6f\x6c\x65\x3d\x22\x69\x6d\x67\x22\x20\x78\
\x6d\x6c\x6e\x73\x3d\x22\x68\x74\x74\x70\x3a\x2f\x2f\x77\x77\x77\
\x2e\x77\x33\x2e\x6f\x72\x67\x2f\x32\x30\x30\x30\x2f\x73\x76\x67\
\x22\x20\x77\x69\x64\x74\x68\x3d\x22\x33\x32\x70\x78\x22\x20\x68\
\x65\x69\x67\x68\x74\x3d\x22\x33\x32\x70\x78\x22\x20\x76\x69\x65\
\x77\x42\x6f\x78\x3d\x22\x30\x20\x30\x20\x32\x34\x20\x32\x34\x22\
\x20\x61\x72\x69\x61\x2d\x6c\x61\x62\x65\x6c\x6c\x65\x64\x62\x79\
\x3d\x22\x6c\x6f\x63\x6b\x4f\x70\x65\x6e\x49\x63\x6f\x6e\x54\x69\
\x74\x6c\x65\x22\x20\x73\x74\x72\x6f\x6b\x65\x3d\x22\x23\x30\x30\
\x30\x22\x20\x73\x74\x72\x6f\x6b\x65\x2d\x77\x69\x64\x74\x68\x3d\
\x22\x31\x2e\x35\x22\x20\x73\x74\x72\x6f\x6b\x65\x2d\x6c\x69\x6e\
\x65\x63\x61\x70\x3d\x22\x73\x71\x75\x61\x72\x65\x22\x20\x73\x74\
\x72\x6f\x6b\x65\x2d\x6c\x69\x6e\x65\x6a\x6f\x69\x6e\x3d\x22\x6d\
\x69\x74\x65\x72\x22\x20\x66\x69\x6c\x6c\x3d\x22\x6e\x6f\x6e\x65\
\x22\x20\x63\x6f\x6c\x6f\x72\x3d\x22\x23\x30\x30\x30\x22\x3e\x20\
\x3c\x74\x69\x74\x6c\x65\x20\x69\x64\x3d\x22\x6c\x6f\x63\x6b\x4f\
\x70\x65\x6e\x49\x63\x6f\x6e\x54\x69\x74\x6c\x65\x22\x3e\x4c\x6f\
\x63\x6b\x3c\x2f\x74\x69\x74\x6c\x65\x3e\x20\x3c\x70\x61\x74\x68\
\x20\x64\x3d\x22\x4d\x37\x2c\x37\x2e\x36\x32\x35\x20\x4c\x37\x2c\
\x37\x20\x43\x37\x2c\x34\x2e\x32\x33\x38\x35\x37\x36\x32\x35\x20\
\x39\x2e\x32\x33\x38\x35\x37\x36\x32\x35\x2c\x32\x20\x31\x32\x2c\
\x32\x20\x4c\x31\x32\x2c\x32\x20\x43\x31\x34\x2e\x37\x36\x31\x34\
\x32\x33\x37\x2c\x32\x20\x31\x37\x2c\x34\x2e\x32\x33\x38\x35\x37\
\x36\x32\x35\x20\x31\x37\x2c\x37\x20\x4c\x31\x37\x2c\x31\x31\x22\
\x2f\x3e\x20\x3c\x72\x65\x63\x74\x20\x77\x69\x64\x74\x68\x3d\x22\
\x31\x34\x22\x20\x68\x65\x69\x67\x68\x74\x3d\x22\x31\x30\x22\x20\
\x78\x3d\x22\x35\x22\x20\x79\x3d\x22\x31\x31\x22\x2f\x3e\x20\x3c\
\x2f\x73\x76\x67\x3e\
\x00\x00\x01\x7a\
\x3c\
\x73\x76\x67\x20\x72\x6f\x6c\x65\x3d\x22\x69\x6d\x67\x22\x20\x78\
\x6d\x6c\x6e\x73\x3d\x22\x68\x74\x74\x70\x3a\x2f\x2f\x77\x77\x77\
\x2e\x77\x33\x2e\x6f\x72\x67\x2f\x32\x30\x30\x30\x2f\x73\x76\x67\
\x22\x20\x77\x69\x64\x74\x68\x3d\x22\x33\x32\x70\x78\x22\x20\x68\
\x65\x69\x67\x68\x74\x3d\x22\x33\x32\x70\x78\x22\x20\x76\x69\x65\
\x77\x42\x6f\x78\x3d\x22\x30\x20\x30\x20\x32\x34\x20\x32\x34\x22\
\x20\x61\x72\x69\x61\x2d\x6c\x61\x62\x65\x6c\x6c\x65\x64\x62\x79\
\x3d\x22\x6c\x61\x79\x6f\x75\x74\x52\x69\x67\x68\x74\x49\x63\x6f\
\x6e\x54\x69\x74\x6c\x65\x22\x20\x73\x74\x72\x6f\x6b\x65\x3d\x22\
\x23\x30\x30\x30\x22\x20\x73\x74\x72\x6f\x6b\x65\x2d\x77\x69\x64\
\x74\x68\x3d\x22\x31\x2e\x35\x22\x20\x73\x74\x72\x6f\x6b\x65\x2d\
\x6c\x69\x6e\x65\x63\x61\x70\x3d\x22\x73\x71\x75\x61\x72\x65\x22\
\x20\x73\x74\x72\x6f\x6b\x65\x2d\x6c\x69\x6e\x65\x6a\x6f\x69\x6e\
\x3d\x22\x6d\x69\x74\x65\x72\x22\x20\x66\x69\x6c\x6c\x3d\x22\x6e\
\x6f\x6e\x65\x22\x20\x63\x6f\x6c\x6f\x72\x3d\x22\x23\x30\x30\x30\
\x22\x3e\x20\x3c\x74\x69\x74\x6c\x65\x20\x69\x64\x3d\x22\x6c\x61\
\x79\x6f\x75\x74\x52\x69\x67\x68\x74\x49\x63\x6f\x6e\x54\x69\x74\
\x6c\x65\x22\x3e\x4c\x61\x79\x6f\x75\x74\x20\x52\x69\x67\x68\x74\
\x3c\x2f\x74\x69\x74\x6c\x65\x3e\x20\x3c\x72\x65\x63\x74\x20\x77\
\x69\x64\x74\x68\x3d\x22\x31\x38\x22\x20\x68\x65\x69\x67\x68\x74\
\x3d\x22\x31\x38\x22\x20\x78\x3d\x22\x33\x22\x20\x79\x3d\x22\x33\
\x22\x2f\x3e\x20\x3c\x70\x61\x74\x68\x20\x64\x3d\x22\x4d\x33\x20\
\x38\x4c\x32\x31\x20\x38\x4d\x39\x20\x38\x4c\x39\x20\x32\x31\x22\
\x2f\x3e\x20\x3c\x2f\x73\x76\x67\x3e\
\x00\x00\x01\x6f\
\x3c\
\x73\x76\x67\x20\x77\x69\x64\x74\x68\x3d\x22\x33\x32\x70\x78\x22\
\x20\x68\x65\x69\x67\x68\x74\x3d\x22\x33\x32\x70\x78\x22\x20\x76\
\x69\x65\x77\x42\x6f\x78\x3d\x22\x30\x20\x30\x20\x32\x34\x20\x32\
\x34\x22\x20\x78\x6d\x6c\x6e\x73\x3d\x22\x68\x74\x74\x70\x3a\x2f\
\x2f\x77\x77\x77\x2e\x77\x33\x2e\x6f\x72\x67\x2f\x32\x30\x30\x30\
\x2f\x73\x76\x67\x22\x20\x61\x72\x69\x61\x2d\x6c\x61\x62\x65\x6c\
\x6c\x65\x64\x62\x79\x3d\x22\x6c\x69\x73\x74\x56\x69\x65\x77\x49\
\x63\x6f\x6e\x54\x69\x74\x6c\x65\x22\x20\x73\x74\x72\x6f\x6b\x65\
\x3d\x22\x23\x30\x30\x30\x22\x20\x73\x74\x72\x6f\x6b\x65\x2d\x77\
\x69\x64\x74\x68\x3d\x22\x31\x2e\x35\x22\x20\x73\x74\x72\x6f\x6b\
\x65\x2d\x6c\x69\x6e\x65\x63\x61\x70\x3d\x22\x73\x71\x75\x61\x72\
\x65\x22\x20\x73\x74\x72\x6f\x6b\x65\x2d\x6c\x69\x6e\x65\x6a\x6f\
\x69\x6e\x3d\x22\x6d\x69\x74\x65\x72\x22\x20\x66\x69\x6c\x6c\x3d\
\x22\x6e\x6f\x6e\x65\x22\x20\x63\x6f\x6c\x6f\x72\x3d\x22\x23\x30\
\x30\x30\x22\x3e\x20\x3c\x74\x69\x74\x6c\x65\x20\x69\x64\x3d\x22\
\x6c\x69\x73\x74\x56\x69\x65\x77\x49\x63\x6f\x6e\x54\x69\x74\x6c\
\x65\x22\x3e\x4c\x69\x73\x74\x20\x76\x69\x65\x77\x3c\x2f\x74\x69\
\x74\x6c\x65\x3e\x20\x3c\x70\x61\x74\x68\x20\x64\x3d\x22\x4d\x35\
\x20\x35\x48\x31\x39\x22\x2f\x3e\x20\x3c\x70\x61\x74\x68\x20\x64\
\x3d\x22\x4d\x35\x20\x31\x39\x48\x31\x39\x22\x2f\x3e\x20\x3c\x72\
\x65\x63\x74\x20\x78\x3d\x22\x35\x22\x20\x79\x3d\x22\x39\x22\x20\
\x77\x69\x64\x74\x68\x3d\x22\x31\x34\x22\x20\x68\x65\x69\x67\x68\
\x74\x3d\x22\x36\x22\x2f\x3e\x20\x3c\x2f\x73\x76\x67\x3e\
\x00\x00\x01\x85\
\x3c\
\x73\x76\x67\x20\x72\x6f\x6c\x65\x3d\x22\x69\x6d\x67\x22\x20\x78\
\x6d\x6c\x6e\x73\x3d\x22\x68\x74\x74\x70\x3a\x2f\x2f\x77\x77\x77\
\x2e\x77\x33\x2e\x6f\x72\x67\x2f\x32\x30\x30\x30\x2f\x73\x76\x67\
\x22\x20\x77\x69\x64\x74\x68\x3d\x22\x33\x32\x70\x78\x22\x20\x68\
\x65\x69\x67\x68\x74\x3d\x22\x33\x32\x70\x78\x22\x20\x76\x69\x65\
\x77\x42\x6f\x78\x3d\x22\x30\x20\x30\x20\x32\x34\x20\x32\x34\x22\
\x20\x61\x72\x69\x61\x2d\x6c\x61\x62\x65\x6c\x6c\x65\x64\x62\x79\
\x3d\x22\x76\x6f\x6c\x75\x6d\x65\x4f\x66\x66\x49\x63\x6f\x6e\x54\
\x69\x74\x6c\x65\x22\x20\x73\x74\x72\x6f\x6b\x65\x3d\x22\x23\x30\
\x30\x30\x22\x20\x73\x74\x72\x6f\x6b\x65\x2d\x77\x69\x64\x74\x68\
\x3d\x22\x31\x2e\x35\x22\x20\x73\x74\x72\x6f\x6b\x65\x2d\x6c\x69\
\x6e\x65\x63\x61\x70\x3d\x22\x73\x71\x75\x61\x72\x65\x22\x20\x73\
\x74\x72\x6f\x6b\x65\x2d\x6c\x69\x6e\x65\x6a\x6f\x69\x6e\x3d\x22\
\x6d\x69\x74\x65\x72\x22\x20\x66\x69\x6c\x6c\x3d\x22\x6e\x6f\x6e\
\x65\x22\x20\x63\x6f\x6c\x6f\x72\x3d\x22\x23\x30\x30\x30\x22\x3e\
\x20\x3c\x74\x69\x74\x6c\x65\x20\x69\x64\x3d\x22\x76\x6f\x6c\x75\
\x6d\x65\x4f\x66\x66\x49\x63\x6f\x6e\x54\x69\x74\x6c\x65\x22\x3e\
\x56\x6f\x6c\x75\x6d\x65\x20\x4f\x66\x66\x3c\x2f\x74\x69\x74\x6c\
\x65\x3e\x20\x3c\x70\x61\x74\x68\x20\x64\x3d\x22\x4d\x31\x33\x20\
\x35\x76\x31\x34\x6c\x2d\x35\x2d\x34\x48\x33\x56\x39\x68\x35\x7a\
\x22\x2f\x3e\x20\x3c\x70\x61\x74\x68\x20\x73\x74\x72\x6f\x6b\x65\
\x2d\x6c\x69\x6e\x65\x63\x61\x70\x3d\x22\x72\x6f\x75\x6e\x64\x22\
\x20\x64\x3d\x22\x4d\x31\x33\x20\x31\x34\x63\x31\x2e\x35\x2d\x31\
\x20\x31\x2e\x35\x2d\x33\x20\x30\x2d\x34\x22\x2f\x3e\x20\x3c\x2f\
\x73\x76\x67\x3e\
\x00\x00\x01\x9a\
\x3c\
\x73\x76\x67\x20\x72\x6f\x6c\x65\x3d\x22\x69\x6d\x67\x22\x20\x78\
\x6d\x6c\x6e\x73\x3d\x22\x68\x74\x74\x70\x3a\x2f\x2f\x77\x77\x77\
\x2e\x77\x33\x2e\x6f\x72\x67\x2f\x32\x30\x30\x30\x2f\x73\x76\x67\
\x22\x20\x77\x69\x64\x74\x68\x3d\x22\x33\x32\x70\x78\x22\x20\x68\
\x65\x69\x67\x68\x74\x3d\x22\x33\x32\x70\x78\x22\x20\x76\x69\x65\
\x77\x42\x6f\x78\x3d\x22\x30\x20\x30\x20\x32\x34\x20\x32\x34\x22\
\x20\x61\x72\x69\x61\x2d\x6c\x61\x62\x65\x6c\x6c\x65\x64\x62\x79\
\x3d\x22\x74\x75\x72\x6e\x4c\x65\x66\x74\x49\x63\x6f\x6e\x54\x69\
\x74\x6c\x65\x22\x20\x73\x74\x72\x6f\x6b\x65\x3d\x22\x23\x30\x30\
\x30\x22\x20\x73\x74\x72\x6f\x6b\x65\x2d\x77\x69\x64\x74\x68\x3d\
\x22\x31\x2e\x35\x22\x20\x73\x74\x72\x6f\x6b\x65\x2d\x6c\x69\x6e\
\x65\x63\x61\x70\x3d\x22\x73\x71\x75\x61\x72\x65\x22\x20\x73\x74\
\x72\x6f\x6b\x65\x2d\x6c\x69\x6e\x65\x6a\x6f\x69\x6e\x3d\x22\x6d\
\x69\x74\x65\x72\x22\x20\x66\x69\x6c\x6c\x3d\x22\x6e\x6f\x6e\x65\
\x22\x20\x63\x6f\x6c\x6f\x72\x3d\x22\x23\x30\x30\x30\x22\x3e\x20\
\x3c\x74\x69\x74\x6c\x65\x20\x69\x64\x3d\x22\x74\x75\x72\x6e\x4c\
\x65\x66\x74\x49\x63\x6f\x6e\x54\x69\x74\x6c\x65\x22\x3e\x54\x75\
\x72\x6e\x20\x4c\x65\x66\x74\x3c\x2f\x74\x69\x74\x6c\x65\x3e\x20\
\x3c\x70\x61\x74\x68\x20\x64\x3d\x22\x4d\x34\x2e\x37\x31\x34\x39\
\x33\x32\x31\x33\x2c\x39\x20\x4c\x38\x2e\x30\x36\x31\x37\x36\x34\
\x37\x31\x2c\x39\x20\x43\x31\x34\x2e\x36\x35\x35\x30\x37\x2c\x39\
\x20\x32\x30\x2c\x31\x33\x2e\x30\x39\x38\x33\x35\x37\x34\x20\x32\
\x30\x2c\x31\x39\x2e\x33\x38\x37\x35\x22\x2f\x3e\x20\x3c\x70\x6f\
\x6c\x79\x6c\x69\x6e\x65\x20\x70\x6f\x69\x6e\x74\x73\x3d\x22\x39\
\x20\x31\x34\x20\x34\x20\x39\x20\x39\x20\x34\x20\x39\x20\x34\x22\
\x2f\x3e\x20\x3c\x2f\x73\x76\x67\x3e\
\x00\x00\x01\xb7\
\x3c\
\x73\x76\x67\x20\x77\x69\x64\x74\x68\x3d\x22\x33\x32\x70\x78\x22\
\x20\x68\x65\x69\x67\x68\x74\x3d\x22\x33\x32\x70\x78\x22\x20\x76\
\x69\x65\x77\x42\x6f\x78\x3d\x22\x30\x20\x30\x20\x32\x34\x20\x32\
\x34\x22\x20\x66\x69\x6c\x6c\x3d\x22\x6e\x6f\x6e\x65\x22\x20\x78\
\x6d\x6c\x6e\x73\x3d\x22\x68\x74\x74\x70\x3a\x2f\x2f\x77\x77\x77\
\x2e\x77\x33\x2e\x6f\x72\x67\x2f\x32\x30\x30\x30\x2f\x73\x76\x67\
\x22\x20\x61\x72\x69\x61\x2d\x6c\x61\x62\x65\x6c\x6c\x65\x64\x62\
\x79\x3d\x22\x63\x61\x72\x49\x63\x6f\x6e\x54\x69\x74\x6c\x65\x22\
\x20\x73\x74\x72\x6f\x6b\x65\x3d\x22\x23\x30\x30\x30\x22\x20\x73\
\x74\x72\x6f\x6b\x65\x2d\x77\x69\x64\x74\x68\x3d\x22\x31\x2e\x35\
\x22\x20\x73\x74\x72\x6f\x6b\x65\x2d\x6c\x69\x6e\x65\x63\x61\x70\
\x3d\x22\x73\x71\x75\x61\x72\x65\x22\x20\x73\x74\x72\x6f\x6b\x65\
\x2d\x6c\x69\x6e\x65\x6a\x6f\x69\x6e\x3d\x22\x6d\x69\x74\x65\x72\
\x22\x20\x63\x6f\x6c\x6f\x72\x3d\x22\x23\x30\x30\x30\x22\x3e\x20\
\x3c\x74\x69\x74\x6c\x65\x20\x69\x64\x3d\x22\x63\x61\x72\x49\x63\
\x6f\x6e\x54\x69\x74\x6c\x65\x22\x3e\x43\x61\x72\x3c\x2f\x74\x69\
\x74\x6c\x65\x3e\x20\x3c\x70\x61\x74\x68\x20\x64\x3d\x22\x4d\x35\
\x20\x31\x31\x4c\x37\x20\x35\x48\x31\x37\x4c\x31\x39\x20\x31\x31\
\x4d\x35\x20\x31\x31\x48\x31\x39\x4d\x35\x20\x31\x31\x56\x31\x37\
\x4d\x31\x39\x20\x31\x31\x56\x31\x37\x4d\x35\x20\x31\x37\x56\x31\
\x39\x48\x36\x56\x31\x37\x4d\x35\x20\x31\x37\x48\x36\x4d\x31\x39\
\x20\x31\x37\x56\x31\x39\x48\x31\x38\x56\x31\x37\x4d\x31\x39\x20\
\x31\x37\x48\x31\x38\x4d\x36\x20\x31\x37\x48\x31\x38\x22\x2f\x3e\
\x20\x3c\x63\x69\x72\x63\x6c\x65\x20\x63\x78\x3d\x22\x38\x22\x20\
\x63\x79\x3d\x22\x31\x34\x22\x20\x72\x3d\x22\x31\x22\x2f\x3e\x20\
\x3c\x63\x69\x72\x63\x6c\x65\x20\x63\x78\x3d\x22\x31\x36\x22\x20\
\x63\x79\x3d\x22\x31\x34\x22\x20\x72\x3d\x22\x31\x22\x2f\x3e\x20\
\x3c\x2f\x73\x76\x67\x3e\
\x00\x00\x01\x70\
\x3c\
\x73\x76\x67\x20\x77\x69\x64\x74\x68\x3d\x22\x33\x32\x70\x78\x22\
\x20\x68\x65\x69\x67\x68\x74\x3d\x22\x33\x32\x70\x78\x22\x20\x76\
\x69\x65\x77\x42\x6f\x78\x3d\x22\x30\x20\x30\x20\x32\x34\x20\x32\
\x34\x22\x20\x78\x6d\x6c\x6e\x73\x3d\x22\x68\x74\x74\x70\x3a\x2f\
\x2f\x77\x77\x77\x2e\x77\x33\x2e\x6f\x72\x67\x2f\x32\x30\x30\x30\
\x2f\x73\x76\x67\x22\x20\x61\x72\x69\x61\x2d\x6c\x61\x62\x65\x6c\
\x6c\x65\x64\x62\x79\x3d\x22\x66\x6f\x6c\x64\x65\x72\x41\x64\x64\
\x49\x63\x6f\x6e\x54\x69\x74\x6c\x65\x22\x20\x73\x74\x72\x6f\x6b\
\x65\x3d\x22\x23\x30\x30\x30\x22\x20\x73\x74\x72\x6f\x6b\x65\x2d\
\x77\x69\x64\x74\x68\x3d\x22\x31\x2e\x35\x22\x20\x73\x74\x72\x6f\
\x6b\x65\x2d\x6c\x69\x6e\x65\x63\x61\x70\x3d\x22\x73\x71\x75\x61\
\x72\x65\x22\x20\x73\x74\x72\x6f\x6b\x65\x2d\x6c\x69\x6e\x65\x6a\
\x6f\x69\x6e\x3d\x22\x6d\x69\x74\x65\x72\x22\x20\x66\x69\x6c\x6c\
\x3d\x22\x6e\x6f\x6e\x65\x22\x20\x63\x6f\x6c\x6f\x72\x3d\x22\x23\
\x30\x30\x30\x22\x3e\x20\x3c\x74\x69\x74\x6c\x65\x20\x69\x64\x3d\
\x22\x66\x6f\x6c\x64\x65\x72\x41\x64\x64\x49\x63\x6f\x6e\x54\x69\
\x74\x6c\x65\x22\x3e\x41\x64\x64\x20\x74\x6f\x20\x66\x6f\x6c\x64\
\x65\x72\x3c\x2f\x74\x69\x74\x6c\x65\x3e\x20\x3c\x70\x61\x74\x68\
\x20\x64\x3d\x22\x4d\x33\x20\x35\x48\x39\x4c\x31\x30\x20\x37\x48\
\x32\x31\x56\x31\x39\x48\x33\x56\x35\x5a\x22\x2f\x3e\x20\x3c\x70\
\x61\x74\x68\x20\x64\x3d\x22\x4d\x31\x35\x20\x31\x33\x48\x39\x22\
\x2f\x3e\x20\x3c\x70\x61\x74\x68\x20\x64\x3d\x22\x4d\x31\x32\x20\
\x31\x30\x56\x31\x36\x22\x2f\x3e\x20\x3c\x2f\x73\x76\x67\x3e\
\x00\x00\x02\x04\
\x3c\
\x73\x76\x67\x20\x72\x6f\x6c\x65\x3d\x22\x69\x6d\x67\x22\x20\x78\
\x6d\x6c\x6e\x73\x3d\x22\x68\x74\x74\x70\x3a\x2f\x2f\x77\x77\x77\
\x2e\x77\x33\x2e\x6f\x72\x67\x2f\x32\x30\x30\x30\x2f\x73\x76\x67\
\x22\x20\x77\x69\x64\x74\x68\x3d\x22\x33\x32\x70\x78\x22\x20\x68\
\x65\x69\x67\x68\x74\x3d\x22\x33\x32\x70\x78\x22\x20\x76\x69\x65\
\x77\x42\x6f\x78\x3d\x22\x30\x20\x30\x20\x32\x34\x20\x32\x34\x22\
\x20\x61\x72\x69\x61\x2d\x6c\x61\x62\x65\x6c\x6c\x65\x64\x62\x79\
\x3d\x22\x65\x64\x69\x74\x49\x63\x6f\x6e\x54\x69\x74\x6c\x65\x22\
\x20\x73\x74\x72\x6f\x6b\x65\x3d\x22\x23\x30\x30\x30\x22\x20\x73\
\x74\x72\x6f\x6b\x65\x2d\x77\x69\x64\x74\x68\x3d\x22\x31\x2e\x35\
\x22\x20\x73\x74\x72\x6f\x6b\x65\x2d\x6c\x69\x6e\x65\x63\x61\x70\
\x3d\x22\x73\x71\x75\x61\x72\x65\x22\x20\x73\x74\x72\x6f\x6b\x65\
\x2d\x6c\x69\x6e\x65\x6a\x6f\x69\x6e\x3d\x22\x6d\x69\x74\x65\x72\
\x22\x20\x66\x69\x6c\x6c\x3d\x22\x6e\x6f\x6e\x65\x22\x20\x63\x6f\
\x6c\x6f\x72\x3d\x22\x23\x30\x30\x30\x22\x3e\x20\x3c\x74\x69\x74\
\x6c\x65\x20\x69\x64\x3d\x22\x65\x64\x69\x74\x49\x63\x6f\x6e\x54\
\x69\x74\x6c\x65\x22\x3e\x45\x64\x69\x74\x3c\x2f\x74\x69\x74\x6c\
\x65\x3e\x20\x3c\x70\x61\x74\x68\x20\x64\x3d\x22\x4d\x31\x38\x2e\
\x34\x31\x34\x32\x31\x33\x36\x20\x34\x2e\x34\x31\x34\x32\x31\x33\
\x35\x36\x4c\x31\x39\x2e\x35\x38\x35\x37\x38\x36\x34\x20\x35\x2e\
\x35\x38\x35\x37\x38\x36\x34\x34\x43\x32\x30\x2e\x33\x36\x36\x38\
\x33\x35\x20\x36\x2e\x33\x36\x36\x38\x33\x35\x30\x32\x20\x32\x30\
\x2e\x33\x36\x36\x38\x33\x35\x20\x37\x2e\x36\x33\x33\x31\x36\x34\
\x39\x38\x20\x31\x39\x2e\x35\x38\x35\x37\x38\x36\x34\x20\x38\x2e\
\x34\x31\x34\x32\x31\x33\x35\x36\x4c\x38\x20\x32\x30\x20\x34\x20\
\x32\x30\x20\x34\x20\x31\x36\x20\x31\x35\x2e\x35\x38\x35\x37\x38\
\x36\x34\x20\x34\x2e\x34\x31\x34\x32\x31\x33\x35\x36\x43\x31\x36\
\x2e\x33\x36\x36\x38\x33\x35\x20\x33\x2e\x36\x33\x33\x31\x36\x34\
\x39\x38\x20\x31\x37\x2e\x36\x33\x33\x31\x36\x35\x20\x33\x2e\x36\
\x33\x33\x31\x36\x34\x39\x38\x20\x31\x38\x2e\x34\x31\x34\x32\x31\
\x33\x36\x20\x34\x2e\x34\x31\x34\x32\x31\x33\x35\x36\x7a\x4d\x31\
\x34\x20\x36\x4c\x31\x38\x20\x31\x30\x22\x2f\x3e\x20\x3c\x2f\x73\
\x76\x67\x3e\
\x00\x00\x01\x5a\
\x3c\
\x73\x76\x67\x20\x72\x6f\x6c\x65\x3d\x22\x69\x6d\x67\x22\x20\x78\
\x6d\x6c\x6e\x73\x3d\x22\x68\x74\x74\x70\x3a\x2f\x2f\x77\x77\x77\
\x2e\x77\x33\x2e\x6f\x72\x67\x2f\x32\x30\x30\x30\x2f\x73\x76\x67\
\x22\x20\x77\x69\x64\x74\x68\x3d\x22\x33\x32\x70\x78\x22\x20\x68\
\x65\x69\x67\x68\x74\x3d\x22\x33\x32\x70\x78\x22\x20\x76\x69\x65\
\x77\x42\x6f\x78\x3d\x22\x30\x20\x30\x20\x32\x34\x20\x32\x34\x22\
\x20\x61\x72\x69\x61\x2d\x6c\x61\x62\x65\x6c\x6c\x65\x64\x62\x79\
\x3d\x22\x63\x68\x65\x76\x72\x6f\x6e\x4c\x65\x66\x74\x49\x63\x6f\
\x6e\x54\x69\x74\x6c\x65\x22\x20\x73\x74\x72\x6f\x6b\x65\x3d\x22\
\x23\x30\x30\x30\x22\x20\x73\x74\x72\x6f\x6b\x65\x2d\x77\x69\x64\
\x74\x68\x3d\x22\x31\x2e\x35\x22\x20\x73\x74\x72\x6f\x6b\x65\x2d\
\x6c\x69\x6e\x65\x63\x61\x70\x3d\x22\x73\x71\x75\x61\x72\x65\x22\
\x20\x73\x74\x72\x6f\x6b\x65\x2d\x6c\x69\x6e\x65\x6a\x6f\x69\x6e\
\x3d\x22\x6d\x69\x74\x65\x72\x22\x20\x66\x69\x6c\x6c\x3d\x22\x6e\
\x6f\x6e\x65\x22\x20\x63\x6f\x6c\x6f\x72\x3d\x22\x23\x30\x30\x30\
\x22\x3e\x20\x3c\x74\x69\x74\x6c\x65\x20\x69\x64\x3d\x22\x63\x68\
\x65\x76\x72\x6f\x6e\x4c\x65\x66\x74\x49\x63\x6f\x6e\x54\x69\x74\
\x6c\x65\x22\x3e\x43\x68\x65\x76\x72\x6f\x6e\x20\x4c\x65\x66\x74\
\x3c\x2f\x74\x69\x74\x6c\x65\x3e\x20\x3c\x70\x6f\x6c\x79\x6c\x69\
\x6e\x65\x20\x70\x6f\x69\x6e\x74\x73\x3d\x22\x31\x34\x20\x31\x38\
\x20\x38\x20\x31\x32\x20\x31\x34\x20\x36\x20\x31\x34\x20\x36\x22\
\x2f\x3e\x20\x3c\x2f\x73\x76\x67\x3e\
\x00\x00\x02\x28\
\x3c\
\x73\x76\x67\x20\x72\x6f\x6c\x65\x3d\x22\x69\x6d\x67\x22\x20\x78\
\x6d\x6c\x6e\x73\x3d\x22\x68\x74\x74\x70\x3a\x2f\x2f\x77\x77\x77\
\x2e\x77\x33\x2e\x6f\x72\x67\x2f\x32\x30\x30\x30\x2f\x73\x76\x67\
\x22\x20\x77\x69\x64\x74\x68\x3d\x22\x33\x32\x70\x78\x22\x20\x68\
\x65\x69\x67\x68\x74\x3d\x22\x33\x32\x70\x78\x22\x20\x76\x69\x65\
\x77\x42\x6f\x78\x3d\x22\x30\x20\x30\x20\x32\x34\x20\x32\x34\x22\
\x20\x61\x72\x69\x61\x2d\x6c\x61\x62\x65\x6c\x6c\x65\x64\x62\x79\
\x3d\x22\x7a\x6f\x6f\x6d\x49\x6e\x49\x63\x6f\x6e\x54\x69\x74\x6c\
\x65\x22\x20\x73\x74\x72\x6f\x6b\x65\x3d\x22\x23\x30\x30\x30\x22\
\x20\x73\x74\x72\x6f\x6b\x65\x2d\x77\x69\x64\x74\x68\x3d\x22\x31\
\x2e\x35\x22\x20\x73\x74\x72\x6f\x6b\x65\x2d\x6c\x69\x6e\x65\x63\
\x61\x70\x3d\x22\x73\x71\x75\x61\x72\x65\x22\x20\x73\x74\x72\x6f\
\x6b\x65\x2d\x6c\x69\x6e\x65\x6a\x6f\x69\x6e\x3d\x22\x6d\x69\x74\
\x65\x72\x22\x20\x66\x69\x6c\x6c\x3d\x22\x6e\x6f\x6e\x65\x22\x20\
\x63\x6f\x6c\x6f\x72\x3d\x22\x23\x30\x30\x30\x22\x3e\x20\x3c\x74\
\x69\x74\x6c\x65\x20\x69\x64\x3d\x22\x7a\x6f\x6f\x6d\x49\x6e\x49\
\x63\x6f\x6e\x54\x69\x74\x6c\x65\x22\x3e\x5a\x6f\x6f\x6d\x20\x49\
\x6e\x3c\x2f\x74\x69\x74\x6c\x65\x3e\x20\x3c\x70\x61\x74\x68\x20\
\x64\x3d\x22\x4d\x34\x2c\x32\x30\x20\x4c\x39\x2e\x35\x38\x37\x38\
\x38\x37\x37\x38\x2c\x31\x34\x2e\x34\x31\x32\x31\x31\x32\x32\x22\
\x2f\x3e\x20\x3c\x70\x61\x74\x68\x20\x64\x3d\x22\x4d\x31\x34\x2c\
\x31\x36\x20\x43\x31\x30\x2e\x36\x38\x36\x32\x39\x31\x35\x2c\x31\
\x36\x20\x38\x2c\x31\x33\x2e\x33\x31\x33\x37\x30\x38\x35\x20\x38\
\x2c\x31\x30\x20\x43\x38\x2c\x36\x2e\x36\x38\x36\x32\x39\x31\x35\
\x20\x31\x30\x2e\x36\x38\x36\x32\x39\x31\x35\x2c\x34\x20\x31\x34\
\x2c\x34\x20\x43\x31\x37\x2e\x33\x31\x33\x37\x30\x38\x35\x2c\x34\
\x20\x32\x30\x2c\x36\x2e\x36\x38\x36\x32\x39\x31\x35\x20\x32\x30\
\x2c\x31\x30\x20\x43\x32\x30\x2c\x31\x33\x2e\x33\x31\x33\x37\x30\
\x38\x35\x20\x31\x37\x2e\x33\x31\x33\x37\x30\x38\x35\x2c\x31\x36\
\x20\x31\x34\x2c\x31\x36\x20\x5a\x22\x2f\x3e\x20\x3c\x70\x61\x74\
\x68\x20\x64\x3d\x22\x4d\x31\x36\x2e\x36\x36\x36\x36\x36\x36\x37\
\x20\x31\x30\x4c\x31\x31\x2e\x33\x33\x33\x33\x33\x33\x33\x20\x31\
\x30\x4d\x31\x34\x20\x37\x2e\x33\x33\x33\x33\x33\x33\x33\x33\x4c\
\x31\x34\x20\x31\x32\x2e\x36\x36\x36\x36\x36\x36\x37\x22\x2f\x3e\
\x20\x3c\x2f\x73\x76\x67\x3e\
\x00\x00\x01\xf2\
\x3c\
\x73\x76\x67\x20\x77\x69\x64\x74\x68\x3d\x22\x33\x32\x70\x78\x22\
\x20\x68\x65\x69\x67\x68\x74\x3d\x22\x33\x32\x70\x78\x22\x20\x76\
\x69\x65\x77\x42\x6f\x78\x3d\x22\x30\x20\x30\x20\x32\x34\x20\x32\
\x34\x22\x20\x66\x69\x6c\x6c\x3d\x22\x6e\x6f\x6e\x65\x22\x20\x78\
\x6d\x6c\x6e\x73\x3d\x22\x68\x74\x74\x70\x3a\x2f\x2f\x77\x77\x77\
\x2e\x77\x33\x2e\x6f\x72\x67\x2f\x32\x30\x30\x30\x2f\x73\x76\x67\
\x22\x20\x61\x72\x69\x61\x2d\x6c\x61\x62\x65\x6c\x6c\x65\x64\x62\
\x79\x3d\x22\x70\x6c\x61\x6e\x65\x49\x63\x6f\x6e\x54\x69\x74\x6c\
\x65\x22\x20\x73\x74\x72\x6f\x6b\x65\x3d\x22\x23\x30\x30\x30\x22\
\x20\x73\x74\x72\x6f\x6b\x65\x2d\x77\x69\x64\x74\x68\x3d\x22\x31\
\x2e\x35\x22\x20\x73\x74\x72\x6f\x6b\x65\x2d\x6c\x69\x6e\x65\x63\
\x61\x70\x3d\x22\x73\x71\x75\x61\x72\x65\x22\x20\x73\x74\x72\x6f\
\x6b\x65\x2d\x6c\x69\x6e\x65\x6a\x6f\x69\x6e\x3d\x22\x6d\x69\x74\
\x65\x72\x22\x20\x63\x6f\x6c\x6f\x72\x3d\x22\x23\x30\x30\x30\x22\
\x3e\x20\x3c\x74\x69\x74\x6c\x65\x20\x69\x64\x3d\x22\x70\x6c\x61\
\x6e\x65\x49\x63\x6f\x6e\x54\x69\x74\x6c\x65\x22\x3e\x50\x6c\x61\
\x6e\x65\x3c\x2f\x74\x69\x74\x6c\x65\x3e\x20\x3c\x70\x61\x74\x68\
\x20\x64\x3d\x22\x4d\x31\x38\x2e\x33\x39\x33\x37\x20\x34\x2e\x33\
\x36\x33\x38\x4c\x31\x34\x20\x37\x4c\x36\x20\x35\x4c\x35\x20\x36\
\x4c\x31\x30\x2e\x35\x20\x31\x30\x2e\x35\x4c\x38\x20\x31\x34\x48\
\x35\x4c\x34\x20\x31\x35\x4c\x36\x2e\x35\x20\x31\x36\x2e\x35\x4c\
\x37\x2e\x35\x20\x31\x37\x2e\x35\x4c\x39\x20\x32\x30\x4c\x31\x30\
\x20\x31\x39\x56\x31\x36\x4c\x31\x33\x2e\x35\x20\x31\x33\x2e\x35\
\x4c\x31\x38\x20\x31\x39\x4c\x31\x39\x20\x31\x38\x4c\x31\x37\x20\
\x31\x30\x4c\x31\x39\x2e\x36\x33\x36\x32\x20\x35\x2e\x36\x30\x36\
\x33\x34\x43\x31\x39\x2e\x38\x35\x20\x35\x2e\x32\x34\x39\x39\x39\
\x20\x31\x39\x2e\x37\x39\x33\x39\x20\x34\x2e\x37\x39\x33\x38\x35\
\x20\x31\x39\x2e\x35\x20\x34\x2e\x35\x43\x31\x39\x2e\x32\x30\x36\
\x31\x20\x34\x2e\x32\x30\x36\x31\x35\x20\x31\x38\x2e\x37\x35\x20\
\x34\x2e\x31\x34\x39\x39\x39\x20\x31\x38\x2e\x33\x39\x33\x37\x20\
\x34\x2e\x33\x36\x33\x38\x5a\x22\x2f\x3e\x20\x3c\x2f\x73\x76\x67\
\x3e\
\x00\x00\x01\xa5\
\x3c\
\x73\x76\x67\x20\x72\x6f\x6c\x65\x3d\x22\x69\x6d\x67\x22\x20\x78\
\x6d\x6c\x6e\x73\x3d\x22\x68\x74\x74\x70\x3a\x2f\x2f\x77\x77\x77\
\x2e\x77\x33\x2e\x6f\x72\x67\x2f\x32\x30\x30\x30\x2f\x73\x76\x67\
\x22\x20\x77\x69\x64\x74\x68\x3d\x22\x33\x32\x70\x78\x22\x20\x68\
\x65\x69\x67\x68\x74\x3d\x22\x33\x32\x70\x78\x22\x20\x76\x69\x65\
\x77\x42\x6f\x78\x3d\x22\x30\x20\x30\x20\x32\x34\x20\x32\x34\x22\
\x20\x61\x72\x69\x61\x2d\x6c\x61\x62\x65\x6c\x6c\x65\x64\x62\x79\
\x3d\x22\x61\x72\x72\x6f\x77\x55\x70\x49\x63\x6f\x6e\x54\x69\x74\
\x6c\x65\x22\x20\x73\x74\x72\x6f\x6b\x65\x3d\x22\x23\x30\x30\x30\
\x22\x20\x73\x74\x72\x6f\x6b\x65\x2d\x77\x69\x64\x74\x68\x3d\x22\
\x31\x2e\x35\x22\x20\x73\x74\x72\x6f\x6b\x65\x2d\x6c\x69\x6e\x65\
\x63\x61\x70\x3d\x22\x73\x71\x75\x61\x72\x65\x22\x20\x73\x74\x72\
\x6f\x6b\x65\x2d\x6c\x69\x6e\x65\x6a\x6f\x69\x6e\x3d\x22\x6d\x69\
\x74\x65\x72\x22\x20\x66\x69\x6c\x6c\x3d\x22\x6e\x6f\x6e\x65\x22\
\x20\x63\x6f\x6c\x6f\x72\x3d\x22\x23\x30\x30\x30\x22\x3e\x20\x3c\
\x74\x69\x74\x6c\x65\x20\x69\x64\x3d\x22\x61\x72\x72\x6f\x77\x55\
\x70\x49\x63\x6f\x6e\x54\x69\x74\x6c\x65\x22\x3e\x41\x72\x72\x6f\
\x77\x20\x55\x70\x3c\x2f\x74\x69\x74\x6c\x65\x3e\x20\x3c\x70\x61\
\x74\x68\x20\x64\x3d\x22\x4d\x39\x20\x31\x30\x2e\x35\x6c\x33\x2d\
\x33\x20\x33\x20\x33\x22\x2f\x3e\x20\x3c\x70\x61\x74\x68\x20\x64\
\x3d\x22\x4d\x31\x32\x20\x31\x36\x2e\x35\x56\x39\x22\x2f\x3e\x20\
\x3c\x70\x61\x74\x68\x20\x73\x74\x72\x6f\x6b\x65\x2d\x6c\x69\x6e\
\x65\x63\x61\x70\x3d\x22\x72\x6f\x75\x6e\x64\x22\x20\x64\x3d\x22\
\x4d\x31\x32\x20\x37\x2e\x35\x56\x39\x22\x2f\x3e\x20\x3c\x63\x69\
\x72\x63\x6c\x65\x20\x63\x78\x3d\x22\x31\x32\x22\x20\x63\x79\x3d\
\x22\x31\x32\x22\x20\x72\x3d\x22\x31\x30\x22\x2f\x3e\x20\x3c\x2f\
\x73\x76\x67\x3e\
\x00\x00\x01\x48\
\x3c\
\x73\x76\x67\x20\x77\x69\x64\x74\x68\x3d\x22\x33\x32\x70\x78\x22\
\x20\x68\x65\x69\x67\x68\x74\x3d\x22\x33\x32\x70\x78\x22\x20\x76\
\x69\x65\x77\x42\x6f\x78\x3d\x22\x30\x20\x30\x20\x32\x34\x20\x32\
\x34\x22\x20\x66\x69\x6c\x6c\x3d\x22\x6e\x6f\x6e\x65\x22\x20\x78\
\x6d\x6c\x6e\x73\x3d\x22\x68\x74\x74\x70\x3a\x2f\x2f\x77\x77\x77\
\x2e\x77\x33\x2e\x6f\x72\x67\x2f\x32\x30\x30\x30\x2f\x73\x76\x67\
\x22\x20\x61\x72\x69\x61\x2d\x6c\x61\x62\x65\x6c\x6c\x65\x64\x62\
\x79\x3d\x22\x63\x6f\x64\x65\x49\x63\x6f\x6e\x54\x69\x74\x6c\x65\
\x22\x20\x73\x74\x72\x6f\x6b\x65\x3d\x22\x23\x30\x30\x30\x22\x20\
\x73\x74\x72\x6f\x6b\x65\x2d\x77\x69\x64\x74\x68\x3d\x22\x31\x2e\
\x35\x22\x20\x73\x74\x72\x6f\x6b\x65\x2d\x6c\x69\x6e\x65\x63\x61\
\x70\x3d\x22\x73\x71\x75\x61\x72\x65\x22\x20\x73\x74\x72\x6f\x6b\
\x65\x2d\x6c\x69\x6e\x65\x6a\x6f\x69\x6e\x3d\x22\x6d\x69\x74\x65\
\x72\x22\x20\x63\x6f\x6c\x6f\x72\x3d\x22\x23\x30\x30\x30\x22\x3e\
\x20\x3c\x74\x69\x74\x6c\x65\x20\x69\x64\x3d\x22\x63\x6f\x64\x65\
\x49\x63\x6f\x6e\x54\x69\x74\x6c\x65\x22\x3e\x43\x6f\x64\x65\x3c\
\x2f\x74\x69\x74\x6c\x65\x3e\x20\x3c\x70\x61\x74\x68\x20\x64\x3d\
\x22\x4d\x37\x20\x38\x4c\x33\x20\x31\x32\x4c\x37\x20\x31\x36\x22\
\x2f\x3e\x20\x3c\x70\x61\x74\x68\x20\x64\x3d\x22\x4d\x31\x37\x20\
\x31\x36\x4c\x32\x31\x20\x31\x32\x4c\x31\x37\x20\x38\x22\x2f\x3e\
\x20\x3c\x2f\x73\x76\x67\x3e\
\x00\x00\x01\x69\
\x3c\
\x73\x76\x67\x20\x77\x69\x64\x74\x68\x3d\x22\x33\x32\x70\x78\x22\
\x20\x68\x65\x69\x67\x68\x74\x3d\x22\x33\x32\x70\x78\x22\x20\x76\
\x69\x65\x77\x42\x6f\x78\x3d\x22\x30\x20\x30\x20\x32\x34\x20\x32\
\x34\x22\x20\x66\x69\x6c\x6c\x3d\x22\x6e\x6f\x6e\x65\x22\x20\x78\
\x6d\x6c\x6e\x73\x3d\x22\x68\x74\x74\x70\x3a\x2f\x2f\x77\x77\x77\
\x2e\x77\x33\x2e\x6f\x72\x67\x2f\x32\x30\x30\x30\x2f\x73\x76\x67\
\x22\x20\x61\x72\x69\x61\x2d\x6c\x61\x62\x65\x6c\x6c\x65\x64\x62\
\x79\x3d\x22\x63\x6f\x64\x65\x41\x6c\x74\x49\x63\x6f\x6e\x54\x69\
\x74\x6c\x65\x22\x20\x73\x74\x72\x6f\x6b\x65\x3d\x22\x23\x30\x30\
\x30\x22\x20\x73\x74\x72\x6f\x6b\x65\x2d\x77\x69\x64\x74\x68\x3d\
\x22\x31\x2e\x35\x22\x20\x73\x74\x72\x6f\x6b\x65\x2d\x6c\x69\x6e\
\x65\x63\x61\x70\x3d\x22\x73\x71\x75\x61\x72\x65\x22\x20\x73\x74\
\x72\x6f\x6b\x65\x2d\x6c\x69\x6e\x65\x6a\x6f\x69\x6e\x3d\x22\x6d\
\x69\x74\x65\x72\x22\x20\x63\x6f\x6c\x6f\x72\x3d\x22\x23\x30\x30\
\x30\x22\x3e\x20\x3c\x74\x69\x74\x6c\x65\x20\x69\x64\x3d\x22\x63\
\x6f\x64\x65\x41\x6c\x74\x49\x63\x6f\x6e\x54\x69\x74\x6c\x65\x22\
\x3e\x43\x6f\x64\x65\x3c\x2f\x74\x69\x74\x6c\x65\x3e\x20\x3c\x70\
\x61\x74\x68\x20\x64\x3d\x22\x4d\x37\x20\x38\x4c\x33\x20\x31\x32\
\x4c\x37\x20\x31\x36\x22\x2f\x3e\x20\x3c\x70\x61\x74\x68\x20\x64\
\x3d\x22\x4d\x31\x37\x20\x31\x36\x4c\x32\x31\x20\x31\x32\x4c\x31\
\x37\x20\x38\x22\x2f\x3e\x20\x3c\x70\x61\x74\x68\x20\x64\x3d\x22\
\x4d\x39\x20\x31\x39\x2e\x35\x4c\x31\x34\x2e\x35\x20\x35\x22\x2f\
\x3e\x20\x3c\x2f\x73\x76\x67\x3e\
\x00\x00\x02\x9c\
\x3c\
\x73\x76\x67\x20\x77\x69\x64\x74\x68\x3d\x22\x33\x32\x70\x78\x22\
\x20\x68\x65\x69\x67\x68\x74\x3d\x22\x33\x32\x70\x78\x22\x20\x76\
\x69\x65\x77\x42\x6f\x78\x3d\x22\x30\x20\x30\x20\x32\x34\x20\x32\
\x34\x22\x20\x78\x6d\x6c\x6e\x73\x3d\x22\x68\x74\x74\x70\x3a\x2f\
\x2f\x77\x77\x77\x2e\x77\x33\x2e\x6f\x72\x67\x2f\x32\x30\x30\x30\
\x2f\x73\x76\x67\x22\x20\x61\x72\x69\x61\x2d\x6c\x61\x62\x65\x6c\
\x6c\x65\x64\x62\x79\x3d\x22\x65\x79\x65\x43\x6c\x6f\x73\x65\x64\
\x49\x63\x6f\x6e\x54\x69\x74\x6c\x65\x22\x20\x73\x74\x72\x6f\x6b\
\x65\x3d\x22\x23\x30\x30\x30\x22\x20\x73\x74\x72\x6f\x6b\x65\x2d\
\x77\x69\x64\x74\x68\x3d\x22\x31\x2e\x35\x22\x20\x73\x74\x72\x6f\
\x6b\x65\x2d\x6c\x69\x6e\x65\x63\x61\x70\x3d\x22\x73\x71\x75\x61\
\x72\x65\x22\x20\x73\x74\x72\x6f\x6b\x65\x2d\x6c\x69\x6e\x65\x6a\
\x6f\x69\x6e\x3d\x22\x6d\x69\x74\x65\x72\x22\x20\x66\x69\x6c\x6c\
\x3d\x22\x6e\x6f\x6e\x65\x22\x20\x63\x6f\x6c\x6f\x72\x3d\x22\x23\
\x30\x30\x30\x22\x3e\x20\x3c\x74\x69\x74\x6c\x65\x20\x69\x64\x3d\
\x22\x65\x79\x65\x43\x6c\x6f\x73\x65\x64\x49\x63\x6f\x6e\x54\x69\
\x74\x6c\x65\x22\x3e\x48\x69\x64\x64\x65\x6e\x20\x28\x63\x6c\x6f\
\x73\x65\x64\x20\x65\x79\x65\x29\x3c\x2f\x74\x69\x74\x6c\x65\x3e\
\x20\x3c\x70\x61\x74\x68\x20\x64\x3d\x22\x4d\x32\x30\x20\x39\x43\
\x32\x30\x20\x39\x20\x31\x39\x2e\x36\x37\x39\x37\x20\x39\x2e\x36\
\x36\x37\x33\x35\x20\x31\x39\x20\x31\x30\x2e\x35\x31\x34\x34\x4d\
\x31\x32\x20\x31\x34\x43\x31\x30\x2e\x33\x39\x32\x20\x31\x34\x20\
\x39\x2e\x30\x34\x37\x38\x36\x20\x31\x33\x2e\x35\x38\x37\x38\x20\
\x37\x2e\x39\x34\x38\x36\x31\x20\x31\x33\x4d\x31\x32\x20\x31\x34\
\x43\x31\x33\x2e\x36\x30\x38\x20\x31\x34\x20\x31\x34\x2e\x39\x35\
\x32\x31\x20\x31\x33\x2e\x35\x38\x37\x38\x20\x31\x36\x2e\x30\x35\
\x31\x34\x20\x31\x33\x4d\x31\x32\x20\x31\x34\x56\x31\x37\x2e\x35\
\x4d\x34\x20\x39\x43\x34\x20\x39\x20\x34\x2e\x33\x35\x33\x36\x37\
\x20\x39\x2e\x37\x33\x36\x38\x32\x20\x35\x2e\x31\x30\x36\x32\x38\
\x20\x31\x30\x2e\x36\x34\x34\x38\x4d\x37\x2e\x39\x34\x38\x36\x31\
\x20\x31\x33\x4c\x35\x20\x31\x36\x4d\x37\x2e\x39\x34\x38\x36\x31\
\x20\x31\x33\x43\x36\x2e\x36\x38\x39\x32\x20\x31\x32\x2e\x33\x32\
\x36\x36\x20\x35\x2e\x37\x35\x31\x32\x34\x20\x31\x31\x2e\x34\x32\
\x32\x38\x20\x35\x2e\x31\x30\x36\x32\x38\x20\x31\x30\x2e\x36\x34\
\x34\x38\x4d\x31\x36\x2e\x30\x35\x31\x34\x20\x31\x33\x4c\x31\x38\
\x2e\x35\x20\x31\x36\x4d\x31\x36\x2e\x30\x35\x31\x34\x20\x31\x33\
\x43\x31\x37\x2e\x33\x38\x31\x38\x20\x31\x32\x2e\x32\x38\x38\x37\
\x20\x31\x38\x2e\x33\x35\x33\x35\x20\x31\x31\x2e\x33\x32\x30\x32\
\x20\x31\x39\x20\x31\x30\x2e\x35\x31\x34\x34\x4d\x35\x2e\x31\x30\
\x36\x32\x38\x20\x31\x30\x2e\x36\x34\x34\x38\x4c\x32\x20\x31\x32\
\x4d\x31\x39\x20\x31\x30\x2e\x35\x31\x34\x34\x4c\x32\x32\x20\x31\
\x32\x22\x2f\x3e\x20\x3c\x2f\x73\x76\x67\x3e\
\x00\x00\x01\xb8\
\x3c\
\x73\x76\x67\x20\x72\x6f\x6c\x65\x3d\x22\x69\x6d\x67\x22\x20\x78\
\x6d\x6c\x6e\x73\x3d\x22\x68\x74\x74\x70\x3a\x2f\x2f\x77\x77\x77\
\x2e\x77\x33\x2e\x6f\x72\x67\x2f\x32\x30\x30\x30\x2f\x73\x76\x67\
\x22\x20\x77\x69\x64\x74\x68\x3d\x22\x33\x32\x70\x78\x22\x20\x68\
\x65\x69\x67\x68\x74\x3d\x22\x33\x32\x70\x78\x22\x20\x76\x69\x65\
\x77\x42\x6f\x78\x3d\x22\x30\x20\x30\x20\x32\x34\x20\x32\x34\x22\
\x20\x61\x72\x69\x61\x2d\x6c\x61\x62\x65\x6c\x6c\x65\x64\x62\x79\
\x3d\x22\x73\x68\x61\x72\x65\x41\x6e\x64\x72\x6f\x69\x64\x49\x63\
\x6f\x6e\x54\x69\x74\x6c\x65\x22\x20\x73\x74\x72\x6f\x6b\x65\x3d\
\x22\x23\x30\x30\x30\x22\x20\x73\x74\x72\x6f\x6b\x65\x2d\x77\x69\
\x64\x74\x68\x3d\x22\x31\x2e\x35\x22\x20\x73\x74\x72\x6f\x6b\x65\
\x2d\x6c\x69\x6e\x65\x63\x61\x70\x3d\x22\x73\x71\x75\x61\x72\x65\
\x22\x20\x73\x74\x72\x6f\x6b\x65\x2d\x6c\x69\x6e\x65\x6a\x6f\x69\
\x6e\x3d\x22\x6d\x69\x74\x65\x72\x22\x20\x66\x69\x6c\x6c\x3d\x22\
\x6e\x6f\x6e\x65\x22\x20\x63\x6f\x6c\x6f\x72\x3d\x22\x23\x30\x30\
\x30\x22\x3e\x20\x3c\x74\x69\x74\x6c\x65\x20\x69\x64\x3d\x22\x73\
\x68\x61\x72\x65\x41\x6e\x64\x72\x6f\x69\x64\x49\x63\x6f\x6e\x54\
\x69\x74\x6c\x65\x22\x3e\x53\x68\x61\x72\x65\x3c\x2f\x74\x69\x74\
\x6c\x65\x3e\x20\x3c\x70\x61\x74\x68\x20\x64\x3d\x22\x4d\x31\x36\
\x20\x38\x4c\x38\x20\x31\x31\x20\x31\x36\x20\x38\x7a\x4d\x31\x36\
\x20\x31\x36\x4c\x38\x20\x31\x33\x20\x31\x36\x20\x31\x36\x7a\x22\
\x2f\x3e\x20\x3c\x63\x69\x72\x63\x6c\x65\x20\x63\x78\x3d\x22\x36\
\x22\x20\x63\x79\x3d\x22\x31\x32\x22\x20\x72\x3d\x22\x32\x22\x2f\
\x3e\x20\x3c\x63\x69\x72\x63\x6c\x65\x20\x63\x78\x3d\x22\x31\x38\
\x22\x20\x63\x79\x3d\x22\x37\x22\x20\x72\x3d\x22\x32\x22\x2f\x3e\
\x20\x3c\x63\x69\x72\x63\x6c\x65\x20\x63\x78\x3d\x22\x31\x38\x22\
\x20\x63\x79\x3d\x22\x31\x37\x22\x20\x72\x3d\x22\x32\x22\x2f\x3e\
\x20\x3c\x2f\x73\x76\x67\x3e\
\x00\x00\x01\x77\
\x3c\
\x73\x76\x67\x20\x72\x6f\x6c\x65\x3d\x22\x69\x6d\x67\x22\x20\x78\
\x6d\x6c\x6e\x73\x3d\x22\x68\x74\x74\x70\x3a\x2f\x2f\x77\x77\x77\
\x2e\x77\x33\x2e\x6f\x72\x67\x2f\x32\x30\x30\x30\x2f\x73\x76\x67\
\x22\x20\x77\x69\x64\x74\x68\x3d\x22\x33\x32\x70\x78\x22\x20\x68\
\x65\x69\x67\x68\x74\x3d\x22\x33\x32\x70\x78\x22\x20\x76\x69\x65\
\x77\x42\x6f\x78\x3d\x22\x30\x20\x30\x20\x32\x34\x20\x32\x34\x22\
\x20\x61\x72\x69\x61\x2d\x6c\x61\x62\x65\x6c\x6c\x65\x64\x62\x79\
\x3d\x22\x6b\x65\x79\x49\x63\x6f\x6e\x54\x69\x74\x6c\x65\x22\x20\
\x73\x74\x72\x6f\x6b\x65\x3d\x22\x23\x30\x30\x30\x22\x20\x73\x74\
\x72\x6f\x6b\x65\x2d\x77\x69\x64\x74\x68\x3d\x22\x31\x2e\x35\x22\
\x20\x73\x74\x72\x6f\x6b\x65\x2d\x6c\x69\x6e\x65\x63\x61\x70\x3d\
\x22\x73\x71\x75\x61\x72\x65\x22\x20\x73\x74\x72\x6f\x6b\x65\x2d\
\x6c\x69\x6e\x65\x6a\x6f\x69\x6e\x3d\x22\x6d\x69\x74\x65\x72\x22\
\x20\x66\x69\x6c\x6c\x3d\x22\x6e\x6f\x6e\x65\x22\x20\x63\x6f\x6c\
\x6f\x72\x3d\x22\x23\x30\x30\x30\x22\x3e\x20\x3c\x74\x69\x74\x6c\
\x65\x20\x69\x64\x3d\x22\x6b\x65\x79\x49\x63\x6f\x6e\x54\x69\x74\
\x6c\x65\x22\x3e\x4b\x65\x79\x3c\x2f\x74\x69\x74\x6c\x65\x3e\x20\
\x3c\x70\x6f\x6c\x79\x6c\x69\x6e\x65\x20\x70\x6f\x69\x6e\x74\x73\
\x3d\x22\x32\x31\x20\x31\x36\x20\x32\x31\x20\x31\x32\x20\x31\x32\
\x20\x31\x32\x22\x2f\x3e\x20\x3c\x63\x69\x72\x63\x6c\x65\x20\x63\
\x78\x3d\x22\x37\x22\x20\x63\x79\x3d\x22\x31\x32\x22\x20\x72\x3d\
\x22\x34\x22\x2f\x3e\x20\x3c\x70\x61\x74\x68\x20\x64\x3d\x22\x4d\
\x31\x37\x2c\x31\x35\x20\x4c\x31\x37\x2c\x31\x32\x22\x2f\x3e\x20\
\x3c\x2f\x73\x76\x67\x3e\
\x00\x00\x02\x39\
\x3c\
\x73\x76\x67\x20\x72\x6f\x6c\x65\x3d\x22\x69\x6d\x67\x22\x20\x78\
\x6d\x6c\x6e\x73\x3d\x22\x68\x74\x74\x70\x3a\x2f\x2f\x77\x77\x77\
\x2e\x77\x33\x2e\x6f\x72\x67\x2f\x32\x30\x30\x30\x2f\x73\x76\x67\
\x22\x20\x77\x69\x64\x74\x68\x3d\x22\x33\x32\x70\x78\x22\x20\x68\
\x65\x69\x67\x68\x74\x3d\x22\x33\x32\x70\x78\x22\x20\x76\x69\x65\
\x77\x42\x6f\x78\x3d\x22\x30\x20\x30\x20\x32\x34\x20\x32\x34\x22\
\x20\x61\x72\x69\x61\x2d\x6c\x61\x62\x65\x6c\x6c\x65\x64\x62\x79\
\x3d\x22\x66\x61\x76\x6f\x75\x72\x69\x74\x65\x49\x63\x6f\x6e\x54\
\x69\x74\x6c\x65\x22\x20\x73\x74\x72\x6f\x6b\x65\x3d\x22\x23\x30\
\x30\x30\x22\x20\x73\x74\x72\x6f\x6b\x65\x2d\x77\x69\x64\x74\x68\
\x3d\x22\x31\x2e\x35\x22\x20\x73\x74\x72\x6f\x6b\x65\x2d\x6c\x69\
\x6e\x65\x63\x61\x70\x3d\x22\x73\x71\x75\x61\x72\x65\x22\x20\x73\
\x74\x72\x6f\x6b\x65\x2d\x6c\x69\x6e\x65\x6a\x6f\x69\x6e\x3d\x22\
\x6d\x69\x74\x65\x72\x22\x20\x66\x69\x6c\x6c\x3d\x22\x6e\x6f\x6e\
\x65\x22\x20\x63\x6f\x6c\x6f\x72\x3d\x22\x23\x30\x30\x30\x22\x3e\
\x20\x3c\x74\x69\x74\x6c\x65\x20\x69\x64\x3d\x22\x66\x61\x76\x6f\
\x75\x72\x69\x74\x65\x49\x63\x6f\x6e\x54\x69\x74\x6c\x65\x22\x3e\
\x46\x61\x76\x6f\x75\x72\x69\x74\x65\x3c\x2f\x74\x69\x74\x6c\x65\
\x3e\x20\x3c\x70\x61\x74\x68\x20\x64\x3d\x22\x4d\x31\x32\x2c\x32\
\x31\x20\x4c\x31\x30\x2e\x35\x35\x2c\x31\x39\x2e\x37\x30\x35\x31\
\x37\x37\x31\x20\x43\x35\x2e\x34\x2c\x31\x35\x2e\x31\x32\x34\x32\
\x35\x30\x37\x20\x32\x2c\x31\x32\x2e\x31\x30\x32\x39\x39\x37\x33\
\x20\x32\x2c\x38\x2e\x33\x39\x35\x30\x39\x35\x33\x37\x20\x43\x32\
\x2c\x35\x2e\x33\x37\x33\x38\x34\x31\x39\x36\x20\x34\x2e\x34\x32\
\x2c\x33\x20\x37\x2e\x35\x2c\x33\x20\x43\x39\x2e\x32\x34\x2c\x33\
\x20\x31\x30\x2e\x39\x31\x2c\x33\x2e\x37\x39\x34\x35\x35\x30\x34\
\x31\x20\x31\x32\x2c\x35\x2e\x30\x35\x30\x31\x33\x36\x32\x34\x20\
\x43\x31\x33\x2e\x30\x39\x2c\x33\x2e\x37\x39\x34\x35\x35\x30\x34\
\x31\x20\x31\x34\x2e\x37\x36\x2c\x33\x20\x31\x36\x2e\x35\x2c\x33\
\x20\x43\x31\x39\x2e\x35\x38\x2c\x33\x20\x32\x32\x2c\x35\x2e\x33\
\x37\x33\x38\x34\x31\x39\x36\x20\x32\x32\x2c\x38\x2e\x33\x39\x35\
\x30\x39\x35\x33\x37\x20\x43\x32\x32\x2c\x31\x32\x2e\x31\x30\x32\
\x39\x39\x37\x33\x20\x31\x38\x2e\x36\x2c\x31\x35\x2e\x31\x32\x34\
\x32\x35\x30\x37\x20\x31\x33\x2e\x34\x35\x2c\x31\x39\x2e\x37\x31\
\x34\x39\x38\x36\x34\x20\x4c\x31\x32\x2c\x32\x31\x20\x5a\x22\x2f\
\x3e\x20\x3c\x2f\x73\x76\x67\x3e\
\x00\x00\x02\x50\
\x3c\
\x73\x76\x67\x20\x72\x6f\x6c\x65\x3d\x22\x69\x6d\x67\x22\x20\x78\
\x6d\x6c\x6e\x73\x3d\x22\x68\x74\x74\x70\x3a\x2f\x2f\x77\x77\x77\
\x2e\x77\x33\x2e\x6f\x72\x67\x2f\x32\x30\x30\x30\x2f\x73\x76\x67\
\x22\x20\x77\x69\x64\x74\x68\x3d\x22\x33\x32\x70\x78\x22\x20\x68\
\x65\x69\x67\x68\x74\x3d\x22\x33\x32\x70\x78\x22\x20\x76\x69\x65\
\x77\x42\x6f\x78\x3d\x22\x30\x20\x30\x20\x32\x34\x20\x32\x34\x22\
\x20\x61\x72\x69\x61\x2d\x6c\x61\x62\x65\x6c\x6c\x65\x64\x62\x79\
\x3d\x22\x6c\x69\x67\x68\x74\x42\x75\x6c\x62\x49\x63\x6f\x6e\x54\
\x69\x74\x6c\x65\x22\x20\x73\x74\x72\x6f\x6b\x65\x3d\x22\x23\x30\
\x30\x30\x22\x20\x73\x74\x72\x6f\x6b\x65\x2d\x77\x69\x64\x74\x68\
\x3d\x22\x31\x2e\x35\x22\x20\x73\x74\x72\x6f\x6b\x65\x2d\x6c\x69\
\x6e\x65\x63\x61\x70\x3d\x22\x73\x71\x75\x61\x72\x65\x22\x20\x73\
\x74\x72\x6f\x6b\x65\x2d\x6c\x69\x6e\x65\x6a\x6f\x69\x6e\x3d\x22\
\x6d\x69\x74\x65\x72\x22\x20\x66\x69\x6c\x6c\x3d\x22\x6e\x6f\x6e\
\x65\x22\x20\x63\x6f\x6c\x6f\x72\x3d\x22\x23\x30\x30\x30\x22\x3e\
\x20\x3c\x74\x69\x74\x6c\x65\x20\x69\x64\x3d\x22\x6c\x69\x67\x68\
\x74\x42\x75\x6c\x62\x49\x63\x6f\x6e\x54\x69\x74\x6c\x65\x22\x3e\
\x4c\x69\x67\x68\x74\x20\x42\x75\x6c\x62\x3c\x2f\x74\x69\x74\x6c\
\x65\x3e\x20\x3c\x70\x61\x74\x68\x20\x64\x3d\x22\x4d\x31\x36\x20\
\x31\x32\x43\x31\x35\x2e\x33\x33\x33\x33\x33\x33\x33\x20\x31\x32\
\x2e\x36\x36\x36\x36\x36\x36\x37\x20\x31\x35\x20\x31\x34\x20\x31\
\x35\x20\x31\x36\x4c\x31\x35\x20\x31\x37\x20\x39\x20\x31\x37\x20\
\x39\x20\x31\x36\x43\x39\x20\x31\x34\x20\x38\x2e\x36\x36\x36\x36\
\x36\x36\x36\x37\x20\x31\x32\x2e\x36\x36\x36\x36\x36\x36\x37\x20\
\x38\x20\x31\x32\x20\x35\x2e\x36\x37\x33\x39\x35\x39\x37\x20\x39\
\x2e\x36\x37\x33\x39\x35\x39\x37\x20\x35\x2e\x34\x31\x34\x32\x31\
\x33\x35\x36\x20\x36\x2e\x31\x30\x30\x35\x30\x35\x30\x36\x20\x37\
\x2e\x37\x35\x37\x33\x35\x39\x33\x31\x20\x33\x2e\x37\x35\x37\x33\
\x35\x39\x33\x31\x20\x31\x30\x2e\x31\x30\x30\x35\x30\x35\x31\x20\
\x31\x2e\x34\x31\x34\x32\x31\x33\x35\x36\x20\x31\x33\x2e\x38\x39\
\x39\x34\x39\x34\x39\x20\x31\x2e\x34\x31\x34\x32\x31\x33\x35\x36\
\x20\x31\x36\x2e\x32\x34\x32\x36\x34\x30\x37\x20\x33\x2e\x37\x35\
\x37\x33\x35\x39\x33\x31\x20\x31\x38\x2e\x35\x38\x35\x37\x38\x36\
\x34\x20\x36\x2e\x31\x30\x30\x35\x30\x35\x30\x36\x20\x31\x38\x2e\
\x34\x30\x36\x38\x34\x38\x34\x20\x39\x2e\x35\x39\x33\x31\x35\x31\
\x35\x37\x20\x31\x36\x20\x31\x32\x7a\x4d\x31\x30\x20\x32\x31\x4c\
\x31\x34\x20\x32\x31\x22\x2f\x3e\x20\x3c\x2f\x73\x76\x67\x3e\
\x00\x00\x02\x0d\
\x3c\
\x73\x76\x67\x20\x72\x6f\x6c\x65\x3d\x22\x69\x6d\x67\x22\x20\x78\
\x6d\x6c\x6e\x73\x3d\x22\x68\x74\x74\x70\x3a\x2f\x2f\x77\x77\x77\
\x2e\x77\x33\x2e\x6f\x72\x67\x2f\x32\x30\x30\x30\x2f\x73\x76\x67\
\x22\x20\x77\x69\x64\x74\x68\x3d\x22\x33\x32\x70\x78\x22\x20\x68\
\x65\x69\x67\x68\x74\x3d\x22\x33\x32\x70\x78\x22\x20\x76\x69\x65\
\x77\x42\x6f\x78\x3d\x22\x30\x20\x30\x20\x32\x34\x20\x32\x34\x22\
\x20\x61\x72\x69\x61\x2d\x6c\x61\x62\x65\x6c\x6c\x65\x64\x62\x79\
\x3d\x22\x70\x6f\x77\x65\x72\x49\x63\x6f\x6e\x54\x69\x74\x6c\x65\
\x22\x20\x73\x74\x72\x6f\x6b\x65\x3d\x22\x23\x30\x30\x30\x22\x20\
\x73\x74\x72\x6f\x6b\x65\x2d\x77\x69\x64\x74\x68\x3d\x22\x31\x2e\
\x35\x22\x20\x73\x74\x72\x6f\x6b\x65\x2d\x6c\x69\x6e\x65\x63\x61\
\x70\x3d\x22\x73\x71\x75\x61\x72\x65\x22\x20\x73\x74\x72\x6f\x6b\
\x65\x2d\x6c\x69\x6e\x65\x6a\x6f\x69\x6e\x3d\x22\x6d\x69\x74\x65\
\x72\x22\x20\x66\x69\x6c\x6c\x3d\x22\x6e\x6f\x6e\x65\x22\x20\x63\
\x6f\x6c\x6f\x72\x3d\x22\x23\x30\x30\x30\x22\x3e\x20\x3c\x74\x69\
\x74\x6c\x65\x20\x69\x64\x3d\x22\x70\x6f\x77\x65\x72\x49\x63\x6f\
\x6e\x54\x69\x74\x6c\x65\x22\x3e\x50\x6f\x77\x65\x72\x3c\x2f\x74\
\x69\x74\x6c\x65\x3e\x20\x3c\x70\x61\x74\x68\x20\x64\x3d\x22\x4d\
\x31\x32\x20\x32\x4c\x31\x32\x20\x31\x31\x4d\x31\x38\x2e\x33\x36\
\x33\x39\x36\x31\x20\x35\x2e\x36\x33\x36\x30\x33\x38\x39\x37\x43\
\x32\x31\x2e\x38\x37\x38\x36\x37\x39\x37\x20\x39\x2e\x31\x35\x30\
\x37\x35\x37\x35\x39\x20\x32\x31\x2e\x38\x37\x38\x36\x37\x39\x37\
\x20\x31\x34\x2e\x38\x34\x39\x32\x34\x32\x34\x20\x31\x38\x2e\x33\
\x36\x33\x39\x36\x31\x20\x31\x38\x2e\x33\x36\x33\x39\x36\x31\x20\
\x31\x34\x2e\x38\x34\x39\x32\x34\x32\x34\x20\x32\x31\x2e\x38\x37\
\x38\x36\x37\x39\x37\x20\x39\x2e\x31\x35\x30\x37\x35\x37\x35\x39\
\x20\x32\x31\x2e\x38\x37\x38\x36\x37\x39\x37\x20\x35\x2e\x36\x33\
\x36\x30\x33\x38\x39\x37\x20\x31\x38\x2e\x33\x36\x33\x39\x36\x31\
\x20\x32\x2e\x31\x32\x31\x33\x32\x30\x33\x34\x20\x31\x34\x2e\x38\
\x34\x39\x32\x34\x32\x34\x20\x32\x2e\x31\x32\x31\x33\x32\x30\x33\
\x34\x20\x39\x2e\x31\x35\x30\x37\x35\x37\x35\x39\x20\x35\x2e\x36\
\x33\x36\x30\x33\x38\x39\x37\x20\x35\x2e\x36\x33\x36\x30\x33\x38\
\x39\x37\x22\x2f\x3e\x20\x3c\x2f\x73\x76\x67\x3e\
\x00\x00\x01\x82\
\x3c\
\x73\x76\x67\x20\x72\x6f\x6c\x65\x3d\x22\x69\x6d\x67\x22\x20\x78\
\x6d\x6c\x6e\x73\x3d\x22\x68\x74\x74\x70\x3a\x2f\x2f\x77\x77\x77\
\x2e\x77\x33\x2e\x6f\x72\x67\x2f\x32\x30\x30\x30\x2f\x73\x76\x67\
\x22\x20\x77\x69\x64\x74\x68\x3d\x22\x33\x32\x70\x78\x22\x20\x68\
\x65\x69\x67\x68\x74\x3d\x22\x33\x32\x70\x78\x22\x20\x76\x69\x65\
\x77\x42\x6f\x78\x3d\x22\x30\x20\x30\x20\x32\x34\x20\x32\x34\x22\
\x20\x61\x72\x69\x61\x2d\x6c\x61\x62\x65\x6c\x6c\x65\x64\x62\x79\
\x3d\x22\x62\x61\x74\x74\x65\x72\x79\x4d\x65\x64\x69\x75\x6d\x49\
\x63\x6f\x6e\x54\x69\x74\x6c\x65\x22\x20\x73\x74\x72\x6f\x6b\x65\
\x3d\x22\x23\x30\x30\x30\x22\x20\x73\x74\x72\x6f\x6b\x65\x2d\x77\
\x69\x64\x74\x68\x3d\x22\x31\x2e\x35\x22\x20\x73\x74\x72\x6f\x6b\
\x65\x2d\x6c\x69\x6e\x65\x63\x61\x70\x3d\x22\x73\x71\x75\x61\x72\
\x65\x22\x20\x73\x74\x72\x6f\x6b\x65\x2d\x6c\x69\x6e\x65\x6a\x6f\
\x69\x6e\x3d\x22\x6d\x69\x74\x65\x72\x22\x20\x66\x69\x6c\x6c\x3d\
\x22\x6e\x6f\x6e\x65\x22\x20\x63\x6f\x6c\x6f\x72\x3d\x22\x23\x30\
\x30\x30\x22\x3e\x20\x3c\x74\x69\x74\x6c\x65\x20\x69\x64\x3d\x22\
\x62\x61\x74\x74\x65\x72\x79\x4d\x65\x64\x69\x75\x6d\x49\x63\x6f\
\x6e\x54\x69\x74\x6c\x65\x22\x3e\x42\x61\x74\x74\x65\x72\x79\x20\
\x36\x36\x25\x3c\x2f\x74\x69\x74\x6c\x65\x3e\x20\x3c\x70\x61\x74\
\x68\x20\x64\x3d\x22\x4d\x32\x31\x20\x31\x34\x76\x2d\x34\x22\x2f\
\x3e\x20\x3c\x70\x61\x74\x68\x20\x64\x3d\x22\x4d\x32\x30\x20\x36\
\x48\x34\x76\x31\x32\x68\x31\x36\x7a\x22\x2f\x3e\x20\x3c\x70\x61\
\x74\x68\x20\x64\x3d\x22\x4d\x31\x32\x20\x31\x34\x76\x2d\x34\x6d\
\x2d\x34\x20\x34\x76\x2d\x34\x22\x2f\x3e\x20\x3c\x2f\x73\x76\x67\
\x3e\
\x00\x00\x01\x86\
\x3c\
\x73\x76\x67\x20\x72\x6f\x6c\x65\x3d\x22\x69\x6d\x67\x22\x20\x78\
\x6d\x6c\x6e\x73\x3d\x22\x68\x74\x74\x70\x3a\x2f\x2f\x77\x77\x77\
\x2e\x77\x33\x2e\x6f\x72\x67\x2f\x32\x30\x30\x30\x2f\x73\x76\x67\
\x22\x20\x77\x69\x64\x74\x68\x3d\x22\x33\x32\x70\x78\x22\x20\x68\
\x65\x69\x67\x68\x74\x3d\x22\x33\x32\x70\x78\x22\x20\x76\x69\x65\
\x77\x42\x6f\x78\x3d\x22\x30\x20\x30\x20\x32\x34\x20\x32\x34\x22\
\x20\x61\x72\x69\x61\x2d\x6c\x61\x62\x65\x6c\x6c\x65\x64\x62\x79\
\x3d\x22\x62\x61\x74\x74\x65\x72\x79\x46\x75\x6c\x6c\x49\x63\x6f\
\x6e\x54\x69\x74\x6c\x65\x22\x20\x73\x74\x72\x6f\x6b\x65\x3d\x22\
\x23\x30\x30\x30\x22\x20\x73\x74\x72\x6f\x6b\x65\x2d\x77\x69\x64\
\x74\x68\x3d\x22\x31\x2e\x35\x22\x20\x73\x74\x72\x6f\x6b\x65\x2d\
\x6c\x69\x6e\x65\x63\x61\x70\x3d\x22\x73\x71\x75\x61\x72\x65\x22\
\x20\x73\x74\x72\x6f\x6b\x65\x2d\x6c\x69\x6e\x65\x6a\x6f\x69\x6e\
\x3d\x22\x6d\x69\x74\x65\x72\x22\x20\x66\x69\x6c\x6c\x3d\x22\x6e\
\x6f\x6e\x65\x22\x20\x63\x6f\x6c\x6f\x72\x3d\x22\x23\x30\x30\x30\
\x22\x3e\x20\x3c\x74\x69\x74\x6c\x65\x20\x69\x64\x3d\x22\x62\x61\
\x74\x74\x65\x72\x79\x46\x75\x6c\x6c\x49\x63\x6f\x6e\x54\x69\x74\
\x6c\x65\x22\x3e\x42\x61\x74\x74\x65\x72\x79\x20\x46\x75\x6c\x6c\
\x3c\x2f\x74\x69\x74\x6c\x65\x3e\x20\x3c\x70\x61\x74\x68\x20\x64\
\x3d\x22\x4d\x32\x31\x20\x31\x34\x76\x2d\x34\x22\x2f\x3e\x20\x3c\
\x70\x61\x74\x68\x20\x64\x3d\x22\x4d\x32\x30\x20\x36\x48\x34\x76\
\x31\x32\x68\x31\x36\x7a\x22\x2f\x3e\x20\x3c\x70\x61\x74\x68\x20\
\x64\x3d\x22\x4d\x31\x32\x20\x31\x34\x76\x2d\x34\x6d\x34\x20\x34\
\x76\x2d\x34\x6d\x2d\x38\x20\x34\x76\x2d\x34\x22\x2f\x3e\x20\x3c\
\x2f\x73\x76\x67\x3e\
\x00\x00\x01\x77\
\x3c\
\x73\x76\x67\x20\x72\x6f\x6c\x65\x3d\x22\x69\x6d\x67\x22\x20\x78\
\x6d\x6c\x6e\x73\x3d\x22\x68\x74\x74\x70\x3a\x2f\x2f\x77\x77\x77\
\x2e\x77\x33\x2e\x6f\x72\x67\x2f\x32\x30\x30\x30\x2f\x73\x76\x67\
\x22\x20\x77\x69\x64\x74\x68\x3d\x22\x33\x32\x70\x78\x22\x20\x68\
\x65\x69\x67\x68\x74\x3d\x22\x33\x32\x70\x78\x22\x20\x76\x69\x65\
\x77\x42\x6f\x78\x3d\x22\x30\x20\x30\x20\x32\x34\x20\x32\x34\x22\
\x20\x61\x72\x69\x61\x2d\x6c\x61\x62\x65\x6c\x6c\x65\x64\x62\x79\
\x3d\x22\x63\x61\x72\x64\x73\x49\x63\x6f\x6e\x54\x69\x74\x6c\x65\
\x22\x20\x73\x74\x72\x6f\x6b\x65\x3d\x22\x23\x30\x30\x30\x22\x20\
\x73\x74\x72\x6f\x6b\x65\x2d\x77\x69\x64\x74\x68\x3d\x22\x31\x2e\
\x35\x22\x20\x73\x74\x72\x6f\x6b\x65\x2d\x6c\x69\x6e\x65\x63\x61\
\x70\x3d\x22\x73\x71\x75\x61\x72\x65\x22\x20\x73\x74\x72\x6f\x6b\
\x65\x2d\x6c\x69\x6e\x65\x6a\x6f\x69\x6e\x3d\x22\x6d\x69\x74\x65\
\x72\x22\x20\x66\x69\x6c\x6c\x3d\x22\x6e\x6f\x6e\x65\x22\x20\x63\
\x6f\x6c\x6f\x72\x3d\x22\x23\x30\x30\x30\x22\x3e\x20\x3c\x74\x69\
\x74\x6c\x65\x20\x69\x64\x3d\x22\x63\x61\x72\x64\x73\x49\x63\x6f\
\x6e\x54\x69\x74\x6c\x65\x22\x3e\x43\x61\x72\x64\x73\x3c\x2f\x74\
\x69\x74\x6c\x65\x3e\x20\x3c\x72\x65\x63\x74\x20\x77\x69\x64\x74\
\x68\x3d\x22\x31\x33\x22\x20\x68\x65\x69\x67\x68\x74\x3d\x22\x31\
\x33\x22\x20\x78\x3d\x22\x33\x22\x20\x79\x3d\x22\x33\x22\x2f\x3e\
\x20\x3c\x70\x6f\x6c\x79\x6c\x69\x6e\x65\x20\x70\x6f\x69\x6e\x74\
\x73\x3d\x22\x31\x36\x20\x38\x20\x32\x31\x20\x38\x20\x32\x31\x20\
\x32\x31\x20\x38\x20\x32\x31\x20\x38\x20\x31\x36\x22\x2f\x3e\x20\
\x3c\x2f\x73\x76\x67\x3e\
\x00\x00\x01\x45\
\x3c\
\x73\x76\x67\x20\x72\x6f\x6c\x65\x3d\x22\x69\x6d\x67\x22\x20\x78\
\x6d\x6c\x6e\x73\x3d\x22\x68\x74\x74\x70\x3a\x2f\x2f\x77\x77\x77\
\x2e\x77\x33\x2e\x6f\x72\x67\x2f\x32\x30\x30\x30\x2f\x73\x76\x67\
\x22\x20\x77\x69\x64\x74\x68\x3d\x22\x33\x32\x70\x78\x22\x20\x68\
\x65\x69\x67\x68\x74\x3d\x22\x33\x32\x70\x78\x22\x20\x76\x69\x65\
\x77\x42\x6f\x78\x3d\x22\x30\x20\x30\x20\x32\x34\x20\x32\x34\x22\
\x20\x61\x72\x69\x61\x2d\x6c\x61\x62\x65\x6c\x6c\x65\x64\x62\x79\
\x3d\x22\x73\x74\x6f\x70\x49\x63\x6f\x6e\x54\x69\x74\x6c\x65\x22\
\x20\x73\x74\x72\x6f\x6b\x65\x3d\x22\x23\x30\x30\x30\x22\x20\x73\
\x74\x72\x6f\x6b\x65\x2d\x77\x69\x64\x74\x68\x3d\x22\x31\x2e\x35\
\x22\x20\x73\x74\x72\x6f\x6b\x65\x2d\x6c\x69\x6e\x65\x63\x61\x70\
\x3d\x22\x73\x71\x75\x61\x72\x65\x22\x20\x73\x74\x72\x6f\x6b\x65\
\x2d\x6c\x69\x6e\x65\x6a\x6f\x69\x6e\x3d\x22\x6d\x69\x74\x65\x72\
\x22\x20\x66\x69\x6c\x6c\x3d\x22\x6e\x6f\x6e\x65\x22\x20\x63\x6f\
\x6c\x6f\x72\x3d\x22\x23\x30\x30\x30\x22\x3e\x20\x3c\x74\x69\x74\
\x6c\x65\x20\x69\x64\x3d\x22\x73\x74\x6f\x70\x49\x63\x6f\x6e\x54\
\x69\x74\x6c\x65\x22\x3e\x53\x74\x6f\x70\x3c\x2f\x74\x69\x74\x6c\
\x65\x3e\x20\x3c\x72\x65\x63\x74\x20\x77\x69\x64\x74\x68\x3d\x22\
\x31\x34\x22\x20\x68\x65\x69\x67\x68\x74\x3d\x22\x31\x34\x22\x20\
\x78\x3d\x22\x35\x22\x20\x79\x3d\x22\x35\x22\x2f\x3e\x20\x3c\x2f\
\x73\x76\x67\x3e\
\x00\x00\x01\xda\
\x3c\
\x73\x76\x67\x20\x72\x6f\x6c\x65\x3d\x22\x69\x6d\x67\x22\x20\x78\
\x6d\x6c\x6e\x73\x3d\x22\x68\x74\x74\x70\x3a\x2f\x2f\x77\x77\x77\
\x2e\x77\x33\x2e\x6f\x72\x67\x2f\x32\x30\x30\x30\x2f\x73\x76\x67\
\x22\x20\x77\x69\x64\x74\x68\x3d\x22\x33\x32\x70\x78\x22\x20\x68\
\x65\x69\x67\x68\x74\x3d\x22\x33\x32\x70\x78\x22\x20\x76\x69\x65\
\x77\x42\x6f\x78\x3d\x22\x30\x20\x30\x20\x32\x34\x20\x32\x34\x22\
\x20\x61\x72\x69\x61\x2d\x6c\x61\x62\x65\x6c\x6c\x65\x64\x62\x79\
\x3d\x22\x72\x61\x69\x6e\x49\x63\x6f\x6e\x54\x69\x74\x6c\x65\x22\
\x20\x73\x74\x72\x6f\x6b\x65\x3d\x22\x23\x30\x30\x30\x22\x20\x73\
\x74\x72\x6f\x6b\x65\x2d\x77\x69\x64\x74\x68\x3d\x22\x31\x2e\x35\
\x22\x20\x73\x74\x72\x6f\x6b\x65\x2d\x6c\x69\x6e\x65\x63\x61\x70\
\x3d\x22\x73\x71\x75\x61\x72\x65\x22\x20\x73\x74\x72\x6f\x6b\x65\
\x2d\x6c\x69\x6e\x65\x6a\x6f\x69\x6e\x3d\x22\x6d\x69\x74\x65\x72\
\x22\x20\x66\x69\x6c\x6c\x3d\x22\x6e\x6f\x6e\x65\x22\x20\x63\x6f\
\x6c\x6f\x72\x3d\x22\x23\x30\x30\x30\x22\x3e\x20\x3c\x74\x69\x74\
\x6c\x65\x20\x69\x64\x3d\x22\x72\x61\x69\x6e\x49\x63\x6f\x6e\x54\
\x69\x74\x6c\x65\x22\x3e\x52\x61\x69\x6e\x3c\x2f\x74\x69\x74\x6c\
\x65\x3e\x20\x3c\x70\x61\x74\x68\x20\x64\x3d\x22\x4d\x31\x36\x20\
\x31\x38\x6c\x31\x20\x33\x6d\x2d\x34\x2d\x33\x6c\x31\x20\x33\x6d\
\x2d\x34\x2d\x33\x6c\x31\x20\x33\x6d\x38\x2e\x30\x35\x31\x2d\x33\
\x2e\x30\x34\x33\x43\x32\x30\x2e\x35\x20\x31\x37\x2e\x39\x37\x20\
\x32\x32\x20\x31\x36\x2e\x32\x34\x35\x20\x32\x32\x20\x31\x34\x2e\
\x35\x61\x33\x2e\x35\x20\x33\x2e\x35\x20\x30\x20\x30\x20\x30\x2d\
\x33\x2e\x30\x37\x39\x2d\x33\x2e\x34\x37\x35\x20\x36\x2e\x30\x30\
\x32\x20\x36\x2e\x30\x30\x32\x20\x30\x20\x30\x20\x30\x2d\x31\x31\
\x2e\x32\x31\x2d\x31\x2e\x38\x36\x41\x34\x2e\x35\x30\x34\x20\x34\
\x2e\x35\x30\x34\x20\x30\x20\x30\x20\x30\x20\x32\x20\x31\x33\x2e\
\x35\x63\x30\x20\x32\x2e\x33\x31\x31\x20\x31\x2e\x35\x20\x34\x2e\
\x34\x37\x20\x33\x2e\x39\x38\x36\x20\x34\x2e\x34\x37\x48\x37\x22\
\x2f\x3e\x20\x3c\x2f\x73\x76\x67\x3e\
\x00\x00\x01\x85\
\x3c\
\x73\x76\x67\x20\x72\x6f\x6c\x65\x3d\x22\x69\x6d\x67\x22\x20\x78\
\x6d\x6c\x6e\x73\x3d\x22\x68\x74\x74\x70\x3a\x2f\x2f\x77\x77\x77\
\x2e\x77\x33\x2e\x6f\x72\x67\x2f\x32\x30\x30\x30\x2f\x73\x76\x67\
\x22\x20\x77\x69\x64\x74\x68\x3d\x22\x33\x32\x70\x78\x22\x20\x68\
\x65\x69\x67\x68\x74\x3d\x22\x33\x32\x70\x78\x22\x20\x76\x69\x65\
\x77\x42\x6f\x78\x3d\x22\x30\x20\x30\x20\x32\x34\x20\x32\x34\x22\
\x20\x61\x72\x69\x61\x2d\x6c\x61\x62\x65\x6c\x6c\x65\x64\x62\x79\
\x3d\x22\x65\x6c\x6c\x79\x70\x73\x69\x73\x49\x63\x6f\x6e\x54\x69\
\x74\x6c\x65\x22\x20\x73\x74\x72\x6f\x6b\x65\x3d\x22\x23\x30\x30\
\x30\x22\x20\x73\x74\x72\x6f\x6b\x65\x2d\x77\x69\x64\x74\x68\x3d\
\x22\x31\x2e\x35\x22\x20\x73\x74\x72\x6f\x6b\x65\x2d\x6c\x69\x6e\
\x65\x63\x61\x70\x3d\x22\x73\x71\x75\x61\x72\x65\x22\x20\x73\x74\
\x72\x6f\x6b\x65\x2d\x6c\x69\x6e\x65\x6a\x6f\x69\x6e\x3d\x22\x6d\
\x69\x74\x65\x72\x22\x20\x66\x69\x6c\x6c\x3d\x22\x6e\x6f\x6e\x65\
\x22\x20\x63\x6f\x6c\x6f\x72\x3d\x22\x23\x30\x30\x30\x22\x3e\x20\
\x3c\x74\x69\x74\x6c\x65\x20\x69\x64\x3d\x22\x65\x6c\x6c\x79\x70\
\x73\x69\x73\x49\x63\x6f\x6e\x54\x69\x74\x6c\x65\x22\x3e\x45\x6c\
\x6c\x79\x70\x73\x69\x73\x3c\x2f\x74\x69\x74\x6c\x65\x3e\x20\x3c\
\x63\x69\x72\x63\x6c\x65\x20\x63\x78\x3d\x22\x31\x32\x22\x20\x63\
\x79\x3d\x22\x31\x32\x22\x20\x72\x3d\x22\x31\x22\x2f\x3e\x20\x3c\
\x63\x69\x72\x63\x6c\x65\x20\x63\x78\x3d\x22\x36\x22\x20\x63\x79\
\x3d\x22\x31\x32\x22\x20\x72\x3d\x22\x31\x22\x2f\x3e\x20\x3c\x63\
\x69\x72\x63\x6c\x65\x20\x63\x78\x3d\x22\x31\x38\x22\x20\x63\x79\
\x3d\x22\x31\x32\x22\x20\x72\x3d\x22\x31\x22\x2f\x3e\x20\x3c\x2f\
\x73\x76\x67\x3e\
\x00\x00\x01\xda\
\x3c\
\x73\x76\x67\x20\x72\x6f\x6c\x65\x3d\x22\x69\x6d\x67\x22\x20\x78\
\x6d\x6c\x6e\x73\x3d\x22\x68\x74\x74\x70\x3a\x2f\x2f\x77\x77\x77\
\x2e\x77\x33\x2e\x6f\x72\x67\x2f\x32\x30\x30\x30\x2f\x73\x76\x67\
\x22\x20\x77\x69\x64\x74\x68\x3d\x22\x33\x32\x70\x78\x22\x20\x68\
\x65\x69\x67\x68\x74\x3d\x22\x33\x32\x70\x78\x22\x20\x76\x69\x65\
\x77\x42\x6f\x78\x3d\x22\x30\x20\x30\x20\x32\x34\x20\x32\x34\x22\
\x20\x61\x72\x69\x61\x2d\x6c\x61\x62\x65\x6c\x6c\x65\x64\x62\x79\
\x3d\x22\x74\x69\x6d\x65\x72\x49\x63\x6f\x6e\x54\x69\x74\x6c\x65\
\x22\x20\x73\x74\x72\x6f\x6b\x65\x3d\x22\x23\x30\x30\x30\x22\x20\
\x73\x74\x72\x6f\x6b\x65\x2d\x77\x69\x64\x74\x68\x3d\x22\x31\x2e\
\x35\x22\x20\x73\x74\x72\x6f\x6b\x65\x2d\x6c\x69\x6e\x65\x63\x61\
\x70\x3d\x22\x73\x71\x75\x61\x72\x65\x22\x20\x73\x74\x72\x6f\x6b\
\x65\x2d\x6c\x69\x6e\x65\x6a\x6f\x69\x6e\x3d\x22\x6d\x69\x74\x65\
\x72\x22\x20\x66\x69\x6c\x6c\x3d\x22\x6e\x6f\x6e\x65\x22\x20\x63\
\x6f\x6c\x6f\x72\x3d\x22\x23\x30\x30\x30\x22\x3e\x20\x3c\x74\x69\
\x74\x6c\x65\x20\x69\x64\x3d\x22\x74\x69\x6d\x65\x72\x49\x63\x6f\
\x6e\x54\x69\x74\x6c\x65\x22\x3e\x54\x69\x6d\x65\x72\x3c\x2f\x74\
\x69\x74\x6c\x65\x3e\x20\x3c\x70\x61\x74\x68\x20\x64\x3d\x22\x4d\
\x36\x2e\x35\x38\x37\x34\x38\x34\x34\x31\x20\x34\x2e\x38\x30\x38\
\x37\x35\x38\x36\x37\x43\x34\x2e\x34\x30\x38\x36\x30\x30\x33\x39\
\x20\x36\x2e\x34\x35\x31\x32\x39\x38\x33\x36\x20\x33\x20\x39\x2e\
\x30\x36\x31\x31\x35\x31\x30\x35\x20\x33\x20\x31\x32\x20\x33\x20\
\x31\x36\x2e\x39\x37\x30\x35\x36\x32\x37\x20\x37\x2e\x30\x32\x39\
\x34\x33\x37\x32\x35\x20\x32\x31\x20\x31\x32\x20\x32\x31\x20\x31\
\x36\x2e\x39\x37\x30\x35\x36\x32\x37\x20\x32\x31\x20\x32\x31\x20\
\x31\x36\x2e\x39\x37\x30\x35\x36\x32\x37\x20\x32\x31\x20\x31\x32\
\x20\x32\x31\x20\x37\x2e\x30\x32\x39\x34\x33\x37\x32\x35\x20\x31\
\x36\x2e\x39\x37\x30\x35\x36\x32\x37\x20\x33\x20\x31\x32\x20\x33\
\x4c\x31\x32\x20\x37\x4d\x31\x32\x20\x31\x33\x4c\x38\x20\x39\x22\
\x2f\x3e\x20\x3c\x2f\x73\x76\x67\x3e\
\x00\x00\x01\xcd\
\x3c\
\x73\x76\x67\x20\x72\x6f\x6c\x65\x3d\x22\x69\x6d\x67\x22\x20\x78\
\x6d\x6c\x6e\x73\x3d\x22\x68\x74\x74\x70\x3a\x2f\x2f\x77\x77\x77\
\x2e\x77\x33\x2e\x6f\x72\x67\x2f\x32\x30\x30\x30\x2f\x73\x76\x67\
\x22\x20\x77\x69\x64\x74\x68\x3d\x22\x33\x32\x70\x78\x22\x20\x68\
\x65\x69\x67\x68\x74\x3d\x22\x33\x32\x70\x78\x22\x20\x76\x69\x65\
\x77\x42\x6f\x78\x3d\x22\x30\x20\x30\x20\x32\x34\x20\x32\x34\x22\
\x20\x61\x72\x69\x61\x2d\x6c\x61\x62\x65\x6c\x6c\x65\x64\x62\x79\
\x3d\x22\x6d\x69\x63\x72\x6f\x70\x68\x6f\x6e\x65\x49\x63\x6f\x6e\
\x54\x69\x74\x6c\x65\x22\x20\x73\x74\x72\x6f\x6b\x65\x3d\x22\x23\
\x30\x30\x30\x22\x20\x73\x74\x72\x6f\x6b\x65\x2d\x77\x69\x64\x74\
\x68\x3d\x22\x31\x2e\x35\x22\x20\x73\x74\x72\x6f\x6b\x65\x2d\x6c\
\x69\x6e\x65\x63\x61\x70\x3d\x22\x73\x71\x75\x61\x72\x65\x22\x20\
\x73\x74\x72\x6f\x6b\x65\x2d\x6c\x69\x6e\x65\x6a\x6f\x69\x6e\x3d\
\x22\x6d\x69\x74\x65\x72\x22\x20\x66\x69\x6c\x6c\x3d\x22\x6e\x6f\
\x6e\x65\x22\x20\x63\x6f\x6c\x6f\x72\x3d\x22\x23\x30\x30\x30\x22\
\x3e\x20\x3c\x74\x69\x74\x6c\x65\x20\x69\x64\x3d\x22\x6d\x69\x63\
\x72\x6f\x70\x68\x6f\x6e\x65\x49\x63\x6f\x6e\x54\x69\x74\x6c\x65\
\x22\x3e\x4d\x69\x63\x72\x6f\x70\x68\x6f\x6e\x65\x20\x28\x56\x6f\
\x69\x63\x65\x20\x69\x6e\x70\x75\x74\x29\x3c\x2f\x74\x69\x74\x6c\
\x65\x3e\x20\x3c\x70\x61\x74\x68\x20\x64\x3d\x22\x4d\x31\x37\x20\
\x31\x32\x43\x31\x37\x20\x31\x34\x2e\x37\x36\x31\x34\x32\x33\x37\
\x20\x31\x34\x2e\x37\x36\x31\x34\x32\x33\x37\x20\x31\x37\x20\x31\
\x32\x20\x31\x37\x20\x39\x2e\x32\x33\x38\x35\x37\x36\x32\x35\x20\
\x31\x37\x20\x37\x20\x31\x34\x2e\x37\x36\x31\x34\x32\x33\x37\x20\
\x37\x20\x31\x32\x4d\x31\x32\x20\x31\x37\x4c\x31\x32\x20\x32\x31\
\x22\x2f\x3e\x20\x3c\x72\x65\x63\x74\x20\x77\x69\x64\x74\x68\x3d\
\x22\x34\x22\x20\x68\x65\x69\x67\x68\x74\x3d\x22\x31\x30\x22\x20\
\x78\x3d\x22\x31\x30\x22\x20\x79\x3d\x22\x34\x22\x20\x72\x78\x3d\
\x22\x32\x22\x2f\x3e\x20\x3c\x2f\x73\x76\x67\x3e\
\x00\x00\x02\x66\
\x3c\
\x73\x76\x67\x20\x72\x6f\x6c\x65\x3d\x22\x69\x6d\x67\x22\x20\x78\
\x6d\x6c\x6e\x73\x3d\x22\x68\x74\x74\x70\x3a\x2f\x2f\x77\x77\x77\
\x2e\x77\x33\x2e\x6f\x72\x67\x2f\x32\x30\x30\x30\x2f\x73\x76\x67\
\x22\x20\x77\x69\x64\x74\x68\x3d\x22\x33\x32\x70\x78\x22\x20\x68\
\x65\x69\x67\x68\x74\x3d\x22\x33\x32\x70\x78\x22\x20\x76\x69\x65\
\x77\x42\x6f\x78\x3d\x22\x30\x20\x30\x20\x32\x34\x20\x32\x34\x22\
\x20\x61\x72\x69\x61\x2d\x6c\x61\x62\x65\x6c\x6c\x65\x64\x62\x79\
\x3d\x22\x73\x68\x75\x66\x66\x6c\x65\x49\x63\x6f\x6e\x54\x69\x74\
\x6c\x65\x22\x20\x73\x74\x72\x6f\x6b\x65\x3d\x22\x23\x30\x30\x30\
\x22\x20\x73\x74\x72\x6f\x6b\x65\x2d\x77\x69\x64\x74\x68\x3d\x22\
\x31\x2e\x35\x22\x20\x73\x74\x72\x6f\x6b\x65\x2d\x6c\x69\x6e\x65\
\x63\x61\x70\x3d\x22\x73\x71\x75\x61\x72\x65\x22\x20\x73\x74\x72\
\x6f\x6b\x65\x2d\x6c\x69\x6e\x65\x6a\x6f\x69\x6e\x3d\x22\x6d\x69\
\x74\x65\x72\x22\x20\x66\x69\x6c\x6c\x3d\x22\x6e\x6f\x6e\x65\x22\
\x20\x63\x6f\x6c\x6f\x72\x3d\x22\x23\x30\x30\x30\x22\x3e\x20\x3c\
\x74\x69\x74\x6c\x65\x20\x69\x64\x3d\x22\x73\x68\x75\x66\x66\x6c\
\x65\x49\x63\x6f\x6e\x54\x69\x74\x6c\x65\x22\x3e\x53\x68\x75\x66\
\x66\x6c\x65\x3c\x2f\x74\x69\x74\x6c\x65\x3e\x20\x3c\x70\x61\x74\
\x68\x20\x64\x3d\x22\x4d\x32\x31\x20\x31\x36\x2e\x30\x33\x39\x39\
\x48\x31\x37\x2e\x37\x37\x30\x37\x43\x31\x35\x2e\x38\x31\x36\x34\
\x20\x31\x36\x2e\x30\x33\x39\x39\x20\x31\x33\x2e\x39\x38\x34\x35\
\x20\x31\x34\x2e\x39\x36\x39\x37\x20\x31\x32\x2e\x38\x36\x31\x31\
\x20\x31\x33\x2e\x31\x37\x31\x36\x4c\x31\x30\x2e\x37\x39\x37\x33\
\x20\x39\x2e\x38\x36\x38\x33\x31\x43\x39\x2e\x36\x37\x33\x38\x34\
\x20\x38\x2e\x30\x37\x30\x32\x32\x20\x37\x2e\x38\x34\x31\x39\x36\
\x20\x37\x20\x35\x2e\x38\x38\x37\x36\x32\x20\x37\x4c\x33\x20\x37\
\x22\x2f\x3e\x20\x3c\x70\x61\x74\x68\x20\x64\x3d\x22\x4d\x32\x31\
\x20\x37\x48\x31\x37\x2e\x37\x37\x30\x37\x43\x31\x35\x2e\x38\x31\
\x36\x34\x20\x37\x20\x31\x33\x2e\x39\x38\x34\x35\x20\x38\x2e\x31\
\x38\x33\x38\x38\x20\x31\x32\x2e\x38\x36\x31\x31\x20\x31\x30\x2e\
\x31\x37\x32\x39\x4c\x31\x30\x2e\x37\x39\x37\x33\x20\x31\x33\x2e\
\x38\x32\x37\x31\x43\x39\x2e\x36\x37\x33\x38\x34\x20\x31\x35\x2e\
\x38\x31\x36\x31\x20\x37\x2e\x38\x34\x31\x39\x36\x20\x31\x37\x20\
\x35\x2e\x38\x38\x37\x36\x32\x20\x31\x37\x4c\x33\x20\x31\x37\x22\
\x2f\x3e\x20\x3c\x70\x61\x74\x68\x20\x64\x3d\x22\x4d\x31\x39\x20\
\x34\x4c\x32\x32\x20\x37\x4c\x31\x39\x20\x31\x30\x22\x2f\x3e\x20\
\x3c\x70\x61\x74\x68\x20\x64\x3d\x22\x4d\x31\x39\x20\x31\x33\x4c\
\x32\x32\x20\x31\x36\x4c\x31\x39\x20\x31\x39\x22\x2f\x3e\x20\x3c\
\x2f\x73\x76\x67\x3e\
\x00\x00\x02\x30\
\x3c\
\x73\x76\x67\x20\x77\x69\x64\x74\x68\x3d\x22\x33\x32\x70\x78\x22\
\x20\x68\x65\x69\x67\x68\x74\x3d\x22\x33\x32\x70\x78\x22\x20\x76\
\x69\x65\x77\x42\x6f\x78\x3d\x22\x30\x20\x30\x20\x32\x34\x20\x32\
\x34\x22\x20\x78\x6d\x6c\x6e\x73\x3d\x22\x68\x74\x74\x70\x3a\x2f\
\x2f\x77\x77\x77\x2e\x77\x33\x2e\x6f\x72\x67\x2f\x32\x30\x30\x30\
\x2f\x73\x76\x67\x22\x20\x61\x72\x69\x61\x2d\x6c\x61\x62\x65\x6c\
\x6c\x65\x64\x62\x79\x3d\x22\x65\x61\x72\x49\x63\x6f\x6e\x54\x69\
\x74\x6c\x65\x22\x20\x73\x74\x72\x6f\x6b\x65\x3d\x22\x23\x30\x30\
\x30\x22\x20\x73\x74\x72\x6f\x6b\x65\x2d\x77\x69\x64\x74\x68\x3d\
\x22\x31\x2e\x35\x22\x20\x73\x74\x72\x6f\x6b\x65\x2d\x6c\x69\x6e\
\x65\x63\x61\x70\x3d\x22\x73\x71\x75\x61\x72\x65\x22\x20\x73\x74\
\x72\x6f\x6b\x65\x2d\x6c\x69\x6e\x65\x6a\x6f\x69\x6e\x3d\x22\x6d\
\x69\x74\x65\x72\x22\x20\x66\x69\x6c\x6c\x3d\x22\x6e\x6f\x6e\x65\
\x22\x20\x63\x6f\x6c\x6f\x72\x3d\x22\x23\x30\x30\x30\x22\x3e\x20\
\x3c\x74\x69\x74\x6c\x65\x20\x69\x64\x3d\x22\x65\x61\x72\x49\x63\
\x6f\x6e\x54\x69\x74\x6c\x65\x22\x3e\x45\x61\x72\x20\x28\x68\x65\
\x61\x72\x69\x6e\x67\x29\x3c\x2f\x74\x69\x74\x6c\x65\x3e\x20\x3c\
\x70\x61\x74\x68\x20\x64\x3d\x22\x4d\x36\x20\x31\x30\x43\x36\x20\
\x36\x2e\x31\x33\x34\x30\x31\x20\x39\x2e\x31\x33\x34\x30\x31\x20\
\x33\x20\x31\x33\x20\x33\x43\x31\x36\x2e\x38\x36\x36\x20\x33\x20\
\x32\x30\x20\x36\x2e\x31\x33\x34\x30\x31\x20\x32\x30\x20\x31\x30\
\x43\x32\x30\x20\x31\x32\x2e\x38\x37\x32\x31\x20\x31\x38\x2e\x32\
\x30\x34\x33\x20\x31\x35\x2e\x30\x38\x30\x36\x20\x31\x36\x2e\x35\
\x20\x31\x37\x43\x31\x35\x2e\x30\x36\x36\x38\x20\x31\x38\x2e\x36\
\x31\x34\x31\x20\x31\x34\x2e\x35\x20\x32\x32\x20\x31\x31\x20\x32\
\x32\x43\x39\x2e\x38\x37\x34\x31\x38\x20\x32\x32\x20\x38\x2e\x38\
\x33\x35\x32\x36\x20\x32\x31\x2e\x36\x32\x37\x39\x20\x37\x2e\x39\
\x39\x39\x35\x31\x20\x32\x31\x22\x2f\x3e\x20\x3c\x70\x61\x74\x68\
\x20\x64\x3d\x22\x4d\x31\x30\x20\x31\x30\x43\x31\x30\x20\x38\x2e\
\x33\x34\x33\x31\x35\x20\x31\x31\x2e\x33\x34\x33\x31\x20\x37\x20\
\x31\x33\x20\x37\x43\x31\x34\x2e\x36\x35\x36\x39\x20\x37\x20\x31\
\x36\x20\x38\x2e\x33\x34\x33\x31\x35\x20\x31\x36\x20\x31\x30\x43\
\x31\x36\x20\x31\x30\x2e\x37\x36\x38\x34\x20\x31\x35\x2e\x37\x31\
\x31\x31\x20\x31\x31\x2e\x34\x36\x39\x32\x20\x31\x35\x2e\x32\x33\
\x36\x31\x20\x31\x32\x22\x2f\x3e\x20\x3c\x2f\x73\x76\x67\x3e\
\x00\x00\x01\xa6\
\x3c\
\x73\x76\x67\x20\x77\x69\x64\x74\x68\x3d\x22\x33\x32\x70\x78\x22\
\x20\x68\x65\x69\x67\x68\x74\x3d\x22\x33\x32\x70\x78\x22\x20\x76\
\x69\x65\x77\x42\x6f\x78\x3d\x22\x30\x20\x30\x20\x32\x34\x20\x32\
\x34\x22\x20\x66\x69\x6c\x6c\x3d\x22\x6e\x6f\x6e\x65\x22\x20\x78\
\x6d\x6c\x6e\x73\x3d\x22\x68\x74\x74\x70\x3a\x2f\x2f\x77\x77\x77\
\x2e\x77\x33\x2e\x6f\x72\x67\x2f\x32\x30\x30\x30\x2f\x73\x76\x67\
\x22\x20\x61\x72\x69\x61\x2d\x6c\x61\x62\x65\x6c\x6c\x65\x64\x62\
\x79\x3d\x22\x62\x6f\x78\x41\x6c\x74\x49\x63\x6f\x6e\x54\x69\x74\
\x6c\x65\x22\x20\x73\x74\x72\x6f\x6b\x65\x3d\x22\x23\x30\x30\x30\
\x22\x20\x73\x74\x72\x6f\x6b\x65\x2d\x77\x69\x64\x74\x68\x3d\x22\
\x31\x2e\x35\x22\x20\x73\x74\x72\x6f\x6b\x65\x2d\x6c\x69\x6e\x65\
\x63\x61\x70\x3d\x22\x73\x71\x75\x61\x72\x65\x22\x20\x73\x74\x72\
\x6f\x6b\x65\x2d\x6c\x69\x6e\x65\x6a\x6f\x69\x6e\x3d\x22\x6d\x69\
\x74\x65\x72\x22\x20\x63\x6f\x6c\x6f\x72\x3d\x22\x23\x30\x30\x30\
\x22\x3e\x20\x3c\x74\x69\x74\x6c\x65\x20\x69\x64\x3d\x22\x62\x6f\
\x78\x41\x6c\x74\x49\x63\x6f\x6e\x54\x69\x74\x6c\x65\x22\x3e\x42\
\x6f\x78\x3c\x2f\x74\x69\x74\x6c\x65\x3e\x20\x3c\x72\x65\x63\x74\
\x20\x78\x3d\x22\x35\x22\x20\x79\x3d\x22\x39\x22\x20\x77\x69\x64\
\x74\x68\x3d\x22\x31\x34\x22\x20\x68\x65\x69\x67\x68\x74\x3d\x22\
\x31\x31\x22\x2f\x3e\x20\x3c\x72\x65\x63\x74\x20\x77\x69\x64\x74\
\x68\x3d\x22\x31\x36\x22\x20\x68\x65\x69\x67\x68\x74\x3d\x22\x34\
\x22\x20\x74\x72\x61\x6e\x73\x66\x6f\x72\x6d\x3d\x22\x6d\x61\x74\
\x72\x69\x78\x28\x31\x20\x30\x20\x30\x20\x2d\x31\x20\x34\x20\x39\
\x29\x22\x2f\x3e\x20\x3c\x72\x65\x63\x74\x20\x78\x3d\x22\x39\x22\
\x20\x79\x3d\x22\x31\x32\x22\x20\x77\x69\x64\x74\x68\x3d\x22\x36\
\x22\x20\x68\x65\x69\x67\x68\x74\x3d\x22\x33\x22\x2f\x3e\x20\x3c\
\x2f\x73\x76\x67\x3e\
\x00\x00\x01\x75\
\x3c\
\x73\x76\x67\x20\x72\x6f\x6c\x65\x3d\x22\x69\x6d\x67\x22\x20\x78\
\x6d\x6c\x6e\x73\x3d\x22\x68\x74\x74\x70\x3a\x2f\x2f\x77\x77\x77\
\x2e\x77\x33\x2e\x6f\x72\x67\x2f\x32\x30\x30\x30\x2f\x73\x76\x67\
\x22\x20\x77\x69\x64\x74\x68\x3d\x22\x33\x32\x70\x78\x22\x20\x68\
\x65\x69\x67\x68\x74\x3d\x22\x33\x32\x70\x78\x22\x20\x76\x69\x65\
\x77\x42\x6f\x78\x3d\x22\x30\x20\x30\x20\x32\x34\x20\x32\x34\x22\
\x20\x61\x72\x69\x61\x2d\x6c\x61\x62\x65\x6c\x6c\x65\x64\x62\x79\
\x3d\x22\x75\x70\x6c\x6f\x61\x64\x49\x63\x6f\x6e\x54\x69\x74\x6c\
\x65\x22\x20\x73\x74\x72\x6f\x6b\x65\x3d\x22\x23\x30\x30\x30\x22\
\x20\x73\x74\x72\x6f\x6b\x65\x2d\x77\x69\x64\x74\x68\x3d\x22\x31\
\x2e\x35\x22\x20\x73\x74\x72\x6f\x6b\x65\x2d\x6c\x69\x6e\x65\x63\
\x61\x70\x3d\x22\x73\x71\x75\x61\x72\x65\x22\x20\x73\x74\x72\x6f\
\x6b\x65\x2d\x6c\x69\x6e\x65\x6a\x6f\x69\x6e\x3d\x22\x6d\x69\x74\
\x65\x72\x22\x20\x66\x69\x6c\x6c\x3d\x22\x6e\x6f\x6e\x65\x22\x20\
\x63\x6f\x6c\x6f\x72\x3d\x22\x23\x30\x30\x30\x22\x3e\x20\x3c\x74\
\x69\x74\x6c\x65\x20\x69\x64\x3d\x22\x75\x70\x6c\x6f\x61\x64\x49\
\x63\x6f\x6e\x54\x69\x74\x6c\x65\x22\x3e\x55\x70\x6c\x6f\x61\x64\
\x3c\x2f\x74\x69\x74\x6c\x65\x3e\x20\x3c\x70\x61\x74\x68\x20\x64\
\x3d\x22\x4d\x31\x32\x2c\x34\x20\x4c\x31\x32\x2c\x31\x37\x22\x2f\
\x3e\x20\x3c\x70\x6f\x6c\x79\x6c\x69\x6e\x65\x20\x70\x6f\x69\x6e\
\x74\x73\x3d\x22\x37\x20\x38\x20\x31\x32\x20\x33\x20\x31\x37\x20\
\x38\x22\x2f\x3e\x20\x3c\x70\x61\x74\x68\x20\x64\x3d\x22\x4d\x32\
\x30\x2c\x32\x31\x20\x4c\x34\x2c\x32\x31\x22\x2f\x3e\x20\x3c\x2f\
\x73\x76\x67\x3e\
\x00\x00\x01\x9f\
\x3c\
\x73\x76\x67\x20\x72\x6f\x6c\x65\x3d\x22\x69\x6d\x67\x22\x20\x78\
\x6d\x6c\x6e\x73\x3d\x22\x68\x74\x74\x70\x3a\x2f\x2f\x77\x77\x77\
\x2e\x77\x33\x2e\x6f\x72\x67\x2f\x32\x30\x30\x30\x2f\x73\x76\x67\
\x22\x20\x77\x69\x64\x74\x68\x3d\x22\x33\x32\x70\x78\x22\x20\x68\
\x65\x69\x67\x68\x74\x3d\x22\x33\x32\x70\x78\x22\x20\x76\x69\x65\
\x77\x42\x6f\x78\x3d\x22\x30\x20\x30\x20\x32\x34\x20\x32\x34\x22\
\x20\x61\x72\x69\x61\x2d\x6c\x61\x62\x65\x6c\x6c\x65\x64\x62\x79\
\x3d\x22\x65\x6e\x74\x72\x61\x6e\x63\x65\x49\x63\x6f\x6e\x54\x69\
\x74\x6c\x65\x22\x20\x73\x74\x72\x6f\x6b\x65\x3d\x22\x23\x30\x30\
\x30\x22\x20\x73\x74\x72\x6f\x6b\x65\x2d\x77\x69\x64\x74\x68\x3d\
\x22\x31\x2e\x35\x22\x20\x73\x74\x72\x6f\x6b\x65\x2d\x6c\x69\x6e\
\x65\x63\x61\x70\x3d\x22\x73\x71\x75\x61\x72\x65\x22\x20\x73\x74\
\x72\x6f\x6b\x65\x2d\x6c\x69\x6e\x65\x6a\x6f\x69\x6e\x3d\x22\x6d\
\x69\x74\x65\x72\x22\x20\x66\x69\x6c\x6c\x3d\x22\x6e\x6f\x6e\x65\
\x22\x20\x63\x6f\x6c\x6f\x72\x3d\x22\x23\x30\x30\x30\x22\x3e\x20\
\x3c\x74\x69\x74\x6c\x65\x20\x69\x64\x3d\x22\x65\x6e\x74\x72\x61\
\x6e\x63\x65\x49\x63\x6f\x6e\x54\x69\x74\x6c\x65\x22\x3e\x45\x6e\
\x74\x72\x61\x6e\x63\x65\x3c\x2f\x74\x69\x74\x6c\x65\x3e\x20\x3c\
\x70\x61\x74\x68\x20\x64\x3d\x22\x4d\x31\x31\x20\x31\x35\x6c\x33\
\x2d\x33\x2d\x33\x2d\x33\x22\x2f\x3e\x20\x3c\x70\x61\x74\x68\x20\
\x64\x3d\x22\x4d\x34\x2e\x35\x20\x31\x32\x48\x31\x33\x22\x2f\x3e\
\x20\x3c\x70\x61\x74\x68\x20\x73\x74\x72\x6f\x6b\x65\x2d\x6c\x69\
\x6e\x65\x63\x61\x70\x3d\x22\x72\x6f\x75\x6e\x64\x22\x20\x64\x3d\
\x22\x4d\x31\x34\x20\x31\x32\x68\x2d\x31\x22\x2f\x3e\x20\x3c\x70\
\x61\x74\x68\x20\x64\x3d\x22\x4d\x31\x38\x20\x34\x76\x31\x36\x48\
\x37\x56\x34\x7a\x22\x2f\x3e\x20\x3c\x2f\x73\x76\x67\x3e\
\x00\x00\x03\x2d\
\x3c\
\x73\x76\x67\x20\x72\x6f\x6c\x65\x3d\x22\x69\x6d\x67\x22\x20\x78\
\x6d\x6c\x6e\x73\x3d\x22\x68\x74\x74\x70\x3a\x2f\x2f\x77\x77\x77\
\x2e\x77\x33\x2e\x6f\x72\x67\x2f\x32\x30\x30\x30\x2f\x73\x76\x67\
\x22\x20\x77\x69\x64\x74\x68\x3d\x22\x33\x32\x70\x78\x22\x20\x68\
\x65\x69\x67\x68\x74\x3d\x22\x33\x32\x70\x78\x22\x20\x76\x69\x65\
\x77\x42\x6f\x78\x3d\x22\x30\x20\x30\x20\x32\x34\x20\x32\x34\x22\
\x20\x61\x72\x69\x61\x2d\x6c\x61\x62\x65\x6c\x6c\x65\x64\x62\x79\
\x3d\x22\x74\x68\x75\x6d\x62\x55\x70\x49\x63\x6f\x6e\x54\x69\x74\
\x6c\x65\x22\x20\x73\x74\x72\x6f\x6b\x65\x3d\x22\x23\x30\x30\x30\
\x22\x20\x73\x74\x72\x6f\x6b\x65\x2d\x77\x69\x64\x74\x68\x3d\x22\
\x31\x2e\x35\x22\x20\x73\x74\x72\x6f\x6b\x65\x2d\x6c\x69\x6e\x65\
\x63\x61\x70\x3d\x22\x73\x71\x75\x61\x72\x65\x22\x20\x73\x74\x72\
\x6f\x6b\x65\x2d\x6c\x69\x6e\x65\x6a\x6f\x69\x6e\x3d\x22\x6d\x69\
\x74\x65\x72\x22\x20\x66\x69\x6c\x6c\x3d\x22\x6e\x6f\x6e\x65\x22\
\x20\x63\x6f\x6c\x6f\x72\x3d\x22\x23\x30\x30\x30\x22\x3e\x20\x3c\
\x74\x69\x74\x6c\x65\x20\x69\x64\x3d\x22\x74\x68\x75\x6d\x62\x55\
\x70\x49\x63\x6f\x6e\x54\x69\x74\x6c\x65\x22\x3e\x54\x68\x75\x6d\
\x62\x20\x55\x70\x3c\x2f\x74\x69\x74\x6c\x65\x3e\x20\x3c\x70\x61\
\x74\x68\x20\x64\x3d\x22\x4d\x38\x2c\x38\x2e\x37\x33\x39\x38\x34\
\x38\x31\x35\x20\x43\x38\x2c\x38\x2e\x32\x36\x32\x34\x32\x35\x36\
\x31\x20\x38\x2e\x31\x37\x30\x37\x38\x34\x33\x32\x2c\x37\x2e\x38\
\x30\x30\x37\x35\x31\x36\x32\x20\x38\x2e\x34\x38\x31\x34\x38\x36\
\x38\x2c\x37\x2e\x34\x33\x38\x32\x36\x35\x34\x31\x20\x4c\x31\x33\
\x2e\x32\x37\x32\x33\x39\x33\x31\x2c\x31\x2e\x38\x34\x38\x38\x37\
\x34\x36\x39\x20\x43\x31\x33\x2e\x37\x30\x30\x30\x31\x32\x37\x2c\
\x31\x2e\x33\x34\x39\x39\x38\x35\x32\x32\x20\x31\x34\x2e\x34\x31\
\x32\x32\x39\x33\x32\x2c\x31\x2e\x32\x30\x36\x31\x34\x36\x35\x38\
\x20\x31\x35\x2c\x31\x2e\x35\x20\x43\x31\x35\x2e\x35\x37\x33\x37\
\x39\x35\x37\x2c\x31\x2e\x37\x38\x36\x38\x39\x37\x38\x35\x20\x31\
\x35\x2e\x38\x34\x39\x33\x31\x34\x2c\x32\x2e\x34\x35\x32\x30\x35\
\x37\x39\x32\x20\x31\x35\x2e\x36\x34\x36\x34\x34\x36\x36\x2c\x33\
\x2e\x30\x36\x30\x36\x36\x30\x31\x37\x20\x4c\x31\x34\x2c\x38\x20\
\x4c\x31\x38\x2e\x36\x30\x33\x35\x37\x34\x36\x2c\x38\x20\x43\x31\
\x38\x2e\x37\x32\x33\x35\x35\x37\x38\x2c\x38\x20\x31\x38\x2e\x38\
\x34\x33\x32\x39\x37\x36\x2c\x38\x2e\x30\x31\x30\x37\x39\x36\x39\
\x33\x20\x31\x38\x2e\x39\x36\x31\x33\x34\x35\x34\x2c\x38\x2e\x30\
\x33\x32\x32\x36\x30\x31\x38\x20\x43\x32\x30\x2e\x30\x34\x38\x30\
\x39\x38\x31\x2c\x38\x2e\x32\x32\x39\x38\x35\x31\x35\x38\x20\x32\
\x30\x2e\x37\x36\x38\x39\x30\x35\x38\x2c\x39\x2e\x32\x37\x31\x30\
\x31\x38\x31\x38\x20\x32\x30\x2e\x35\x37\x31\x33\x31\x34\x34\x2c\
\x31\x30\x2e\x33\x35\x37\x37\x37\x30\x39\x20\x4c\x31\x39\x2e\x32\
\x39\x38\x35\x38\x37\x31\x2c\x31\x37\x2e\x33\x35\x37\x37\x37\x30\
\x39\x20\x43\x31\x39\x2e\x31\x32\x35\x36\x38\x31\x34\x2c\x31\x38\
\x2e\x33\x30\x38\x37\x35\x32\x33\x20\x31\x38\x2e\x32\x39\x37\x34\
\x31\x39\x36\x2c\x31\x39\x20\x31\x37\x2e\x33\x33\x30\x38\x34\x37\
\x33\x2c\x31\x39\x20\x4c\x31\x30\x2c\x31\x39\x20\x43\x38\x2e\x38\
\x39\x35\x34\x33\x30\x35\x2c\x31\x39\x20\x38\x2c\x31\x38\x2e\x31\
\x30\x34\x35\x36\x39\x35\x20\x38\x2c\x31\x37\x20\x4c\x38\x2c\x38\
\x2e\x37\x33\x39\x38\x34\x38\x31\x35\x20\x5a\x22\x2f\x3e\x20\x3c\
\x70\x61\x74\x68\x20\x64\x3d\x22\x4d\x34\x2c\x31\x38\x20\x4c\x34\
\x2c\x39\x22\x2f\x3e\x20\x3c\x2f\x73\x76\x67\x3e\
\x00\x00\x01\xd9\
\x3c\
\x73\x76\x67\x20\x72\x6f\x6c\x65\x3d\x22\x69\x6d\x67\x22\x20\x78\
\x6d\x6c\x6e\x73\x3d\x22\x68\x74\x74\x70\x3a\x2f\x2f\x77\x77\x77\
\x2e\x77\x33\x2e\x6f\x72\x67\x2f\x32\x30\x30\x30\x2f\x73\x76\x67\
\x22\x20\x77\x69\x64\x74\x68\x3d\x22\x33\x32\x70\x78\x22\x20\x68\
\x65\x69\x67\x68\x74\x3d\x22\x33\x32\x70\x78\x22\x20\x76\x69\x65\
\x77\x42\x6f\x78\x3d\x22\x30\x20\x30\x20\x32\x34\x20\x32\x34\x22\
\x20\x61\x72\x69\x61\x2d\x6c\x61\x62\x65\x6c\x6c\x65\x64\x62\x79\
\x3d\x22\x6c\x6f\x63\x6b\x41\x6c\x74\x49\x63\x6f\x6e\x54\x69\x74\
\x6c\x65\x22\x20\x73\x74\x72\x6f\x6b\x65\x3d\x22\x23\x30\x30\x30\
\x22\x20\x73\x74\x72\x6f\x6b\x65\x2d\x77\x69\x64\x74\x68\x3d\x22\
\x31\x2e\x35\x22\x20\x73\x74\x72\x6f\x6b\x65\x2d\x6c\x69\x6e\x65\
\x63\x61\x70\x3d\x22\x73\x71\x75\x61\x72\x65\x22\x20\x73\x74\x72\
\x6f\x6b\x65\x2d\x6c\x69\x6e\x65\x6a\x6f\x69\x6e\x3d\x22\x6d\x69\
\x74\x65\x72\x22\x20\x66\x69\x6c\x6c\x3d\x22\x6e\x6f\x6e\x65\x22\
\x20\x63\x6f\x6c\x6f\x72\x3d\x22\x23\x30\x30\x30\x22\x3e\x20\x3c\
\x74\x69\x74\x6c\x65\x20\x69\x64\x3d\x22\x6c\x6f\x63\x6b\x41\x6c\
\x74\x49\x63\x6f\x6e\x54\x69\x74\x6c\x65\x22\x3e\x4c\x6f\x63\x6b\
\x3c\x2f\x74\x69\x74\x6c\x65\x3e\x20\x3c\x72\x65\x63\x74\x20\x77\
\x69\x64\x74\x68\x3d\x22\x31\x34\x22\x20\x68\x65\x69\x67\x68\x74\
\x3d\x22\x31\x30\x22\x20\x78\x3d\x22\x35\x22\x20\x79\x3d\x22\x31\
\x31\x22\x2f\x3e\x20\x3c\x70\x61\x74\x68\x20\x64\x3d\x22\x4d\x31\
\x32\x2c\x33\x20\x4c\x31\x32\x2c\x33\x20\x43\x31\x34\x2e\x37\x36\
\x31\x34\x32\x33\x37\x2c\x33\x20\x31\x37\x2c\x35\x2e\x32\x33\x38\
\x35\x37\x36\x32\x35\x20\x31\x37\x2c\x38\x20\x4c\x31\x37\x2c\x31\
\x31\x20\x4c\x37\x2c\x31\x31\x20\x4c\x37\x2c\x38\x20\x43\x37\x2c\
\x35\x2e\x32\x33\x38\x35\x37\x36\x32\x35\x20\x39\x2e\x32\x33\x38\
\x35\x37\x36\x32\x35\x2c\x33\x20\x31\x32\x2c\x33\x20\x5a\x22\x2f\
\x3e\x20\x3c\x63\x69\x72\x63\x6c\x65\x20\x63\x78\x3d\x22\x31\x32\
\x22\x20\x63\x79\x3d\x22\x31\x36\x22\x20\x72\x3d\x22\x31\x22\x2f\
\x3e\x20\x3c\x2f\x73\x76\x67\x3e\
\x00\x00\x01\xe4\
\x3c\
\x73\x76\x67\x20\x77\x69\x64\x74\x68\x3d\x22\x33\x32\x70\x78\x22\
\x20\x68\x65\x69\x67\x68\x74\x3d\x22\x33\x32\x70\x78\x22\x20\x76\
\x69\x65\x77\x42\x6f\x78\x3d\x22\x30\x20\x30\x20\x32\x34\x20\x32\
\x34\x22\x20\x66\x69\x6c\x6c\x3d\x22\x6e\x6f\x6e\x65\x22\x20\x78\
\x6d\x6c\x6e\x73\x3d\x22\x68\x74\x74\x70\x3a\x2f\x2f\x77\x77\x77\
\x2e\x77\x33\x2e\x6f\x72\x67\x2f\x32\x30\x30\x30\x2f\x73\x76\x67\
\x22\x20\x61\x72\x69\x61\x2d\x6c\x61\x62\x65\x6c\x6c\x65\x64\x62\
\x79\x3d\x22\x63\x61\x72\x41\x6c\x74\x49\x63\x6f\x6e\x54\x69\x74\
\x6c\x65\x22\x20\x73\x74\x72\x6f\x6b\x65\x3d\x22\x23\x30\x30\x30\
\x22\x20\x73\x74\x72\x6f\x6b\x65\x2d\x77\x69\x64\x74\x68\x3d\x22\
\x31\x2e\x35\x22\x20\x73\x74\x72\x6f\x6b\x65\x2d\x6c\x69\x6e\x65\
\x63\x61\x70\x3d\x22\x73\x71\x75\x61\x72\x65\x22\x20\x73\x74\x72\
\x6f\x6b\x65\x2d\x6c\x69\x6e\x65\x6a\x6f\x69\x6e\x3d\x22\x6d\x69\
\x74\x65\x72\x22\x20\x63\x6f\x6c\x6f\x72\x3d\x22\x23\x30\x30\x30\
\x22\x3e\x20\x3c\x74\x69\x74\x6c\x65\x20\x69\x64\x3d\x22\x63\x61\
\x72\x41\x6c\x74\x49\x63\x6f\x6e\x54\x69\x74\x6c\x65\x22\x3e\x43\
\x61\x72\x3c\x2f\x74\x69\x74\x6c\x65\x3e\x20\x3c\x70\x61\x74\x68\
\x20\x64\x3d\x22\x4d\x33\x20\x31\x32\x4c\x35\x20\x37\x48\x37\x4d\
\x33\x20\x31\x32\x48\x32\x56\x31\x37\x48\x33\x4d\x33\x20\x31\x32\
\x48\x37\x4d\x31\x38\x20\x31\x32\x4c\x31\x36\x20\x37\x48\x31\x32\
\x4d\x31\x38\x20\x31\x32\x48\x32\x30\x43\x32\x31\x2e\x31\x30\x34\
\x36\x20\x31\x32\x20\x32\x32\x20\x31\x32\x2e\x38\x39\x35\x34\x20\
\x32\x32\x20\x31\x34\x56\x31\x37\x48\x32\x30\x4d\x31\x38\x20\x31\
\x32\x48\x31\x32\x4d\x37\x20\x31\x37\x48\x31\x36\x4d\x37\x20\x37\
\x56\x31\x32\x4d\x37\x20\x37\x48\x31\x32\x4d\x37\x20\x31\x32\x48\
\x31\x32\x4d\x31\x32\x20\x31\x32\x56\x37\x22\x2f\x3e\x20\x3c\x63\
\x69\x72\x63\x6c\x65\x20\x63\x78\x3d\x22\x35\x22\x20\x63\x79\x3d\
\x22\x31\x37\x22\x20\x72\x3d\x22\x32\x22\x2f\x3e\x20\x3c\x63\x69\
\x72\x63\x6c\x65\x20\x63\x78\x3d\x22\x31\x38\x22\x20\x63\x79\x3d\
\x22\x31\x37\x22\x20\x72\x3d\x22\x32\x22\x2f\x3e\x20\x3c\x2f\x73\
\x76\x67\x3e\
\x00\x00\x04\x6c\
\x3c\
\x73\x76\x67\x20\x72\x6f\x6c\x65\x3d\x22\x69\x6d\x67\x22\x20\x78\
\x6d\x6c\x6e\x73\x3d\x22\x68\x74\x74\x70\x3a\x2f\x2f\x77\x77\x77\
\x2e\x77\x33\x2e\x6f\x72\x67\x2f\x32\x30\x30\x30\x2f\x73\x76\x67\
\x22\x20\x77\x69\x64\x74\x68\x3d\x22\x33\x32\x70\x78\x22\x20\x68\
\x65\x69\x67\x68\x74\x3d\x22\x33\x32\x70\x78\x22\x20\x76\x69\x65\
\x77\x42\x6f\x78\x3d\x22\x30\x20\x30\x20\x32\x34\x20\x32\x34\x22\
\x20\x61\x72\x69\x61\x2d\x6c\x61\x62\x65\x6c\x6c\x65\x64\x62\x79\
\x3d\x22\x70\x61\x6e\x49\x63\x6f\x6e\x54\x69\x74\x6c\x65\x22\x20\
\x73\x74\x72\x6f\x6b\x65\x3d\x22\x23\x30\x30\x30\x22\x20\x73\x74\
\x72\x6f\x6b\x65\x2d\x77\x69\x64\x74\x68\x3d\x22\x31\x2e\x35\x22\
\x20\x73\x74\x72\x6f\x6b\x65\x2d\x6c\x69\x6e\x65\x63\x61\x70\x3d\
\x22\x73\x71\x75\x61\x72\x65\x22\x20\x73\x74\x72\x6f\x6b\x65\x2d\
\x6c\x69\x6e\x65\x6a\x6f\x69\x6e\x3d\x22\x6d\x69\x74\x65\x72\x22\
\x20\x66\x69\x6c\x6c\x3d\x22\x6e\x6f\x6e\x65\x22\x20\x63\x6f\x6c\
\x6f\x72\x3d\x22\x23\x30\x30\x30\x22\x3e\x20\x3c\x74\x69\x74\x6c\
\x65\x20\x69\x64\x3d\x22\x70\x61\x6e\x49\x63\x6f\x6e\x54\x69\x74\
\x6c\x65\x22\x3e\x50\x61\x6e\x3c\x2f\x74\x69\x74\x6c\x65\x3e\x20\
\x3c\x70\x61\x74\x68\x20\x64\x3d\x22\x4d\x32\x30\x2c\x31\x34\x20\
\x4c\x32\x30\x2c\x31\x37\x20\x43\x32\x30\x2c\x31\x39\x2e\x32\x30\
\x39\x31\x33\x39\x20\x31\x38\x2e\x32\x30\x39\x31\x33\x39\x2c\x32\
\x31\x20\x31\x36\x2c\x32\x31\x20\x4c\x31\x30\x2e\x30\x32\x31\x36\
\x35\x39\x34\x2c\x32\x31\x20\x43\x38\x2e\x37\x35\x30\x34\x35\x34\
\x39\x37\x2c\x32\x31\x20\x37\x2e\x35\x35\x34\x39\x33\x33\x39\x32\
\x2c\x32\x30\x2e\x33\x39\x35\x37\x36\x35\x39\x20\x36\x2e\x38\x30\
\x31\x30\x33\x31\x32\x38\x2c\x31\x39\x2e\x33\x37\x32\x32\x34\x36\
\x37\x20\x4c\x33\x2e\x33\x34\x35\x34\x31\x36\x36\x38\x2c\x31\x34\
\x2e\x36\x38\x30\x38\x30\x38\x31\x20\x43\x32\x2e\x38\x31\x35\x30\
\x38\x34\x31\x36\x2c\x31\x33\x2e\x39\x36\x30\x38\x31\x33\x39\x20\
\x32\x2e\x39\x34\x37\x37\x37\x39\x38\x32\x2c\x31\x32\x2e\x39\x35\
\x30\x35\x34\x38\x20\x33\x2e\x36\x34\x36\x30\x35\x34\x37\x39\x2c\
\x31\x32\x2e\x33\x39\x31\x39\x32\x38\x20\x43\x34\x2e\x33\x35\x37\
\x35\x36\x30\x34\x31\x2c\x31\x31\x2e\x38\x32\x32\x37\x32\x33\x35\
\x20\x35\x2e\x33\x38\x33\x33\x35\x38\x31\x33\x2c\x31\x31\x2e\x38\
\x37\x39\x38\x37\x39\x32\x20\x36\x2e\x30\x32\x37\x32\x32\x35\x37\
\x31\x2c\x31\x32\x2e\x35\x32\x34\x36\x30\x32\x38\x20\x4c\x38\x2c\
\x31\x34\x2e\x35\x20\x4c\x38\x2c\x31\x33\x20\x4c\x38\x2e\x30\x30\
\x33\x39\x33\x30\x38\x31\x2c\x31\x33\x20\x4c\x38\x2c\x31\x31\x20\
\x4c\x38\x2e\x30\x31\x37\x34\x35\x32\x33\x2c\x36\x2e\x35\x20\x43\
\x38\x2e\x30\x31\x37\x34\x35\x32\x33\x2c\x35\x2e\x36\x37\x31\x35\
\x37\x32\x38\x38\x20\x38\x2e\x36\x38\x39\x30\x32\x35\x31\x37\x2c\
\x35\x20\x39\x2e\x35\x31\x37\x34\x35\x32\x33\x2c\x35\x20\x43\x31\
\x30\x2e\x33\x34\x35\x38\x37\x39\x34\x2c\x35\x20\x31\x31\x2e\x30\
\x31\x37\x34\x35\x32\x33\x2c\x35\x2e\x36\x37\x31\x35\x37\x32\x38\
\x38\x20\x31\x31\x2e\x30\x31\x37\x34\x35\x32\x33\x2c\x36\x2e\x35\
\x20\x4c\x31\x31\x2e\x30\x31\x37\x34\x35\x32\x33\x2c\x31\x31\x20\
\x4c\x31\x31\x2e\x30\x31\x37\x34\x35\x32\x33\x2c\x34\x2e\x35\x20\
\x43\x31\x31\x2e\x30\x31\x37\x34\x35\x32\x33\x2c\x33\x2e\x36\x37\
\x31\x35\x37\x32\x38\x38\x20\x31\x31\x2e\x36\x38\x39\x30\x32\x35\
\x32\x2c\x33\x20\x31\x32\x2e\x35\x31\x37\x34\x35\x32\x33\x2c\x33\
\x20\x43\x31\x33\x2e\x33\x34\x35\x38\x37\x39\x34\x2c\x33\x20\x31\
\x34\x2e\x30\x31\x37\x34\x35\x32\x33\x2c\x33\x2e\x36\x37\x31\x35\
\x37\x32\x38\x38\x20\x31\x34\x2e\x30\x31\x37\x34\x35\x32\x33\x2c\
\x34\x2e\x35\x20\x4c\x31\x34\x2e\x30\x31\x37\x34\x35\x32\x33\x2c\
\x31\x31\x20\x4c\x31\x34\x2e\x30\x31\x37\x34\x35\x32\x33\x2c\x35\
\x2e\x35\x20\x43\x31\x34\x2e\x30\x31\x37\x34\x35\x32\x33\x2c\x34\
\x2e\x36\x37\x31\x35\x37\x32\x38\x38\x20\x31\x34\x2e\x36\x38\x39\
\x30\x32\x35\x32\x2c\x34\x20\x31\x35\x2e\x35\x31\x37\x34\x35\x32\
\x33\x2c\x34\x20\x43\x31\x36\x2e\x33\x34\x35\x38\x37\x39\x34\x2c\
\x34\x20\x31\x37\x2e\x30\x31\x37\x34\x35\x32\x33\x2c\x34\x2e\x36\
\x37\x31\x35\x37\x32\x38\x38\x20\x31\x37\x2e\x30\x31\x37\x34\x35\
\x32\x33\x2c\x35\x2e\x35\x20\x4c\x31\x37\x2e\x30\x31\x37\x34\x35\
\x32\x33\x2c\x31\x31\x20\x4c\x31\x37\x2e\x30\x31\x37\x34\x35\x32\
\x33\x2c\x37\x2e\x35\x20\x43\x31\x37\x2e\x30\x31\x37\x34\x35\x32\
\x33\x2c\x36\x2e\x36\x37\x31\x35\x37\x32\x38\x38\x20\x31\x37\x2e\
\x36\x38\x39\x30\x32\x35\x32\x2c\x36\x20\x31\x38\x2e\x35\x31\x37\
\x34\x35\x32\x33\x2c\x36\x20\x43\x31\x39\x2e\x33\x34\x35\x38\x37\
\x39\x34\x2c\x36\x20\x32\x30\x2e\x30\x31\x37\x34\x35\x32\x33\x2c\
\x36\x2e\x36\x37\x31\x35\x37\x32\x38\x38\x20\x32\x30\x2e\x30\x31\
\x37\x34\x35\x32\x33\x2c\x37\x2e\x35\x20\x4c\x32\x30\x2e\x30\x30\
\x35\x38\x39\x36\x32\x2c\x31\x34\x20\x4c\x32\x30\x2c\x31\x34\x20\
\x5a\x22\x2f\x3e\x20\x3c\x2f\x73\x76\x67\x3e\
\x00\x00\x01\xd0\
\x3c\
\x73\x76\x67\x20\x72\x6f\x6c\x65\x3d\x22\x69\x6d\x67\x22\x20\x78\
\x6d\x6c\x6e\x73\x3d\x22\x68\x74\x74\x70\x3a\x2f\x2f\x77\x77\x77\
\x2e\x77\x33\x2e\x6f\x72\x67\x2f\x32\x30\x30\x30\x2f\x73\x76\x67\
\x22\x20\x77\x69\x64\x74\x68\x3d\x22\x33\x32\x70\x78\x22\x20\x68\
\x65\x69\x67\x68\x74\x3d\x22\x33\x32\x70\x78\x22\x20\x76\x69\x65\
\x77\x42\x6f\x78\x3d\x22\x30\x20\x30\x20\x32\x34\x20\x32\x34\x22\
\x20\x61\x72\x69\x61\x2d\x6c\x61\x62\x65\x6c\x6c\x65\x64\x62\x79\
\x3d\x22\x62\x6f\x6f\x6b\x6d\x61\x72\x6b\x49\x63\x6f\x6e\x54\x69\
\x74\x6c\x65\x22\x20\x73\x74\x72\x6f\x6b\x65\x3d\x22\x23\x30\x30\
\x30\x22\x20\x73\x74\x72\x6f\x6b\x65\x2d\x77\x69\x64\x74\x68\x3d\
\x22\x31\x2e\x35\x22\x20\x73\x74\x72\x6f\x6b\x65\x2d\x6c\x69\x6e\
\x65\x63\x61\x70\x3d\x22\x73\x71\x75\x61\x72\x65\x22\x20\x73\x74\
\x72\x6f\x6b\x65\x2d\x6c\x69\x6e\x65\x6a\x6f\x69\x6e\x3d\x22\x6d\
\x69\x74\x65\x72\x22\x20\x66\x69\x6c\x6c\x3d\x22\x6e\x6f\x6e\x65\
\x22\x20\x63\x6f\x6c\x6f\x72\x3d\x22\x23\x30\x30\x30\x22\x3e\x20\
\x3c\x74\x69\x74\x6c\x65\x20\x69\x64\x3d\x22\x62\x6f\x6f\x6b\x6d\
\x61\x72\x6b\x49\x63\x6f\x6e\x54\x69\x74\x6c\x65\x22\x3e\x42\x6f\
\x6f\x6b\x6d\x61\x72\x6b\x3c\x2f\x74\x69\x74\x6c\x65\x3e\x20\x3c\
\x70\x61\x74\x68\x20\x64\x3d\x22\x4d\x31\x37\x2c\x36\x2e\x36\x35\
\x38\x38\x31\x35\x33\x37\x20\x4c\x31\x37\x2c\x31\x39\x2e\x35\x38\
\x35\x37\x38\x36\x34\x20\x4c\x31\x32\x2c\x31\x36\x2e\x34\x30\x37\
\x38\x30\x35\x31\x20\x4c\x37\x2c\x31\x39\x2e\x35\x38\x35\x37\x38\
\x36\x34\x20\x4c\x37\x2c\x36\x2e\x36\x35\x38\x38\x31\x35\x33\x37\
\x20\x43\x37\x2c\x35\x2e\x31\x39\x30\x33\x39\x32\x31\x39\x20\x38\
\x2e\x31\x31\x39\x32\x38\x38\x31\x33\x2c\x34\x20\x39\x2e\x35\x2c\
\x34\x20\x4c\x31\x34\x2e\x35\x2c\x34\x20\x43\x31\x35\x2e\x38\x38\
\x30\x37\x31\x31\x39\x2c\x34\x20\x31\x37\x2c\x35\x2e\x31\x39\x30\
\x33\x39\x32\x31\x39\x20\x31\x37\x2c\x36\x2e\x36\x35\x38\x38\x31\
\x35\x33\x37\x20\x5a\x22\x2f\x3e\x20\x3c\x2f\x73\x76\x67\x3e\
\x00\x00\x01\xdf\
\x3c\
\x73\x76\x67\x20\x77\x69\x64\x74\x68\x3d\x22\x33\x32\x70\x78\x22\
\x20\x68\x65\x69\x67\x68\x74\x3d\x22\x33\x32\x70\x78\x22\x20\x76\
\x69\x65\x77\x42\x6f\x78\x3d\x22\x30\x20\x30\x20\x32\x34\x20\x32\
\x34\x22\x20\x78\x6d\x6c\x6e\x73\x3d\x22\x68\x74\x74\x70\x3a\x2f\
\x2f\x77\x77\x77\x2e\x77\x33\x2e\x6f\x72\x67\x2f\x32\x30\x30\x30\
\x2f\x73\x76\x67\x22\x20\x61\x72\x69\x61\x2d\x6c\x61\x62\x65\x6c\
\x6c\x65\x64\x62\x79\x3d\x22\x62\x72\x69\x67\x68\x74\x6e\x65\x73\
\x73\x49\x63\x6f\x6e\x54\x69\x74\x6c\x65\x22\x20\x73\x74\x72\x6f\
\x6b\x65\x3d\x22\x23\x30\x30\x30\x22\x20\x73\x74\x72\x6f\x6b\x65\
\x2d\x77\x69\x64\x74\x68\x3d\x22\x31\x2e\x35\x22\x20\x73\x74\x72\
\x6f\x6b\x65\x2d\x6c\x69\x6e\x65\x63\x61\x70\x3d\x22\x73\x71\x75\
\x61\x72\x65\x22\x20\x73\x74\x72\x6f\x6b\x65\x2d\x6c\x69\x6e\x65\
\x6a\x6f\x69\x6e\x3d\x22\x6d\x69\x74\x65\x72\x22\x20\x66\x69\x6c\
\x6c\x3d\x22\x6e\x6f\x6e\x65\x22\x20\x63\x6f\x6c\x6f\x72\x3d\x22\
\x23\x30\x30\x30\x22\x3e\x20\x3c\x74\x69\x74\x6c\x65\x20\x69\x64\
\x3d\x22\x62\x72\x69\x67\x68\x74\x6e\x65\x73\x73\x49\x63\x6f\x6e\
\x54\x69\x74\x6c\x65\x22\x3e\x42\x72\x69\x67\x68\x74\x6e\x65\x73\
\x73\x20\x63\x6f\x6e\x74\x72\x6f\x6c\x3c\x2f\x74\x69\x74\x6c\x65\
\x3e\x20\x3c\x70\x61\x74\x68\x20\x64\x3d\x22\x4d\x31\x35\x20\x36\
\x4c\x31\x32\x20\x33\x4c\x39\x2e\x30\x30\x30\x30\x31\x20\x36\x48\
\x36\x2e\x30\x30\x30\x30\x31\x56\x39\x4c\x33\x20\x31\x32\x4c\x36\
\x2e\x30\x30\x30\x30\x31\x20\x31\x35\x56\x31\x38\x48\x38\x2e\x39\
\x39\x39\x39\x39\x4c\x31\x32\x20\x32\x31\x4c\x31\x35\x20\x31\x38\
\x48\x31\x38\x56\x31\x35\x4c\x32\x31\x20\x31\x32\x4c\x31\x38\x20\
\x39\x56\x36\x48\x31\x35\x5a\x22\x2f\x3e\x20\x3c\x70\x61\x74\x68\
\x20\x64\x3d\x22\x4d\x31\x36\x20\x31\x32\x43\x31\x36\x20\x39\x2e\
\x37\x39\x30\x38\x36\x20\x31\x34\x2e\x32\x30\x39\x31\x20\x38\x20\
\x31\x32\x20\x38\x56\x31\x36\x43\x31\x34\x2e\x32\x30\x39\x31\x20\
\x31\x36\x20\x31\x36\x20\x31\x34\x2e\x32\x30\x39\x31\x20\x31\x36\
\x20\x31\x32\x5a\x22\x2f\x3e\x20\x3c\x2f\x73\x76\x67\x3e\
\x00\x00\x02\xc5\
\x3c\
\x73\x76\x67\x20\x72\x6f\x6c\x65\x3d\x22\x69\x6d\x67\x22\x20\x78\
\x6d\x6c\x6e\x73\x3d\x22\x68\x74\x74\x70\x3a\x2f\x2f\x77\x77\x77\
\x2e\x77\x33\x2e\x6f\x72\x67\x2f\x32\x30\x30\x30\x2f\x73\x76\x67\
\x22\x20\x77\x69\x64\x74\x68\x3d\x22\x33\x32\x70\x78\x22\x20\x68\
\x65\x69\x67\x68\x74\x3d\x22\x33\x32\x70\x78\x22\x20\x76\x69\x65\
\x77\x42\x6f\x78\x3d\x22\x30\x20\x30\x20\x32\x34\x20\x32\x34\x22\
\x20\x61\x72\x69\x61\x2d\x6c\x61\x62\x65\x6c\x6c\x65\x64\x62\x79\
\x3d\x22\x63\x6c\x6f\x75\x64\x55\x70\x6c\x6f\x61\x64\x49\x63\x6f\
\x6e\x54\x69\x74\x6c\x65\x22\x20\x73\x74\x72\x6f\x6b\x65\x3d\x22\
\x23\x30\x30\x30\x22\x20\x73\x74\x72\x6f\x6b\x65\x2d\x77\x69\x64\
\x74\x68\x3d\x22\x31\x2e\x35\x22\x20\x73\x74\x72\x6f\x6b\x65\x2d\
\x6c\x69\x6e\x65\x63\x61\x70\x3d\x22\x73\x71\x75\x61\x72\x65\x22\
\x20\x73\x74\x72\x6f\x6b\x65\x2d\x6c\x69\x6e\x65\x6a\x6f\x69\x6e\
\x3d\x22\x6d\x69\x74\x65\x72\x22\x20\x66\x69\x6c\x6c\x3d\x22\x6e\
\x6f\x6e\x65\x22\x20\x63\x6f\x6c\x6f\x72\x3d\x22\x23\x30\x30\x30\
\x22\x3e\x20\x3c\x74\x69\x74\x6c\x65\x20\x69\x64\x3d\x22\x63\x6c\
\x6f\x75\x64\x55\x70\x6c\x6f\x61\x64\x49\x63\x6f\x6e\x54\x69\x74\
\x6c\x65\x22\x3e\x55\x70\x6c\x6f\x61\x64\x20\x74\x6f\x20\x43\x6c\
\x6f\x75\x64\x3c\x2f\x74\x69\x74\x6c\x65\x3e\x20\x3c\x70\x61\x74\
\x68\x20\x64\x3d\x22\x4d\x36\x2e\x35\x2c\x31\x38\x20\x43\x34\x2e\
\x30\x31\x34\x37\x31\x38\x36\x33\x2c\x31\x38\x20\x32\x2c\x31\x35\
\x2e\x39\x38\x35\x32\x38\x31\x34\x20\x32\x2c\x31\x33\x2e\x35\x20\
\x43\x32\x2c\x31\x31\x2e\x30\x31\x34\x37\x31\x38\x36\x20\x34\x2e\
\x30\x31\x34\x37\x31\x38\x36\x33\x2c\x39\x20\x36\x2e\x35\x2c\x39\
\x20\x43\x36\x2e\x39\x31\x39\x34\x38\x34\x39\x2c\x39\x20\x37\x2e\
\x33\x32\x35\x35\x36\x33\x38\x2c\x39\x2e\x30\x35\x37\x33\x39\x37\
\x38\x39\x20\x37\x2e\x37\x31\x30\x38\x31\x31\x34\x32\x2c\x39\x2e\
\x31\x36\x34\x37\x36\x38\x33\x38\x20\x43\x38\x2e\x37\x32\x32\x37\
\x37\x2c\x37\x2e\x32\x38\x30\x38\x39\x30\x38\x39\x20\x31\x30\x2e\
\x37\x31\x31\x38\x30\x31\x2c\x36\x20\x31\x33\x2c\x36\x20\x43\x31\
\x35\x2e\x39\x38\x31\x37\x35\x30\x32\x2c\x36\x20\x31\x38\x2e\x34\
\x35\x35\x34\x39\x32\x37\x2c\x38\x2e\x31\x37\x35\x30\x33\x38\x39\
\x34\x20\x31\x38\x2e\x39\x32\x31\x31\x39\x35\x31\x2c\x31\x31\x2e\
\x30\x32\x35\x30\x38\x34\x31\x20\x43\x32\x30\x2e\x36\x35\x35\x35\
\x39\x32\x38\x2c\x31\x31\x2e\x32\x33\x33\x31\x30\x38\x35\x20\x32\
\x32\x2c\x31\x32\x2e\x37\x30\x39\x35\x35\x32\x37\x20\x32\x32\x2c\
\x31\x34\x2e\x35\x20\x43\x32\x32\x2c\x31\x36\x2e\x34\x33\x32\x39\
\x39\x36\x36\x20\x32\x30\x2e\x34\x33\x32\x39\x39\x36\x36\x2c\x31\
\x38\x20\x31\x38\x2e\x35\x2c\x31\x38\x20\x4c\x36\x2e\x35\x2c\x31\
\x38\x20\x5a\x22\x2f\x3e\x20\x3c\x70\x61\x74\x68\x20\x64\x3d\x22\
\x4d\x31\x32\x2c\x31\x31\x20\x4c\x31\x32\x2c\x31\x35\x22\x2f\x3e\
\x20\x3c\x70\x6f\x6c\x79\x6c\x69\x6e\x65\x20\x70\x6f\x69\x6e\x74\
\x73\x3d\x22\x31\x30\x20\x31\x32\x20\x31\x32\x20\x31\x30\x20\x31\
\x34\x20\x31\x32\x20\x31\x34\x20\x31\x32\x22\x2f\x3e\x20\x3c\x2f\
\x73\x76\x67\x3e\
\x00\x00\x01\x98\
\x3c\
\x73\x76\x67\x20\x77\x69\x64\x74\x68\x3d\x22\x33\x32\x70\x78\x22\
\x20\x68\x65\x69\x67\x68\x74\x3d\x22\x33\x32\x70\x78\x22\x20\x76\
\x69\x65\x77\x42\x6f\x78\x3d\x22\x30\x20\x30\x20\x32\x34\x20\x32\
\x34\x22\x20\x78\x6d\x6c\x6e\x73\x3d\x22\x68\x74\x74\x70\x3a\x2f\
\x2f\x77\x77\x77\x2e\x77\x33\x2e\x6f\x72\x67\x2f\x32\x30\x30\x30\
\x2f\x73\x76\x67\x22\x20\x61\x72\x69\x61\x2d\x6c\x61\x62\x65\x6c\
\x6c\x65\x64\x62\x79\x3d\x22\x73\x6f\x72\x74\x55\x70\x49\x63\x6f\
\x6e\x54\x69\x74\x6c\x65\x22\x20\x73\x74\x72\x6f\x6b\x65\x3d\x22\
\x23\x30\x30\x30\x22\x20\x73\x74\x72\x6f\x6b\x65\x2d\x77\x69\x64\
\x74\x68\x3d\x22\x31\x2e\x35\x22\x20\x73\x74\x72\x6f\x6b\x65\x2d\
\x6c\x69\x6e\x65\x63\x61\x70\x3d\x22\x73\x71\x75\x61\x72\x65\x22\
\x20\x73\x74\x72\x6f\x6b\x65\x2d\x6c\x69\x6e\x65\x6a\x6f\x69\x6e\
\x3d\x22\x6d\x69\x74\x65\x72\x22\x20\x66\x69\x6c\x6c\x3d\x22\x6e\
\x6f\x6e\x65\x22\x20\x63\x6f\x6c\x6f\x72\x3d\x22\x23\x30\x30\x30\
\x22\x3e\x20\x3c\x74\x69\x74\x6c\x65\x20\x69\x64\x3d\x22\x73\x6f\
\x72\x74\x55\x70\x49\x63\x6f\x6e\x54\x69\x74\x6c\x65\x22\x3e\x53\
\x6f\x72\x74\x20\x69\x6e\x20\x61\x73\x63\x65\x6e\x64\x69\x6e\x67\
\x20\x6f\x72\x64\x65\x72\x3c\x2f\x74\x69\x74\x6c\x65\x3e\x20\x3c\
\x70\x61\x74\x68\x20\x64\x3d\x22\x4d\x31\x31\x20\x31\x36\x48\x31\
\x37\x22\x2f\x3e\x20\x3c\x70\x61\x74\x68\x20\x64\x3d\x22\x4d\x31\
\x31\x20\x32\x30\x48\x31\x39\x22\x2f\x3e\x20\x3c\x70\x61\x74\x68\
\x20\x64\x3d\x22\x4d\x31\x31\x20\x31\x32\x48\x31\x35\x22\x2f\x3e\
\x20\x3c\x70\x61\x74\x68\x20\x64\x3d\x22\x4d\x34\x20\x38\x4c\x37\
\x20\x35\x4c\x31\x30\x20\x38\x22\x2f\x3e\x20\x3c\x70\x61\x74\x68\
\x20\x64\x3d\x22\x4d\x37\x20\x32\x30\x4c\x37\x20\x36\x22\x2f\x3e\
\x20\x3c\x2f\x73\x76\x67\x3e\
\x00\x00\x02\x29\
\x3c\
\x73\x76\x67\x20\x72\x6f\x6c\x65\x3d\x22\x69\x6d\x67\x22\x20\x78\
\x6d\x6c\x6e\x73\x3d\x22\x68\x74\x74\x70\x3a\x2f\x2f\x77\x77\x77\
\x2e\x77\x33\x2e\x6f\x72\x67\x2f\x32\x30\x30\x30\x2f\x73\x76\x67\
\x22\x20\x77\x69\x64\x74\x68\x3d\x22\x33\x32\x70\x78\x22\x20\x68\
\x65\x69\x67\x68\x74\x3d\x22\x33\x32\x70\x78\x22\x20\x76\x69\x65\
\x77\x42\x6f\x78\x3d\x22\x30\x20\x30\x20\x32\x34\x20\x32\x34\x22\
\x20\x61\x72\x69\x61\x2d\x6c\x61\x62\x65\x6c\x6c\x65\x64\x62\x79\
\x3d\x22\x63\x61\x6d\x65\x72\x61\x52\x65\x61\x72\x49\x63\x6f\x6e\
\x54\x69\x74\x6c\x65\x22\x20\x73\x74\x72\x6f\x6b\x65\x3d\x22\x23\
\x30\x30\x30\x22\x20\x73\x74\x72\x6f\x6b\x65\x2d\x77\x69\x64\x74\
\x68\x3d\x22\x31\x2e\x35\x22\x20\x73\x74\x72\x6f\x6b\x65\x2d\x6c\
\x69\x6e\x65\x63\x61\x70\x3d\x22\x73\x71\x75\x61\x72\x65\x22\x20\
\x73\x74\x72\x6f\x6b\x65\x2d\x6c\x69\x6e\x65\x6a\x6f\x69\x6e\x3d\
\x22\x6d\x69\x74\x65\x72\x22\x20\x66\x69\x6c\x6c\x3d\x22\x6e\x6f\
\x6e\x65\x22\x20\x63\x6f\x6c\x6f\x72\x3d\x22\x23\x30\x30\x30\x22\
\x3e\x20\x3c\x74\x69\x74\x6c\x65\x20\x69\x64\x3d\x22\x63\x61\x6d\
\x65\x72\x61\x52\x65\x61\x72\x49\x63\x6f\x6e\x54\x69\x74\x6c\x65\
\x22\x3e\x53\x77\x69\x74\x63\x68\x20\x74\x68\x65\x20\x43\x61\x6d\
\x65\x72\x61\x73\x3c\x2f\x74\x69\x74\x6c\x65\x3e\x20\x3c\x70\x61\
\x74\x68\x20\x64\x3d\x22\x4d\x36\x20\x31\x32\x6c\x32\x2d\x32\x20\
\x32\x20\x32\x22\x2f\x3e\x20\x3c\x70\x61\x74\x68\x20\x64\x3d\x22\
\x4d\x38\x20\x31\x33\x61\x34\x20\x34\x20\x30\x20\x30\x20\x30\x20\
\x34\x20\x34\x6d\x34\x2d\x34\x61\x34\x20\x34\x20\x30\x20\x30\x20\
\x30\x2d\x34\x2d\x34\x22\x2f\x3e\x20\x3c\x70\x61\x74\x68\x20\x73\
\x74\x72\x6f\x6b\x65\x2d\x6c\x69\x6e\x65\x63\x61\x70\x3d\x22\x62\
\x75\x74\x74\x22\x20\x64\x3d\x22\x4d\x38\x20\x31\x32\x76\x31\x6d\
\x30\x2d\x33\x76\x33\x6d\x38\x20\x30\x76\x33\x22\x2f\x3e\x20\x3c\
\x70\x61\x74\x68\x20\x64\x3d\x22\x4d\x31\x38\x20\x31\x34\x6c\x2d\
\x32\x20\x32\x2d\x32\x2d\x32\x22\x2f\x3e\x20\x3c\x70\x61\x74\x68\
\x20\x64\x3d\x22\x4d\x38\x20\x37\x6c\x2e\x37\x34\x2d\x31\x2e\x31\
\x31\x41\x32\x20\x32\x20\x30\x20\x30\x20\x31\x20\x31\x30\x2e\x34\
\x30\x34\x20\x35\x68\x33\x2e\x31\x39\x32\x61\x32\x20\x32\x20\x30\
\x20\x30\x20\x31\x20\x31\x2e\x36\x36\x34\x2e\x38\x39\x4c\x31\x36\
\x20\x37\x68\x35\x76\x31\x33\x48\x33\x56\x37\x68\x35\x7a\x22\x2f\
\x3e\x20\x3c\x2f\x73\x76\x67\x3e\
\x00\x00\x01\xac\
\x3c\
\x73\x76\x67\x20\x77\x69\x64\x74\x68\x3d\x22\x33\x32\x70\x78\x22\
\x20\x68\x65\x69\x67\x68\x74\x3d\x22\x33\x32\x70\x78\x22\x20\x76\
\x69\x65\x77\x42\x6f\x78\x3d\x22\x30\x20\x30\x20\x32\x34\x20\x32\
\x34\x22\x20\x66\x69\x6c\x6c\x3d\x22\x6e\x6f\x6e\x65\x22\x20\x78\
\x6d\x6c\x6e\x73\x3d\x22\x68\x74\x74\x70\x3a\x2f\x2f\x77\x77\x77\
\x2e\x77\x33\x2e\x6f\x72\x67\x2f\x32\x30\x30\x30\x2f\x73\x76\x67\
\x22\x20\x61\x72\x69\x61\x2d\x6c\x61\x62\x65\x6c\x6c\x65\x64\x62\
\x79\x3d\x22\x66\x65\x61\x74\x68\x65\x72\x49\x63\x6f\x6e\x54\x69\
\x74\x6c\x65\x22\x20\x73\x74\x72\x6f\x6b\x65\x3d\x22\x23\x30\x30\
\x30\x22\x20\x73\x74\x72\x6f\x6b\x65\x2d\x77\x69\x64\x74\x68\x3d\
\x22\x31\x2e\x35\x22\x20\x73\x74\x72\x6f\x6b\x65\x2d\x6c\x69\x6e\
\x65\x63\x61\x70\x3d\x22\x73\x71\x75\x61\x72\x65\x22\x20\x73\x74\
\x72\x6f\x6b\x65\x2d\x6c\x69\x6e\x65\x6a\x6f\x69\x6e\x3d\x22\x6d\
\x69\x74\x65\x72\x22\x20\x63\x6f\x6c\x6f\x72\x3d\x22\x23\x30\x30\
\x30\x22\x3e\x20\x3c\x74\x69\x74\x6c\x65\x20\x69\x64\x3d\x22\x66\
\x65\x61\x74\x68\x65\x72\x49\x63\x6f\x6e\x54\x69\x74\x6c\x65\x22\
\x3e\x46\x65\x61\x74\x68\x65\x72\x3c\x2f\x74\x69\x74\x6c\x65\x3e\
\x20\x3c\x70\x61\x74\x68\x20\x64\x3d\x22\x4d\x35\x2e\x31\x32\x36\
\x33\x34\x20\x31\x37\x43\x35\x2e\x30\x34\x32\x37\x31\x20\x31\x37\
\x2e\x36\x35\x37\x31\x20\x35\x20\x31\x38\x2e\x33\x32\x35\x20\x35\
\x20\x31\x39\x56\x32\x31\x4d\x35\x2e\x31\x32\x36\x33\x34\x20\x31\
\x37\x43\x36\x2e\x30\x33\x33\x38\x34\x20\x39\x2e\x38\x36\x38\x36\
\x31\x20\x31\x31\x2e\x37\x35\x39\x34\x20\x34\x20\x32\x30\x20\x34\
\x4c\x31\x39\x20\x38\x48\x31\x36\x4c\x31\x37\x20\x31\x30\x4c\x31\
\x35\x20\x31\x32\x48\x31\x31\x4c\x31\x33\x20\x31\x34\x4c\x31\x32\
\x20\x31\x36\x48\x38\x4c\x35\x2e\x31\x32\x36\x33\x34\x20\x31\x37\
\x5a\x22\x2f\x3e\x20\x3c\x2f\x73\x76\x67\x3e\
\x00\x00\x01\x97\
\x3c\
\x73\x76\x67\x20\x72\x6f\x6c\x65\x3d\x22\x69\x6d\x67\x22\x20\x78\
\x6d\x6c\x6e\x73\x3d\x22\x68\x74\x74\x70\x3a\x2f\x2f\x77\x77\x77\
\x2e\x77\x33\x2e\x6f\x72\x67\x2f\x32\x30\x30\x30\x2f\x73\x76\x67\
\x22\x20\x77\x69\x64\x74\x68\x3d\x22\x33\x32\x70\x78\x22\x20\x68\
\x65\x69\x67\x68\x74\x3d\x22\x33\x32\x70\x78\x22\x20\x76\x69\x65\
\x77\x42\x6f\x78\x3d\x22\x30\x20\x30\x20\x32\x34\x20\x32\x34\x22\
\x20\x61\x72\x69\x61\x2d\x6c\x61\x62\x65\x6c\x6c\x65\x64\x62\x79\
\x3d\x22\x63\x61\x6d\x65\x72\x61\x49\x63\x6f\x6e\x54\x69\x74\x6c\
\x65\x22\x20\x73\x74\x72\x6f\x6b\x65\x3d\x22\x23\x30\x30\x30\x22\
\x20\x73\x74\x72\x6f\x6b\x65\x2d\x77\x69\x64\x74\x68\x3d\x22\x31\
\x2e\x35\x22\x20\x73\x74\x72\x6f\x6b\x65\x2d\x6c\x69\x6e\x65\x63\
\x61\x70\x3d\x22\x73\x71\x75\x61\x72\x65\x22\x20\x73\x74\x72\x6f\
\x6b\x65\x2d\x6c\x69\x6e\x65\x6a\x6f\x69\x6e\x3d\x22\x6d\x69\x74\
\x65\x72\x22\x20\x66\x69\x6c\x6c\x3d\x22\x6e\x6f\x6e\x65\x22\x20\
\x63\x6f\x6c\x6f\x72\x3d\x22\x23\x30\x30\x30\x22\x3e\x20\x3c\x74\
\x69\x74\x6c\x65\x20\x69\x64\x3d\x22\x63\x61\x6d\x65\x72\x61\x49\
\x63\x6f\x6e\x54\x69\x74\x6c\x65\x22\x3e\x43\x61\x6d\x65\x72\x61\
\x3c\x2f\x74\x69\x74\x6c\x65\x3e\x20\x3c\x70\x61\x74\x68\x20\x64\
\x3d\x22\x4d\x38\x20\x37\x6c\x2e\x37\x34\x2d\x31\x2e\x31\x31\x41\
\x32\x20\x32\x20\x30\x20\x30\x20\x31\x20\x31\x30\x2e\x34\x30\x34\
\x20\x35\x68\x33\x2e\x31\x39\x32\x61\x32\x20\x32\x20\x30\x20\x30\
\x20\x31\x20\x31\x2e\x36\x36\x34\x2e\x38\x39\x4c\x31\x36\x20\x37\
\x68\x35\x76\x31\x31\x48\x33\x56\x37\x68\x35\x7a\x22\x2f\x3e\x20\
\x3c\x63\x69\x72\x63\x6c\x65\x20\x63\x78\x3d\x22\x31\x32\x22\x20\
\x63\x79\x3d\x22\x31\x32\x22\x20\x72\x3d\x22\x33\x22\x2f\x3e\x20\
\x3c\x2f\x73\x76\x67\x3e\
\x00\x00\x02\x4e\
\x3c\
\x73\x76\x67\x20\x77\x69\x64\x74\x68\x3d\x22\x33\x32\x70\x78\x22\
\x20\x68\x65\x69\x67\x68\x74\x3d\x22\x33\x32\x70\x78\x22\x20\x76\
\x69\x65\x77\x42\x6f\x78\x3d\x22\x30\x20\x30\x20\x32\x34\x20\x32\
\x34\x22\x20\x78\x6d\x6c\x6e\x73\x3d\x22\x68\x74\x74\x70\x3a\x2f\
\x2f\x77\x77\x77\x2e\x77\x33\x2e\x6f\x72\x67\x2f\x32\x30\x30\x30\
\x2f\x73\x76\x67\x22\x20\x61\x72\x69\x61\x2d\x6c\x61\x62\x65\x6c\
\x6c\x65\x64\x62\x79\x3d\x22\x70\x61\x75\x73\x65\x43\x69\x72\x63\
\x6c\x65\x49\x63\x6f\x6e\x54\x69\x74\x6c\x65\x22\x20\x73\x74\x72\
\x6f\x6b\x65\x3d\x22\x23\x30\x30\x30\x22\x20\x73\x74\x72\x6f\x6b\
\x65\x2d\x77\x69\x64\x74\x68\x3d\x22\x31\x2e\x35\x22\x20\x73\x74\
\x72\x6f\x6b\x65\x2d\x6c\x69\x6e\x65\x63\x61\x70\x3d\x22\x73\x71\
\x75\x61\x72\x65\x22\x20\x73\x74\x72\x6f\x6b\x65\x2d\x6c\x69\x6e\
\x65\x6a\x6f\x69\x6e\x3d\x22\x6d\x69\x74\x65\x72\x22\x20\x66\x69\
\x6c\x6c\x3d\x22\x6e\x6f\x6e\x65\x22\x20\x63\x6f\x6c\x6f\x72\x3d\
\x22\x23\x30\x30\x30\x22\x3e\x20\x3c\x74\x69\x74\x6c\x65\x20\x69\
\x64\x3d\x22\x70\x61\x75\x73\x65\x43\x69\x72\x63\x6c\x65\x49\x63\
\x6f\x6e\x54\x69\x74\x6c\x65\x22\x3e\x50\x61\x75\x73\x65\x3c\x2f\
\x74\x69\x74\x6c\x65\x3e\x20\x3c\x70\x61\x74\x68\x20\x66\x69\x6c\
\x6c\x2d\x72\x75\x6c\x65\x3d\x22\x65\x76\x65\x6e\x6f\x64\x64\x22\
\x20\x63\x6c\x69\x70\x2d\x72\x75\x6c\x65\x3d\x22\x65\x76\x65\x6e\
\x6f\x64\x64\x22\x20\x64\x3d\x22\x4d\x31\x32\x20\x32\x32\x43\x31\
\x37\x2e\x35\x32\x32\x38\x20\x32\x32\x20\x32\x32\x20\x31\x37\x2e\
\x35\x32\x32\x38\x20\x32\x32\x20\x31\x32\x43\x32\x32\x20\x36\x2e\
\x34\x37\x37\x31\x35\x20\x31\x37\x2e\x35\x32\x32\x38\x20\x32\x20\
\x31\x32\x20\x32\x43\x36\x2e\x34\x37\x37\x31\x35\x20\x32\x20\x32\
\x20\x36\x2e\x34\x37\x37\x31\x35\x20\x32\x20\x31\x32\x43\x32\x20\
\x31\x37\x2e\x35\x32\x32\x38\x20\x36\x2e\x34\x37\x37\x31\x35\x20\
\x32\x32\x20\x31\x32\x20\x32\x32\x5a\x22\x2f\x3e\x20\x3c\x70\x61\
\x74\x68\x20\x66\x69\x6c\x6c\x2d\x72\x75\x6c\x65\x3d\x22\x65\x76\
\x65\x6e\x6f\x64\x64\x22\x20\x63\x6c\x69\x70\x2d\x72\x75\x6c\x65\
\x3d\x22\x65\x76\x65\x6e\x6f\x64\x64\x22\x20\x64\x3d\x22\x4d\x38\
\x20\x38\x56\x31\x36\x48\x31\x30\x56\x38\x48\x38\x5a\x22\x2f\x3e\
\x20\x3c\x70\x61\x74\x68\x20\x66\x69\x6c\x6c\x2d\x72\x75\x6c\x65\
\x3d\x22\x65\x76\x65\x6e\x6f\x64\x64\x22\x20\x63\x6c\x69\x70\x2d\
\x72\x75\x6c\x65\x3d\x22\x65\x76\x65\x6e\x6f\x64\x64\x22\x20\x64\
\x3d\x22\x4d\x31\x34\x20\x38\x56\x31\x36\x48\x31\x36\x56\x38\x48\
\x31\x34\x5a\x22\x2f\x3e\x20\x3c\x2f\x73\x76\x67\x3e\
\x00\x00\x01\x59\
\x3c\
\x73\x76\x67\x20\x72\x6f\x6c\x65\x3d\x22\x69\x6d\x67\x22\x20\x78\
\x6d\x6c\x6e\x73\x3d\x22\x68\x74\x74\x70\x3a\x2f\x2f\x77\x77\x77\
\x2e\x77\x33\x2e\x6f\x72\x67\x2f\x32\x30\x30\x30\x2f\x73\x76\x67\
\x22\x20\x77\x69\x64\x74\x68\x3d\x22\x33\x32\x70\x78\x22\x20\x68\
\x65\x69\x67\x68\x74\x3d\x22\x33\x32\x70\x78\x22\x20\x76\x69\x65\
\x77\x42\x6f\x78\x3d\x22\x30\x20\x30\x20\x32\x34\x20\x32\x34\x22\
\x20\x61\x72\x69\x61\x2d\x6c\x61\x62\x65\x6c\x6c\x65\x64\x62\x79\
\x3d\x22\x66\x69\x6c\x74\x65\x72\x49\x63\x6f\x6e\x54\x69\x74\x6c\
\x65\x22\x20\x73\x74\x72\x6f\x6b\x65\x3d\x22\x23\x30\x30\x30\x22\
\x20\x73\x74\x72\x6f\x6b\x65\x2d\x77\x69\x64\x74\x68\x3d\x22\x31\
\x2e\x35\x22\x20\x73\x74\x72\x6f\x6b\x65\x2d\x6c\x69\x6e\x65\x63\
\x61\x70\x3d\x22\x73\x71\x75\x61\x72\x65\x22\x20\x73\x74\x72\x6f\
\x6b\x65\x2d\x6c\x69\x6e\x65\x6a\x6f\x69\x6e\x3d\x22\x6d\x69\x74\
\x65\x72\x22\x20\x66\x69\x6c\x6c\x3d\x22\x6e\x6f\x6e\x65\x22\x20\
\x63\x6f\x6c\x6f\x72\x3d\x22\x23\x30\x30\x30\x22\x3e\x20\x3c\x74\
\x69\x74\x6c\x65\x20\x69\x64\x3d\x22\x66\x69\x6c\x74\x65\x72\x49\
\x63\x6f\x6e\x54\x69\x74\x6c\x65\x22\x3e\x46\x69\x6c\x74\x65\x72\
\x3c\x2f\x74\x69\x74\x6c\x65\x3e\x20\x3c\x70\x61\x74\x68\x20\x64\
\x3d\x22\x4d\x31\x30\x20\x31\x32\x2e\x32\x36\x31\x4c\x34\x2e\x30\
\x32\x38\x20\x33\x2e\x39\x37\x32\x68\x31\x36\x4c\x31\x34\x20\x31\
\x32\x2e\x33\x32\x39\x56\x31\x37\x6c\x2d\x34\x20\x33\x7a\x22\x2f\
\x3e\x20\x3c\x2f\x73\x76\x67\x3e\
\x00\x00\x01\x62\
\x3c\
\x73\x76\x67\x20\x72\x6f\x6c\x65\x3d\x22\x69\x6d\x67\x22\x20\x78\
\x6d\x6c\x6e\x73\x3d\x22\x68\x74\x74\x70\x3a\x2f\x2f\x77\x77\x77\
\x2e\x77\x33\x2e\x6f\x72\x67\x2f\x32\x30\x30\x30\x2f\x73\x76\x67\
\x22\x20\x77\x69\x64\x74\x68\x3d\x22\x33\x32\x70\x78\x22\x20\x68\
\x65\x69\x67\x68\x74\x3d\x22\x33\x32\x70\x78\x22\x20\x76\x69\x65\
\x77\x42\x6f\x78\x3d\x22\x30\x20\x30\x20\x32\x34\x20\x32\x34\x22\
\x20\x61\x72\x69\x61\x2d\x6c\x61\x62\x65\x6c\x6c\x65\x64\x62\x79\
\x3d\x22\x63\x72\x6f\x70\x49\x63\x6f\x6e\x54\x69\x74\x6c\x65\x22\
\x20\x73\x74\x72\x6f\x6b\x65\x3d\x22\x23\x30\x30\x30\x22\x20\x73\
\x74\x72\x6f\x6b\x65\x2d\x77\x69\x64\x74\x68\x3d\x22\x31\x2e\x35\
\x22\x20\x73\x74\x72\x6f\x6b\x65\x2d\x6c\x69\x6e\x65\x63\x61\x70\
\x3d\x22\x73\x71\x75\x61\x72\x65\x22\x20\x73\x74\x72\x6f\x6b\x65\
\x2d\x6c\x69\x6e\x65\x6a\x6f\x69\x6e\x3d\x22\x6d\x69\x74\x65\x72\
\x22\x20\x66\x69\x6c\x6c\x3d\x22\x6e\x6f\x6e\x65\x22\x20\x63\x6f\
\x6c\x6f\x72\x3d\x22\x23\x30\x30\x30\x22\x3e\x20\x3c\x74\x69\x74\
\x6c\x65\x20\x69\x64\x3d\x22\x63\x72\x6f\x70\x49\x63\x6f\x6e\x54\
\x69\x74\x6c\x65\x22\x3e\x43\x72\x6f\x70\x3c\x2f\x74\x69\x74\x6c\
\x65\x3e\x20\x3c\x70\x6f\x6c\x79\x6c\x69\x6e\x65\x20\x70\x6f\x69\
\x6e\x74\x73\x3d\x22\x31\x37\x20\x33\x20\x31\x37\x20\x31\x37\x20\
\x33\x20\x31\x37\x22\x2f\x3e\x20\x3c\x70\x6f\x6c\x79\x6c\x69\x6e\
\x65\x20\x70\x6f\x69\x6e\x74\x73\x3d\x22\x37\x20\x32\x31\x20\x37\
\x20\x37\x20\x32\x31\x20\x37\x22\x2f\x3e\x20\x3c\x2f\x73\x76\x67\
\x3e\
\x00\x00\x01\x96\
\x3c\
\x73\x76\x67\x20\x72\x6f\x6c\x65\x3d\x22\x69\x6d\x67\x22\x20\x78\
\x6d\x6c\x6e\x73\x3d\x22\x68\x74\x74\x70\x3a\x2f\x2f\x77\x77\x77\
\x2e\x77\x33\x2e\x6f\x72\x67\x2f\x32\x30\x30\x30\x2f\x73\x76\x67\
\x22\x20\x77\x69\x64\x74\x68\x3d\x22\x33\x32\x70\x78\x22\x20\x68\
\x65\x69\x67\x68\x74\x3d\x22\x33\x32\x70\x78\x22\x20\x76\x69\x65\
\x77\x42\x6f\x78\x3d\x22\x30\x20\x30\x20\x32\x34\x20\x32\x34\x22\
\x20\x61\x72\x69\x61\x2d\x6c\x61\x62\x65\x6c\x6c\x65\x64\x62\x79\
\x3d\x22\x73\x6f\x72\x74\x69\x6e\x67\x49\x63\x6f\x6e\x54\x69\x74\
\x6c\x65\x22\x20\x73\x74\x72\x6f\x6b\x65\x3d\x22\x23\x30\x30\x30\
\x22\x20\x73\x74\x72\x6f\x6b\x65\x2d\x77\x69\x64\x74\x68\x3d\x22\
\x31\x2e\x35\x22\x20\x73\x74\x72\x6f\x6b\x65\x2d\x6c\x69\x6e\x65\
\x63\x61\x70\x3d\x22\x73\x71\x75\x61\x72\x65\x22\x20\x73\x74\x72\
\x6f\x6b\x65\x2d\x6c\x69\x6e\x65\x6a\x6f\x69\x6e\x3d\x22\x6d\x69\
\x74\x65\x72\x22\x20\x66\x69\x6c\x6c\x3d\x22\x6e\x6f\x6e\x65\x22\
\x20\x63\x6f\x6c\x6f\x72\x3d\x22\x23\x30\x30\x30\x22\x3e\x20\x3c\
\x74\x69\x74\x6c\x65\x20\x69\x64\x3d\x22\x73\x6f\x72\x74\x69\x6e\
\x67\x49\x63\x6f\x6e\x54\x69\x74\x6c\x65\x22\x3e\x53\x6f\x72\x74\
\x69\x6e\x67\x3c\x2f\x74\x69\x74\x6c\x65\x3e\x20\x3c\x70\x6f\x6c\
\x79\x6c\x69\x6e\x65\x20\x70\x6f\x69\x6e\x74\x73\x3d\x22\x38\x20\
\x38\x2e\x33\x33\x33\x20\x31\x32\x20\x34\x2e\x33\x33\x33\x20\x31\
\x36\x20\x38\x2e\x33\x33\x33\x20\x31\x36\x20\x38\x2e\x33\x33\x33\
\x22\x2f\x3e\x20\x3c\x70\x6f\x6c\x79\x6c\x69\x6e\x65\x20\x70\x6f\
\x69\x6e\x74\x73\x3d\x22\x31\x36\x20\x31\x35\x2e\x36\x36\x37\x20\
\x31\x32\x20\x31\x39\x2e\x36\x36\x37\x20\x38\x20\x31\x35\x2e\x36\
\x36\x37\x20\x38\x20\x31\x35\x2e\x36\x36\x37\x22\x2f\x3e\x20\x3c\
\x2f\x73\x76\x67\x3e\
\x00\x00\x01\x78\
\x3c\
\x73\x76\x67\x20\x72\x6f\x6c\x65\x3d\x22\x69\x6d\x67\x22\x20\x78\
\x6d\x6c\x6e\x73\x3d\x22\x68\x74\x74\x70\x3a\x2f\x2f\x77\x77\x77\
\x2e\x77\x33\x2e\x6f\x72\x67\x2f\x32\x30\x30\x30\x2f\x73\x76\x67\
\x22\x20\x77\x69\x64\x74\x68\x3d\x22\x33\x32\x70\x78\x22\x20\x68\
\x65\x69\x67\x68\x74\x3d\x22\x33\x32\x70\x78\x22\x20\x76\x69\x65\
\x77\x42\x6f\x78\x3d\x22\x30\x20\x30\x20\x32\x34\x20\x32\x34\x22\
\x20\x61\x72\x69\x61\x2d\x6c\x61\x62\x65\x6c\x6c\x65\x64\x62\x79\
\x3d\x22\x61\x72\x72\x6f\x77\x4c\x65\x66\x74\x54\x6f\x70\x49\x63\
\x6f\x6e\x54\x69\x74\x6c\x65\x22\x20\x73\x74\x72\x6f\x6b\x65\x3d\
\x22\x23\x30\x30\x30\x22\x20\x73\x74\x72\x6f\x6b\x65\x2d\x77\x69\
\x64\x74\x68\x3d\x22\x31\x2e\x35\x22\x20\x73\x74\x72\x6f\x6b\x65\
\x2d\x6c\x69\x6e\x65\x63\x61\x70\x3d\x22\x73\x71\x75\x61\x72\x65\
\x22\x20\x73\x74\x72\x6f\x6b\x65\x2d\x6c\x69\x6e\x65\x6a\x6f\x69\
\x6e\x3d\x22\x6d\x69\x74\x65\x72\x22\x20\x66\x69\x6c\x6c\x3d\x22\
\x6e\x6f\x6e\x65\x22\x20\x63\x6f\x6c\x6f\x72\x3d\x22\x23\x30\x30\
\x30\x22\x3e\x20\x3c\x74\x69\x74\x6c\x65\x20\x69\x64\x3d\x22\x61\
\x72\x72\x6f\x77\x4c\x65\x66\x74\x54\x6f\x70\x49\x63\x6f\x6e\x54\
\x69\x74\x6c\x65\x22\x2f\x3e\x20\x3c\x70\x61\x74\x68\x20\x64\x3d\
\x22\x4d\x35\x20\x31\x33\x56\x35\x68\x38\x22\x2f\x3e\x20\x3c\x70\
\x61\x74\x68\x20\x73\x74\x72\x6f\x6b\x65\x2d\x6c\x69\x6e\x65\x63\
\x61\x70\x3d\x22\x72\x6f\x75\x6e\x64\x22\x20\x64\x3d\x22\x4d\x35\
\x20\x35\x6c\x31\x20\x31\x22\x2f\x3e\x20\x3c\x70\x61\x74\x68\x20\
\x64\x3d\x22\x4d\x36\x20\x36\x6c\x31\x33\x20\x31\x33\x22\x2f\x3e\
\x20\x3c\x2f\x73\x76\x67\x3e\
\x00\x00\x04\x31\
\x3c\
\x73\x76\x67\x20\x72\x6f\x6c\x65\x3d\x22\x69\x6d\x67\x22\x20\x78\
\x6d\x6c\x6e\x73\x3d\x22\x68\x74\x74\x70\x3a\x2f\x2f\x77\x77\x77\
\x2e\x77\x33\x2e\x6f\x72\x67\x2f\x32\x30\x30\x30\x2f\x73\x76\x67\
\x22\x20\x77\x69\x64\x74\x68\x3d\x22\x33\x32\x70\x78\x22\x20\x68\
\x65\x69\x67\x68\x74\x3d\x22\x33\x32\x70\x78\x22\x20\x76\x69\x65\
\x77\x42\x6f\x78\x3d\x22\x30\x20\x30\x20\x32\x34\x20\x32\x34\x22\
\x20\x61\x72\x69\x61\x2d\x6c\x61\x62\x65\x6c\x6c\x65\x64\x62\x79\
\x3d\x22\x73\x75\x6e\x43\x6c\x6f\x75\x64\x49\x63\x6f\x6e\x54\x69\
\x74\x6c\x65\x22\x20\x73\x74\x72\x6f\x6b\x65\x3d\x22\x23\x30\x30\
\x30\x22\x20\x73\x74\x72\x6f\x6b\x65\x2d\x77\x69\x64\x74\x68\x3d\
\x22\x31\x2e\x35\x22\x20\x73\x74\x72\x6f\x6b\x65\x2d\x6c\x69\x6e\
\x65\x63\x61\x70\x3d\x22\x73\x71\x75\x61\x72\x65\x22\x20\x73\x74\
\x72\x6f\x6b\x65\x2d\x6c\x69\x6e\x65\x6a\x6f\x69\x6e\x3d\x22\x6d\
\x69\x74\x65\x72\x22\x20\x66\x69\x6c\x6c\x3d\x22\x6e\x6f\x6e\x65\
\x22\x20\x63\x6f\x6c\x6f\x72\x3d\x22\x23\x30\x30\x30\x22\x3e\x20\
\x3c\x74\x69\x74\x6c\x65\x20\x69\x64\x3d\x22\x73\x75\x6e\x43\x6c\
\x6f\x75\x64\x49\x63\x6f\x6e\x54\x69\x74\x6c\x65\x22\x3e\x53\x75\
\x6e\x20\x77\x69\x74\x68\x20\x63\x6c\x6f\x75\x64\x73\x3c\x2f\x74\
\x69\x74\x6c\x65\x3e\x20\x3c\x70\x61\x74\x68\x20\x64\x3d\x22\x4d\
\x36\x2e\x34\x31\x36\x36\x36\x36\x36\x37\x2c\x31\x38\x20\x43\x34\
\x2e\x33\x34\x35\x35\x39\x38\x38\x35\x2c\x31\x38\x20\x32\x2e\x36\
\x36\x36\x36\x36\x36\x36\x37\x2c\x31\x36\x2e\x33\x32\x31\x30\x36\
\x37\x38\x20\x32\x2e\x36\x36\x36\x36\x36\x36\x36\x37\x2c\x31\x34\
\x2e\x32\x35\x20\x43\x32\x2e\x36\x36\x36\x36\x36\x36\x36\x37\x2c\
\x31\x32\x2e\x31\x37\x38\x39\x33\x32\x32\x20\x34\x2e\x33\x34\x35\
\x35\x39\x38\x38\x35\x2c\x31\x30\x2e\x35\x20\x36\x2e\x34\x31\x36\
\x36\x36\x36\x36\x37\x2c\x31\x30\x2e\x35\x20\x43\x36\x2e\x37\x36\
\x36\x32\x33\x37\x34\x32\x2c\x31\x30\x2e\x35\x20\x37\x2e\x31\x30\
\x34\x36\x33\x36\x35\x2c\x31\x30\x2e\x35\x34\x37\x38\x33\x31\x36\
\x20\x37\x2e\x34\x32\x35\x36\x37\x36\x31\x39\x2c\x31\x30\x2e\x36\
\x33\x37\x33\x30\x37\x20\x43\x38\x2e\x32\x36\x38\x39\x37\x35\x2c\
\x39\x2e\x30\x36\x37\x34\x30\x39\x30\x37\x20\x39\x2e\x39\x32\x36\
\x35\x30\x30\x37\x39\x2c\x38\x20\x31\x31\x2e\x38\x33\x33\x33\x33\
\x33\x33\x2c\x38\x20\x43\x31\x34\x2e\x33\x31\x38\x31\x32\x35\x31\
\x2c\x38\x20\x31\x36\x2e\x33\x37\x39\x35\x37\x37\x33\x2c\x39\x2e\
\x38\x31\x32\x35\x33\x32\x34\x35\x20\x31\x36\x2e\x37\x36\x37\x36\
\x36\x32\x36\x2c\x31\x32\x2e\x31\x38\x37\x35\x37\x30\x31\x20\x43\
\x31\x38\x2e\x32\x31\x32\x39\x39\x34\x2c\x31\x32\x2e\x33\x36\x30\
\x39\x32\x33\x38\x20\x31\x39\x2e\x33\x33\x33\x33\x33\x33\x33\x2c\
\x31\x33\x2e\x35\x39\x31\x32\x39\x33\x39\x20\x31\x39\x2e\x33\x33\
\x33\x33\x33\x33\x33\x2c\x31\x35\x2e\x30\x38\x33\x33\x33\x33\x33\
\x20\x43\x31\x39\x2e\x33\x33\x33\x33\x33\x33\x33\x2c\x31\x36\x2e\
\x36\x39\x34\x31\x36\x33\x39\x20\x31\x38\x2e\x30\x32\x37\x34\x39\
\x37\x32\x2c\x31\x38\x20\x31\x36\x2e\x34\x31\x36\x36\x36\x36\x37\
\x2c\x31\x38\x20\x4c\x36\x2e\x34\x31\x36\x36\x36\x36\x36\x37\x2c\
\x31\x38\x20\x5a\x22\x2f\x3e\x20\x3c\x70\x61\x74\x68\x20\x73\x74\
\x72\x6f\x6b\x65\x2d\x6c\x69\x6e\x65\x63\x61\x70\x3d\x22\x62\x75\
\x74\x74\x22\x20\x64\x3d\x22\x4d\x31\x38\x2e\x30\x33\x34\x30\x38\
\x37\x36\x2c\x31\x32\x2e\x38\x33\x31\x36\x31\x34\x33\x20\x43\x31\
\x38\x2e\x37\x37\x34\x35\x30\x37\x38\x2c\x31\x32\x2e\x36\x30\x39\
\x33\x30\x39\x35\x20\x31\x39\x2e\x34\x32\x34\x36\x31\x38\x39\x2c\
\x31\x32\x2e\x31\x37\x38\x32\x35\x32\x20\x31\x39\x2e\x39\x31\x36\
\x30\x35\x34\x2c\x31\x31\x2e\x36\x30\x36\x38\x30\x38\x38\x20\x43\
\x32\x30\x2e\x35\x31\x38\x31\x34\x39\x2c\x31\x30\x2e\x39\x30\x36\
\x36\x38\x39\x36\x20\x32\x30\x2e\x38\x38\x32\x30\x36\x32\x2c\x39\
\x2e\x39\x39\x35\x38\x34\x32\x39\x39\x20\x32\x30\x2e\x38\x38\x32\
\x30\x36\x32\x2c\x39\x20\x43\x32\x30\x2e\x38\x38\x32\x30\x36\x32\
\x2c\x36\x2e\x37\x39\x30\x38\x36\x31\x20\x31\x39\x2e\x30\x39\x31\
\x32\x30\x31\x2c\x35\x20\x31\x36\x2e\x38\x38\x32\x30\x36\x32\x2c\
\x35\x20\x43\x31\x35\x2e\x38\x37\x38\x36\x38\x31\x33\x2c\x35\x20\
\x31\x34\x2e\x39\x36\x31\x35\x38\x38\x36\x2c\x35\x2e\x33\x36\x39\
\x34\x34\x32\x38\x36\x20\x31\x34\x2e\x32\x35\x39\x33\x39\x31\x35\
\x2c\x35\x2e\x39\x37\x39\x37\x32\x30\x39\x36\x20\x43\x31\x33\x2e\
\x36\x34\x39\x31\x37\x39\x33\x2c\x36\x2e\x35\x31\x30\x30\x35\x35\
\x32\x31\x20\x31\x33\x2e\x32\x30\x31\x32\x34\x39\x34\x2c\x37\x2e\
\x32\x32\x32\x32\x36\x30\x36\x33\x20\x31\x33\x2c\x38\x2e\x30\x33\
\x31\x39\x33\x39\x31\x35\x22\x2f\x3e\x20\x3c\x2f\x73\x76\x67\x3e\
\
\x00\x00\x02\x2e\
\x3c\
\x73\x76\x67\x20\x77\x69\x64\x74\x68\x3d\x22\x33\x32\x70\x78\x22\
\x20\x68\x65\x69\x67\x68\x74\x3d\x22\x33\x32\x70\x78\x22\x20\x76\
\x69\x65\x77\x42\x6f\x78\x3d\x22\x30\x20\x30\x20\x32\x34\x20\x32\
\x34\x22\x20\x66\x69\x6c\x6c\x3d\x22\x6e\x6f\x6e\x65\x22\x20\x78\
\x6d\x6c\x6e\x73\x3d\x22\x68\x74\x74\x70\x3a\x2f\x2f\x77\x77\x77\
\x2e\x77\x33\x2e\x6f\x72\x67\x2f\x32\x30\x30\x30\x2f\x73\x76\x67\
\x22\x20\x61\x72\x69\x61\x2d\x6c\x61\x62\x65\x6c\x6c\x65\x64\x62\
\x79\x3d\x22\x65\x78\x74\x65\x6e\x73\x69\x6f\x6e\x49\x63\x6f\x6e\
\x54\x69\x74\x6c\x65\x22\x20\x73\x74\x72\x6f\x6b\x65\x3d\x22\x23\
\x30\x30\x30\x22\x20\x73\x74\x72\x6f\x6b\x65\x2d\x77\x69\x64\x74\
\x68\x3d\x22\x31\x2e\x35\x22\x20\x73\x74\x72\x6f\x6b\x65\x2d\x6c\
\x69\x6e\x65\x63\x61\x70\x3d\x22\x73\x71\x75\x61\x72\x65\x22\x20\
\x73\x74\x72\x6f\x6b\x65\x2d\x6c\x69\x6e\x65\x6a\x6f\x69\x6e\x3d\
\x22\x6d\x69\x74\x65\x72\x22\x20\x63\x6f\x6c\x6f\x72\x3d\x22\x23\
\x30\x30\x30\x22\x3e\x20\x3c\x74\x69\x74\x6c\x65\x20\x69\x64\x3d\
\x22\x65\x78\x74\x65\x6e\x73\x69\x6f\x6e\x49\x63\x6f\x6e\x54\x69\
\x74\x6c\x65\x22\x3e\x45\x78\x74\x65\x6e\x73\x69\x6f\x6e\x3c\x2f\
\x74\x69\x74\x6c\x65\x3e\x20\x3c\x70\x61\x74\x68\x20\x64\x3d\x22\
\x4d\x39\x20\x34\x43\x39\x20\x32\x2e\x38\x39\x35\x34\x33\x20\x39\
\x2e\x38\x39\x35\x34\x33\x20\x32\x20\x31\x31\x20\x32\x43\x31\x32\
\x2e\x31\x30\x34\x36\x20\x32\x20\x31\x33\x20\x32\x2e\x38\x39\x35\
\x34\x33\x20\x31\x33\x20\x34\x56\x36\x48\x31\x38\x56\x31\x31\x48\
\x32\x30\x43\x32\x31\x2e\x31\x30\x34\x36\x20\x31\x31\x20\x32\x32\
\x20\x31\x31\x2e\x38\x39\x35\x34\x20\x32\x32\x20\x31\x33\x43\x32\
\x32\x20\x31\x34\x2e\x31\x30\x34\x36\x20\x32\x31\x2e\x31\x30\x34\
\x36\x20\x31\x35\x20\x32\x30\x20\x31\x35\x48\x31\x38\x56\x32\x30\
\x48\x31\x33\x56\x31\x38\x43\x31\x33\x20\x31\x36\x2e\x38\x39\x35\
\x34\x20\x31\x32\x2e\x31\x30\x34\x36\x20\x31\x36\x20\x31\x31\x20\
\x31\x36\x43\x39\x2e\x38\x39\x35\x34\x33\x20\x31\x36\x20\x39\x20\
\x31\x36\x2e\x38\x39\x35\x34\x20\x39\x20\x31\x38\x56\x32\x30\x48\
\x34\x56\x31\x35\x48\x36\x43\x37\x2e\x31\x30\x34\x35\x37\x20\x31\
\x35\x20\x38\x20\x31\x34\x2e\x31\x30\x34\x36\x20\x38\x20\x31\x33\
\x43\x38\x20\x31\x31\x2e\x38\x39\x35\x34\x20\x37\x2e\x31\x30\x34\
\x35\x37\x20\x31\x31\x20\x36\x20\x31\x31\x48\x34\x56\x36\x48\x39\
\x56\x34\x5a\x22\x2f\x3e\x20\x3c\x2f\x73\x76\x67\x3e\
\x00\x00\x01\x93\
\x3c\
\x73\x76\x67\x20\x77\x69\x64\x74\x68\x3d\x22\x33\x32\x70\x78\x22\
\x20\x68\x65\x69\x67\x68\x74\x3d\x22\x33\x32\x70\x78\x22\x20\x76\
\x69\x65\x77\x42\x6f\x78\x3d\x22\x30\x20\x30\x20\x32\x34\x20\x32\
\x34\x22\x20\x66\x69\x6c\x6c\x3d\x22\x6e\x6f\x6e\x65\x22\x20\x78\
\x6d\x6c\x6e\x73\x3d\x22\x68\x74\x74\x70\x3a\x2f\x2f\x77\x77\x77\
\x2e\x77\x33\x2e\x6f\x72\x67\x2f\x32\x30\x30\x30\x2f\x73\x76\x67\
\x22\x20\x61\x72\x69\x61\x2d\x6c\x61\x62\x65\x6c\x6c\x65\x64\x62\
\x79\x3d\x22\x70\x72\x65\x76\x69\x6f\x75\x73\x41\x6c\x74\x49\x63\
\x6f\x6e\x54\x69\x74\x6c\x65\x22\x20\x73\x74\x72\x6f\x6b\x65\x3d\
\x22\x23\x30\x30\x30\x22\x20\x73\x74\x72\x6f\x6b\x65\x2d\x77\x69\
\x64\x74\x68\x3d\x22\x31\x2e\x35\x22\x20\x73\x74\x72\x6f\x6b\x65\
\x2d\x6c\x69\x6e\x65\x63\x61\x70\x3d\x22\x73\x71\x75\x61\x72\x65\
\x22\x20\x73\x74\x72\x6f\x6b\x65\x2d\x6c\x69\x6e\x65\x6a\x6f\x69\
\x6e\x3d\x22\x6d\x69\x74\x65\x72\x22\x20\x63\x6f\x6c\x6f\x72\x3d\
\x22\x23\x30\x30\x30\x22\x3e\x20\x3c\x74\x69\x74\x6c\x65\x20\x69\
\x64\x3d\x22\x70\x72\x65\x76\x69\x6f\x75\x73\x41\x6c\x74\x49\x63\
\x6f\x6e\x54\x69\x74\x6c\x65\x22\x3e\x50\x72\x65\x76\x69\x6f\x75\
\x73\x3c\x2f\x74\x69\x74\x6c\x65\x3e\x20\x3c\x70\x61\x74\x68\x20\
\x64\x3d\x22\x4d\x38\x20\x34\x4c\x34\x20\x38\x4c\x38\x20\x31\x32\
\x22\x2f\x3e\x20\x3c\x70\x61\x74\x68\x20\x64\x3d\x22\x4d\x34\x20\
\x38\x48\x31\x34\x2e\x35\x43\x31\x37\x2e\x35\x33\x37\x36\x20\x38\
\x20\x32\x30\x20\x31\x30\x2e\x34\x36\x32\x34\x20\x32\x30\x20\x31\
\x33\x2e\x35\x56\x31\x33\x2e\x35\x43\x32\x30\x20\x31\x36\x2e\x35\
\x33\x37\x36\x20\x31\x37\x2e\x35\x33\x37\x36\x20\x31\x39\x20\x31\
\x34\x2e\x35\x20\x31\x39\x48\x35\x22\x2f\x3e\x20\x3c\x2f\x73\x76\
\x67\x3e\
\x00\x00\x01\xad\
\x3c\
\x73\x76\x67\x20\x72\x6f\x6c\x65\x3d\x22\x69\x6d\x67\x22\x20\x78\
\x6d\x6c\x6e\x73\x3d\x22\x68\x74\x74\x70\x3a\x2f\x2f\x77\x77\x77\
\x2e\x77\x33\x2e\x6f\x72\x67\x2f\x32\x30\x30\x30\x2f\x73\x76\x67\
\x22\x20\x77\x69\x64\x74\x68\x3d\x22\x33\x32\x70\x78\x22\x20\x68\
\x65\x69\x67\x68\x74\x3d\x22\x33\x32\x70\x78\x22\x20\x76\x69\x65\
\x77\x42\x6f\x78\x3d\x22\x30\x20\x30\x20\x32\x34\x20\x32\x34\x22\
\x20\x61\x72\x69\x61\x2d\x6c\x61\x62\x65\x6c\x6c\x65\x64\x62\x79\
\x3d\x22\x62\x61\x63\x6b\x52\x69\x67\x68\x74\x49\x63\x6f\x6e\x54\
\x69\x74\x6c\x65\x22\x20\x73\x74\x72\x6f\x6b\x65\x3d\x22\x23\x30\
\x30\x30\x22\x20\x73\x74\x72\x6f\x6b\x65\x2d\x77\x69\x64\x74\x68\
\x3d\x22\x31\x2e\x35\x22\x20\x73\x74\x72\x6f\x6b\x65\x2d\x6c\x69\
\x6e\x65\x63\x61\x70\x3d\x22\x73\x71\x75\x61\x72\x65\x22\x20\x73\
\x74\x72\x6f\x6b\x65\x2d\x6c\x69\x6e\x65\x6a\x6f\x69\x6e\x3d\x22\
\x6d\x69\x74\x65\x72\x22\x20\x66\x69\x6c\x6c\x3d\x22\x6e\x6f\x6e\
\x65\x22\x20\x63\x6f\x6c\x6f\x72\x3d\x22\x23\x30\x30\x30\x22\x3e\
\x20\x3c\x74\x69\x74\x6c\x65\x20\x69\x64\x3d\x22\x62\x61\x63\x6b\
\x52\x69\x67\x68\x74\x49\x63\x6f\x6e\x54\x69\x74\x6c\x65\x22\x3e\
\x54\x75\x72\x6e\x20\x42\x61\x63\x6b\x3c\x2f\x74\x69\x74\x6c\x65\
\x3e\x20\x3c\x70\x61\x74\x68\x20\x64\x3d\x22\x4d\x31\x39\x2c\x31\
\x37\x20\x4c\x31\x39\x2c\x31\x35\x20\x43\x31\x39\x2c\x31\x30\x2e\
\x30\x32\x39\x34\x33\x37\x33\x20\x31\x35\x2e\x31\x39\x34\x34\x32\
\x30\x34\x2c\x36\x20\x31\x30\x2e\x35\x2c\x36\x20\x43\x35\x2e\x38\
\x30\x35\x35\x37\x39\x36\x33\x2c\x36\x20\x32\x2c\x31\x30\x2e\x30\
\x32\x39\x34\x33\x37\x33\x20\x32\x2c\x31\x35\x22\x2f\x3e\x20\x3c\
\x70\x6f\x6c\x79\x6c\x69\x6e\x65\x20\x70\x6f\x69\x6e\x74\x73\x3d\
\x22\x31\x36\x20\x31\x35\x20\x31\x39\x20\x31\x38\x20\x32\x32\x20\
\x31\x35\x22\x2f\x3e\x20\x3c\x2f\x73\x76\x67\x3e\
\x00\x00\x01\xf3\
\x3c\
\x73\x76\x67\x20\x72\x6f\x6c\x65\x3d\x22\x69\x6d\x67\x22\x20\x78\
\x6d\x6c\x6e\x73\x3d\x22\x68\x74\x74\x70\x3a\x2f\x2f\x77\x77\x77\
\x2e\x77\x33\x2e\x6f\x72\x67\x2f\x32\x30\x30\x30\x2f\x73\x76\x67\
\x22\x20\x77\x69\x64\x74\x68\x3d\x22\x33\x32\x70\x78\x22\x20\x68\
\x65\x69\x67\x68\x74\x3d\x22\x33\x32\x70\x78\x22\x20\x76\x69\x65\
\x77\x42\x6f\x78\x3d\x22\x30\x20\x30\x20\x32\x34\x20\x32\x34\x22\
\x20\x61\x72\x69\x61\x2d\x6c\x61\x62\x65\x6c\x6c\x65\x64\x62\x79\
\x3d\x22\x73\x6e\x6f\x77\x49\x63\x6f\x6e\x54\x69\x74\x6c\x65\x22\
\x20\x73\x74\x72\x6f\x6b\x65\x3d\x22\x23\x30\x30\x30\x22\x20\x73\
\x74\x72\x6f\x6b\x65\x2d\x77\x69\x64\x74\x68\x3d\x22\x31\x2e\x35\
\x22\x20\x73\x74\x72\x6f\x6b\x65\x2d\x6c\x69\x6e\x65\x63\x61\x70\
\x3d\x22\x73\x71\x75\x61\x72\x65\x22\x20\x73\x74\x72\x6f\x6b\x65\
\x2d\x6c\x69\x6e\x65\x6a\x6f\x69\x6e\x3d\x22\x6d\x69\x74\x65\x72\
\x22\x20\x66\x69\x6c\x6c\x3d\x22\x6e\x6f\x6e\x65\x22\x20\x63\x6f\
\x6c\x6f\x72\x3d\x22\x23\x30\x30\x30\x22\x3e\x20\x3c\x74\x69\x74\
\x6c\x65\x20\x69\x64\x3d\x22\x73\x6e\x6f\x77\x49\x63\x6f\x6e\x54\
\x69\x74\x6c\x65\x22\x3e\x53\x6e\x6f\x77\x3c\x2f\x74\x69\x74\x6c\
\x65\x3e\x20\x3c\x70\x61\x74\x68\x20\x64\x3d\x22\x4d\x31\x39\x2e\
\x30\x35\x31\x20\x31\x37\x2e\x39\x35\x37\x43\x32\x30\x2e\x35\x20\
\x31\x37\x2e\x39\x37\x20\x32\x32\x20\x31\x36\x2e\x32\x34\x35\x20\
\x32\x32\x20\x31\x34\x2e\x35\x61\x33\x2e\x35\x20\x33\x2e\x35\x20\
\x30\x20\x30\x20\x30\x2d\x33\x2e\x30\x37\x39\x2d\x33\x2e\x34\x37\
\x35\x20\x36\x2e\x30\x30\x32\x20\x36\x2e\x30\x30\x32\x20\x30\x20\
\x30\x20\x30\x2d\x31\x31\x2e\x32\x31\x2d\x31\x2e\x38\x36\x41\x34\
\x2e\x35\x30\x34\x20\x34\x2e\x35\x30\x34\x20\x30\x20\x30\x20\x30\
\x20\x32\x20\x31\x33\x2e\x35\x63\x30\x20\x32\x2e\x33\x31\x31\x20\
\x31\x2e\x35\x20\x34\x2e\x34\x37\x20\x33\x2e\x39\x38\x36\x20\x34\
\x2e\x34\x37\x48\x37\x6d\x39\x20\x2e\x30\x33\x68\x2d\x36\x6d\x31\
\x2e\x35\x2d\x32\x2e\x35\x39\x38\x6c\x33\x20\x35\x2e\x31\x39\x36\
\x6d\x2e\x32\x36\x33\x2d\x35\x2e\x30\x32\x35\x6c\x2d\x33\x2e\x35\
\x32\x36\x20\x34\x2e\x38\x35\x34\x22\x2f\x3e\x20\x3c\x2f\x73\x76\
\x67\x3e\
\x00\x00\x01\x7b\
\x3c\
\x73\x76\x67\x20\x72\x6f\x6c\x65\x3d\x22\x69\x6d\x67\x22\x20\x78\
\x6d\x6c\x6e\x73\x3d\x22\x68\x74\x74\x70\x3a\x2f\x2f\x77\x77\x77\
\x2e\x77\x33\x2e\x6f\x72\x67\x2f\x32\x30\x30\x30\x2f\x73\x76\x67\
\x22\x20\x77\x69\x64\x74\x68\x3d\x22\x33\x32\x70\x78\x22\x20\x68\
\x65\x69\x67\x68\x74\x3d\x22\x33\x32\x70\x78\x22\x20\x76\x69\x65\
\x77\x42\x6f\x78\x3d\x22\x30\x20\x30\x20\x32\x34\x20\x32\x34\x22\
\x20\x61\x72\x69\x61\x2d\x6c\x61\x62\x65\x6c\x6c\x65\x64\x62\x79\
\x3d\x22\x74\x76\x49\x63\x6f\x6e\x54\x69\x74\x6c\x65\x22\x20\x73\
\x74\x72\x6f\x6b\x65\x3d\x22\x23\x30\x30\x30\x22\x20\x73\x74\x72\
\x6f\x6b\x65\x2d\x77\x69\x64\x74\x68\x3d\x22\x31\x2e\x35\x22\x20\
\x73\x74\x72\x6f\x6b\x65\x2d\x6c\x69\x6e\x65\x63\x61\x70\x3d\x22\
\x73\x71\x75\x61\x72\x65\x22\x20\x73\x74\x72\x6f\x6b\x65\x2d\x6c\
\x69\x6e\x65\x6a\x6f\x69\x6e\x3d\x22\x6d\x69\x74\x65\x72\x22\x20\
\x66\x69\x6c\x6c\x3d\x22\x6e\x6f\x6e\x65\x22\x20\x63\x6f\x6c\x6f\
\x72\x3d\x22\x23\x30\x30\x30\x22\x3e\x20\x3c\x74\x69\x74\x6c\x65\
\x20\x69\x64\x3d\x22\x74\x76\x49\x63\x6f\x6e\x54\x69\x74\x6c\x65\
\x22\x3e\x54\x56\x3c\x2f\x74\x69\x74\x6c\x65\x3e\x20\x3c\x70\x6f\
\x6c\x79\x67\x6f\x6e\x20\x70\x6f\x69\x6e\x74\x73\x3d\x22\x32\x30\
\x20\x38\x20\x32\x30\x20\x32\x30\x20\x34\x20\x32\x30\x20\x34\x20\
\x38\x22\x2f\x3e\x20\x3c\x70\x6f\x6c\x79\x6c\x69\x6e\x65\x20\x73\
\x74\x72\x6f\x6b\x65\x2d\x6c\x69\x6e\x65\x6a\x6f\x69\x6e\x3d\x22\
\x72\x6f\x75\x6e\x64\x22\x20\x70\x6f\x69\x6e\x74\x73\x3d\x22\x38\
\x20\x34\x20\x31\x32\x20\x37\x2e\x39\x31\x37\x20\x31\x36\x20\x34\
\x22\x2f\x3e\x20\x3c\x2f\x73\x76\x67\x3e\
\x00\x00\x01\x49\
\x3c\
\x73\x76\x67\x20\x72\x6f\x6c\x65\x3d\x22\x69\x6d\x67\x22\x20\x78\
\x6d\x6c\x6e\x73\x3d\x22\x68\x74\x74\x70\x3a\x2f\x2f\x77\x77\x77\
\x2e\x77\x33\x2e\x6f\x72\x67\x2f\x32\x30\x30\x30\x2f\x73\x76\x67\
\x22\x20\x77\x69\x64\x74\x68\x3d\x22\x33\x32\x70\x78\x22\x20\x68\
\x65\x69\x67\x68\x74\x3d\x22\x33\x32\x70\x78\x22\x20\x76\x69\x65\
\x77\x42\x6f\x78\x3d\x22\x30\x20\x30\x20\x32\x34\x20\x32\x34\x22\
\x20\x61\x72\x69\x61\x2d\x6c\x61\x62\x65\x6c\x6c\x65\x64\x62\x79\
\x3d\x22\x73\x74\x61\x74\x73\x49\x63\x6f\x6e\x54\x69\x74\x6c\x65\
\x22\x20\x73\x74\x72\x6f\x6b\x65\x3d\x22\x23\x30\x30\x30\x22\x20\
\x73\x74\x72\x6f\x6b\x65\x2d\x77\x69\x64\x74\x68\x3d\x22\x31\x2e\
\x35\x22\x20\x73\x74\x72\x6f\x6b\x65\x2d\x6c\x69\x6e\x65\x63\x61\
\x70\x3d\x22\x73\x71\x75\x61\x72\x65\x22\x20\x73\x74\x72\x6f\x6b\
\x65\x2d\x6c\x69\x6e\x65\x6a\x6f\x69\x6e\x3d\x22\x6d\x69\x74\x65\
\x72\x22\x20\x66\x69\x6c\x6c\x3d\x22\x6e\x6f\x6e\x65\x22\x20\x63\
\x6f\x6c\x6f\x72\x3d\x22\x23\x30\x30\x30\x22\x3e\x20\x3c\x74\x69\
\x74\x6c\x65\x20\x69\x64\x3d\x22\x73\x74\x61\x74\x73\x49\x63\x6f\
\x6e\x54\x69\x74\x6c\x65\x22\x3e\x53\x74\x61\x74\x73\x3c\x2f\x74\
\x69\x74\x6c\x65\x3e\x20\x3c\x70\x61\x74\x68\x20\x64\x3d\x22\x4d\
\x36\x20\x37\x4c\x31\x35\x20\x37\x4d\x36\x20\x31\x32\x4c\x31\x38\
\x20\x31\x32\x4d\x36\x20\x31\x37\x4c\x31\x32\x20\x31\x37\x22\x2f\
\x3e\x20\x3c\x2f\x73\x76\x67\x3e\
\x00\x00\x02\xe7\
\x3c\
\x73\x76\x67\x20\x72\x6f\x6c\x65\x3d\x22\x69\x6d\x67\x22\x20\x78\
\x6d\x6c\x6e\x73\x3d\x22\x68\x74\x74\x70\x3a\x2f\x2f\x77\x77\x77\
\x2e\x77\x33\x2e\x6f\x72\x67\x2f\x32\x30\x30\x30\x2f\x73\x76\x67\
\x22\x20\x77\x69\x64\x74\x68\x3d\x22\x33\x32\x70\x78\x22\x20\x68\
\x65\x69\x67\x68\x74\x3d\x22\x33\x32\x70\x78\x22\x20\x76\x69\x65\
\x77\x42\x6f\x78\x3d\x22\x30\x20\x30\x20\x32\x34\x20\x32\x34\x22\
\x20\x61\x72\x69\x61\x2d\x6c\x61\x62\x65\x6c\x6c\x65\x64\x62\x79\
\x3d\x22\x65\x6c\x6c\x79\x70\x73\x69\x73\x56\x65\x72\x74\x69\x63\
\x61\x6c\x49\x63\x6f\x6e\x54\x69\x74\x6c\x65\x22\x20\x73\x74\x72\
\x6f\x6b\x65\x3d\x22\x23\x30\x30\x30\x22\x20\x73\x74\x72\x6f\x6b\
\x65\x2d\x77\x69\x64\x74\x68\x3d\x22\x31\x2e\x35\x22\x20\x73\x74\
\x72\x6f\x6b\x65\x2d\x6c\x69\x6e\x65\x63\x61\x70\x3d\x22\x73\x71\
\x75\x61\x72\x65\x22\x20\x73\x74\x72\x6f\x6b\x65\x2d\x6c\x69\x6e\
\x65\x6a\x6f\x69\x6e\x3d\x22\x6d\x69\x74\x65\x72\x22\x20\x66\x69\
\x6c\x6c\x3d\x22\x6e\x6f\x6e\x65\x22\x20\x63\x6f\x6c\x6f\x72\x3d\
\x22\x23\x30\x30\x30\x22\x3e\x20\x3c\x74\x69\x74\x6c\x65\x20\x69\
\x64\x3d\x22\x65\x6c\x6c\x79\x70\x73\x69\x73\x56\x65\x72\x74\x69\
\x63\x61\x6c\x49\x63\x6f\x6e\x54\x69\x74\x6c\x65\x22\x3e\x45\x6c\
\x6c\x79\x70\x73\x69\x73\x3c\x2f\x74\x69\x74\x6c\x65\x3e\x20\x3c\
\x70\x61\x74\x68\x20\x64\x3d\x22\x4d\x31\x31\x20\x31\x32\x43\x31\
\x31\x20\x31\x31\x2e\x34\x34\x37\x37\x31\x35\x33\x20\x31\x31\x2e\
\x34\x34\x37\x37\x31\x35\x33\x20\x31\x31\x20\x31\x32\x20\x31\x31\
\x20\x31\x32\x2e\x35\x35\x32\x32\x38\x34\x37\x20\x31\x31\x20\x31\
\x33\x20\x31\x31\x2e\x34\x34\x37\x37\x31\x35\x33\x20\x31\x33\x20\
\x31\x32\x20\x31\x33\x20\x31\x32\x2e\x35\x35\x32\x32\x38\x34\x37\
\x20\x31\x32\x2e\x35\x35\x32\x32\x38\x34\x37\x20\x31\x33\x20\x31\
\x32\x20\x31\x33\x20\x31\x31\x2e\x34\x34\x37\x37\x31\x35\x33\x20\
\x31\x33\x20\x31\x31\x20\x31\x32\x2e\x35\x35\x32\x32\x38\x34\x37\
\x20\x31\x31\x20\x31\x32\x7a\x4d\x31\x31\x20\x36\x43\x31\x31\x20\
\x35\x2e\x34\x34\x37\x37\x31\x35\x32\x35\x20\x31\x31\x2e\x34\x34\
\x37\x37\x31\x35\x33\x20\x35\x20\x31\x32\x20\x35\x20\x31\x32\x2e\
\x35\x35\x32\x32\x38\x34\x37\x20\x35\x20\x31\x33\x20\x35\x2e\x34\
\x34\x37\x37\x31\x35\x32\x35\x20\x31\x33\x20\x36\x20\x31\x33\x20\
\x36\x2e\x35\x35\x32\x32\x38\x34\x37\x35\x20\x31\x32\x2e\x35\x35\
\x32\x32\x38\x34\x37\x20\x37\x20\x31\x32\x20\x37\x20\x31\x31\x2e\
\x34\x34\x37\x37\x31\x35\x33\x20\x37\x20\x31\x31\x20\x36\x2e\x35\
\x35\x32\x32\x38\x34\x37\x35\x20\x31\x31\x20\x36\x7a\x4d\x31\x31\
\x20\x31\x38\x43\x31\x31\x20\x31\x37\x2e\x34\x34\x37\x37\x31\x35\
\x33\x20\x31\x31\x2e\x34\x34\x37\x37\x31\x35\x33\x20\x31\x37\x20\
\x31\x32\x20\x31\x37\x20\x31\x32\x2e\x35\x35\x32\x32\x38\x34\x37\
\x20\x31\x37\x20\x31\x33\x20\x31\x37\x2e\x34\x34\x37\x37\x31\x35\
\x33\x20\x31\x33\x20\x31\x38\x20\x31\x33\x20\x31\x38\x2e\x35\x35\
\x32\x32\x38\x34\x37\x20\x31\x32\x2e\x35\x35\x32\x32\x38\x34\x37\
\x20\x31\x39\x20\x31\x32\x20\x31\x39\x20\x31\x31\x2e\x34\x34\x37\
\x37\x31\x35\x33\x20\x31\x39\x20\x31\x31\x20\x31\x38\x2e\x35\x35\
\x32\x32\x38\x34\x37\x20\x31\x31\x20\x31\x38\x7a\x22\x2f\x3e\x20\
\x3c\x2f\x73\x76\x67\x3e\
\x00\x00\x01\xe1\
\x3c\
\x73\x76\x67\x20\x72\x6f\x6c\x65\x3d\x22\x69\x6d\x67\x22\x20\x78\
\x6d\x6c\x6e\x73\x3d\x22\x68\x74\x74\x70\x3a\x2f\x2f\x77\x77\x77\
\x2e\x77\x33\x2e\x6f\x72\x67\x2f\x32\x30\x30\x30\x2f\x73\x76\x67\
\x22\x20\x77\x69\x64\x74\x68\x3d\x22\x33\x32\x70\x78\x22\x20\x68\
\x65\x69\x67\x68\x74\x3d\x22\x33\x32\x70\x78\x22\x20\x76\x69\x65\
\x77\x42\x6f\x78\x3d\x22\x30\x20\x30\x20\x32\x34\x20\x32\x34\x22\
\x20\x61\x72\x69\x61\x2d\x6c\x61\x62\x65\x6c\x6c\x65\x64\x62\x79\
\x3d\x22\x62\x6f\x6f\x6b\x4f\x70\x65\x6e\x65\x64\x49\x63\x6f\x6e\
\x54\x69\x74\x6c\x65\x22\x20\x73\x74\x72\x6f\x6b\x65\x3d\x22\x23\
\x30\x30\x30\x22\x20\x73\x74\x72\x6f\x6b\x65\x2d\x77\x69\x64\x74\
\x68\x3d\x22\x31\x2e\x35\x22\x20\x73\x74\x72\x6f\x6b\x65\x2d\x6c\
\x69\x6e\x65\x63\x61\x70\x3d\x22\x73\x71\x75\x61\x72\x65\x22\x20\
\x73\x74\x72\x6f\x6b\x65\x2d\x6c\x69\x6e\x65\x6a\x6f\x69\x6e\x3d\
\x22\x6d\x69\x74\x65\x72\x22\x20\x66\x69\x6c\x6c\x3d\x22\x6e\x6f\
\x6e\x65\x22\x20\x63\x6f\x6c\x6f\x72\x3d\x22\x23\x30\x30\x30\x22\
\x3e\x20\x3c\x74\x69\x74\x6c\x65\x20\x69\x64\x3d\x22\x62\x6f\x6f\
\x6b\x4f\x70\x65\x6e\x65\x64\x49\x63\x6f\x6e\x54\x69\x74\x6c\x65\
\x22\x3e\x42\x6f\x6f\x6b\x3c\x2f\x74\x69\x74\x6c\x65\x3e\x20\x3c\
\x70\x61\x74\x68\x20\x64\x3d\x22\x4d\x31\x32\x20\x36\x73\x2d\x32\
\x2d\x32\x2d\x34\x2d\x32\x2d\x35\x20\x32\x2d\x35\x20\x32\x76\x31\
\x34\x73\x33\x2d\x32\x20\x35\x2d\x32\x20\x34\x20\x32\x20\x34\x20\
\x32\x63\x31\x2e\x33\x33\x33\x2d\x31\x2e\x33\x33\x33\x20\x32\x2e\
\x36\x36\x37\x2d\x32\x20\x34\x2d\x32\x20\x31\x2e\x33\x33\x33\x20\
\x30\x20\x33\x20\x2e\x36\x36\x37\x20\x35\x20\x32\x56\x36\x63\x2d\
\x32\x2d\x31\x2e\x33\x33\x33\x2d\x33\x2e\x36\x36\x37\x2d\x32\x2d\
\x35\x2d\x32\x2d\x31\x2e\x33\x33\x33\x20\x30\x2d\x32\x2e\x36\x36\
\x37\x2e\x36\x36\x37\x2d\x34\x20\x32\x7a\x22\x2f\x3e\x20\x3c\x70\
\x61\x74\x68\x20\x73\x74\x72\x6f\x6b\x65\x2d\x6c\x69\x6e\x65\x63\
\x61\x70\x3d\x22\x72\x6f\x75\x6e\x64\x22\x20\x64\x3d\x22\x4d\x31\
\x32\x20\x36\x76\x31\x34\x22\x2f\x3e\x20\x3c\x2f\x73\x76\x67\x3e\
\
\x00\x00\x01\x50\
\x3c\
\x73\x76\x67\x20\x72\x6f\x6c\x65\x3d\x22\x69\x6d\x67\x22\x20\x78\
\x6d\x6c\x6e\x73\x3d\x22\x68\x74\x74\x70\x3a\x2f\x2f\x77\x77\x77\
\x2e\x77\x33\x2e\x6f\x72\x67\x2f\x32\x30\x30\x30\x2f\x73\x76\x67\
\x22\x20\x77\x69\x64\x74\x68\x3d\x22\x33\x32\x70\x78\x22\x20\x68\
\x65\x69\x67\x68\x74\x3d\x22\x33\x32\x70\x78\x22\x20\x76\x69\x65\
\x77\x42\x6f\x78\x3d\x22\x30\x20\x30\x20\x32\x34\x20\x32\x34\x22\
\x20\x61\x72\x69\x61\x2d\x6c\x61\x62\x65\x6c\x6c\x65\x64\x62\x79\
\x3d\x22\x68\x61\x73\x68\x49\x63\x6f\x6e\x54\x69\x74\x6c\x65\x22\
\x20\x73\x74\x72\x6f\x6b\x65\x3d\x22\x23\x30\x30\x30\x22\x20\x73\
\x74\x72\x6f\x6b\x65\x2d\x77\x69\x64\x74\x68\x3d\x22\x31\x2e\x35\
\x22\x20\x73\x74\x72\x6f\x6b\x65\x2d\x6c\x69\x6e\x65\x63\x61\x70\
\x3d\x22\x73\x71\x75\x61\x72\x65\x22\x20\x73\x74\x72\x6f\x6b\x65\
\x2d\x6c\x69\x6e\x65\x6a\x6f\x69\x6e\x3d\x22\x6d\x69\x74\x65\x72\
\x22\x20\x66\x69\x6c\x6c\x3d\x22\x6e\x6f\x6e\x65\x22\x20\x63\x6f\
\x6c\x6f\x72\x3d\x22\x23\x30\x30\x30\x22\x3e\x20\x3c\x74\x69\x74\
\x6c\x65\x20\x69\x64\x3d\x22\x68\x61\x73\x68\x49\x63\x6f\x6e\x54\
\x69\x74\x6c\x65\x22\x3e\x48\x61\x73\x68\x3c\x2f\x74\x69\x74\x6c\
\x65\x3e\x20\x3c\x70\x61\x74\x68\x20\x64\x3d\x22\x4d\x31\x31\x20\
\x33\x4c\x35\x20\x32\x31\x4d\x31\x39\x20\x33\x4c\x31\x33\x20\x32\
\x31\x4d\x33\x20\x31\x36\x4c\x31\x39\x20\x31\x36\x4d\x35\x20\x38\
\x4c\x32\x31\x20\x38\x22\x2f\x3e\x20\x3c\x2f\x73\x76\x67\x3e\
\x00\x00\x01\x97\
\x3c\
\x73\x76\x67\x20\x77\x69\x64\x74\x68\x3d\x22\x33\x32\x70\x78\x22\
\x20\x68\x65\x69\x67\x68\x74\x3d\x22\x33\x32\x70\x78\x22\x20\x76\
\x69\x65\x77\x42\x6f\x78\x3d\x22\x30\x20\x30\x20\x32\x34\x20\x32\
\x34\x22\x20\x78\x6d\x6c\x6e\x73\x3d\x22\x68\x74\x74\x70\x3a\x2f\
\x2f\x77\x77\x77\x2e\x77\x33\x2e\x6f\x72\x67\x2f\x32\x30\x30\x30\
\x2f\x73\x76\x67\x22\x20\x61\x72\x69\x61\x2d\x6c\x61\x62\x65\x6c\
\x6c\x65\x64\x62\x79\x3d\x22\x63\x68\x61\x74\x57\x61\x72\x6e\x69\
\x6e\x67\x49\x63\x6f\x6e\x54\x69\x74\x6c\x65\x22\x20\x73\x74\x72\
\x6f\x6b\x65\x3d\x22\x23\x30\x30\x30\x22\x20\x73\x74\x72\x6f\x6b\
\x65\x2d\x77\x69\x64\x74\x68\x3d\x22\x31\x2e\x35\x22\x20\x73\x74\
\x72\x6f\x6b\x65\x2d\x6c\x69\x6e\x65\x63\x61\x70\x3d\x22\x73\x71\
\x75\x61\x72\x65\x22\x20\x73\x74\x72\x6f\x6b\x65\x2d\x6c\x69\x6e\
\x65\x6a\x6f\x69\x6e\x3d\x22\x6d\x69\x74\x65\x72\x22\x20\x66\x69\
\x6c\x6c\x3d\x22\x6e\x6f\x6e\x65\x22\x20\x63\x6f\x6c\x6f\x72\x3d\
\x22\x23\x30\x30\x30\x22\x3e\x20\x3c\x74\x69\x74\x6c\x65\x20\x69\
\x64\x3d\x22\x63\x68\x61\x74\x57\x61\x72\x6e\x69\x6e\x67\x49\x63\
\x6f\x6e\x54\x69\x74\x6c\x65\x22\x3e\x43\x68\x61\x74\x20\x77\x69\
\x74\x68\x20\x61\x20\x77\x61\x72\x6e\x69\x6e\x67\x20\x73\x74\x61\
\x74\x65\x3c\x2f\x74\x69\x74\x6c\x65\x3e\x20\x3c\x70\x61\x74\x68\
\x20\x64\x3d\x22\x4d\x31\x32\x20\x37\x56\x31\x31\x22\x2f\x3e\x20\
\x3c\x70\x61\x74\x68\x20\x64\x3d\x22\x4d\x32\x31\x20\x34\x56\x31\
\x37\x48\x31\x33\x4c\x37\x20\x32\x31\x56\x31\x37\x48\x33\x56\x34\
\x48\x32\x31\x5a\x22\x2f\x3e\x20\x3c\x6c\x69\x6e\x65\x20\x78\x31\
\x3d\x22\x31\x32\x22\x20\x79\x31\x3d\x22\x31\x34\x22\x20\x78\x32\
\x3d\x22\x31\x32\x22\x20\x79\x32\x3d\x22\x31\x34\x22\x2f\x3e\x20\
\x3c\x2f\x73\x76\x67\x3e\
\x00\x00\x02\x64\
\x3c\
\x73\x76\x67\x20\x72\x6f\x6c\x65\x3d\x22\x69\x6d\x67\x22\x20\x78\
\x6d\x6c\x6e\x73\x3d\x22\x68\x74\x74\x70\x3a\x2f\x2f\x77\x77\x77\
\x2e\x77\x33\x2e\x6f\x72\x67\x2f\x32\x30\x30\x30\x2f\x73\x76\x67\
\x22\x20\x77\x69\x64\x74\x68\x3d\x22\x33\x32\x70\x78\x22\x20\x68\
\x65\x69\x67\x68\x74\x3d\x22\x33\x32\x70\x78\x22\x20\x76\x69\x65\
\x77\x42\x6f\x78\x3d\x22\x30\x20\x30\x20\x32\x34\x20\x32\x34\x22\
\x20\x61\x72\x69\x61\x2d\x6c\x61\x62\x65\x6c\x6c\x65\x64\x62\x79\
\x3d\x22\x72\x61\x64\x69\x6f\x49\x63\x6f\x6e\x54\x69\x74\x6c\x65\
\x22\x20\x73\x74\x72\x6f\x6b\x65\x3d\x22\x23\x30\x30\x30\x22\x20\
\x73\x74\x72\x6f\x6b\x65\x2d\x77\x69\x64\x74\x68\x3d\x22\x31\x2e\
\x35\x22\x20\x73\x74\x72\x6f\x6b\x65\x2d\x6c\x69\x6e\x65\x63\x61\
\x70\x3d\x22\x73\x71\x75\x61\x72\x65\x22\x20\x73\x74\x72\x6f\x6b\
\x65\x2d\x6c\x69\x6e\x65\x6a\x6f\x69\x6e\x3d\x22\x6d\x69\x74\x65\
\x72\x22\x20\x66\x69\x6c\x6c\x3d\x22\x6e\x6f\x6e\x65\x22\x20\x63\
\x6f\x6c\x6f\x72\x3d\x22\x23\x30\x30\x30\x22\x3e\x20\x3c\x74\x69\
\x74\x6c\x65\x20\x69\x64\x3d\x22\x72\x61\x64\x69\x6f\x49\x63\x6f\
\x6e\x54\x69\x74\x6c\x65\x22\x3e\x52\x61\x64\x69\x6f\x3c\x2f\x74\
\x69\x74\x6c\x65\x3e\x20\x3c\x70\x61\x74\x68\x20\x64\x3d\x22\x4d\
\x35\x2e\x34\x34\x39\x37\x32\x38\x34\x35\x20\x36\x43\x32\x2e\x31\
\x38\x33\x34\x32\x33\x38\x35\x20\x39\x2e\x32\x36\x36\x33\x30\x34\
\x36\x20\x32\x2e\x31\x38\x33\x34\x32\x33\x38\x35\x20\x31\x34\x2e\
\x37\x33\x33\x36\x39\x35\x34\x20\x35\x2e\x34\x34\x39\x37\x32\x38\
\x34\x35\x20\x31\x38\x4d\x38\x2e\x35\x39\x39\x31\x38\x33\x36\x39\
\x20\x38\x43\x36\x2e\x34\x36\x36\x39\x33\x38\x37\x37\x20\x31\x30\
\x2e\x31\x33\x32\x32\x34\x34\x39\x20\x36\x2e\x34\x36\x36\x39\x33\
\x38\x37\x37\x20\x31\x33\x2e\x38\x36\x37\x37\x35\x35\x31\x20\x38\
\x2e\x35\x39\x39\x31\x38\x33\x36\x39\x20\x31\x36\x4d\x31\x38\x2e\
\x35\x35\x30\x32\x37\x31\x36\x20\x31\x38\x43\x32\x31\x2e\x38\x31\
\x36\x35\x37\x36\x31\x20\x31\x34\x2e\x37\x33\x33\x36\x39\x35\x34\
\x20\x32\x31\x2e\x38\x31\x36\x35\x37\x36\x31\x20\x39\x2e\x32\x36\
\x36\x33\x30\x34\x36\x20\x31\x38\x2e\x35\x35\x30\x32\x37\x31\x36\
\x20\x36\x4d\x31\x35\x2e\x34\x30\x30\x38\x31\x36\x33\x20\x31\x36\
\x43\x31\x37\x2e\x35\x33\x33\x30\x36\x31\x32\x20\x31\x33\x2e\x38\
\x36\x37\x37\x35\x35\x31\x20\x31\x37\x2e\x35\x33\x33\x30\x36\x31\
\x32\x20\x31\x30\x2e\x31\x33\x32\x32\x34\x34\x39\x20\x31\x35\x2e\
\x34\x30\x30\x38\x31\x36\x33\x20\x38\x22\x2f\x3e\x20\x3c\x63\x69\
\x72\x63\x6c\x65\x20\x63\x78\x3d\x22\x31\x32\x22\x20\x63\x79\x3d\
\x22\x31\x32\x22\x20\x72\x3d\x22\x31\x22\x2f\x3e\x20\x3c\x2f\x73\
\x76\x67\x3e\
\x00\x00\x01\x77\
\x3c\
\x73\x76\x67\x20\x72\x6f\x6c\x65\x3d\x22\x69\x6d\x67\x22\x20\x78\
\x6d\x6c\x6e\x73\x3d\x22\x68\x74\x74\x70\x3a\x2f\x2f\x77\x77\x77\
\x2e\x77\x33\x2e\x6f\x72\x67\x2f\x32\x30\x30\x30\x2f\x73\x76\x67\
\x22\x20\x77\x69\x64\x74\x68\x3d\x22\x33\x32\x70\x78\x22\x20\x68\
\x65\x69\x67\x68\x74\x3d\x22\x33\x32\x70\x78\x22\x20\x76\x69\x65\
\x77\x42\x6f\x78\x3d\x22\x30\x20\x30\x20\x32\x34\x20\x32\x34\x22\
\x20\x61\x72\x69\x61\x2d\x6c\x61\x62\x65\x6c\x6c\x65\x64\x62\x79\
\x3d\x22\x63\x75\x74\x49\x63\x6f\x6e\x54\x69\x74\x6c\x65\x22\x20\
\x73\x74\x72\x6f\x6b\x65\x3d\x22\x23\x30\x30\x30\x22\x20\x73\x74\
\x72\x6f\x6b\x65\x2d\x77\x69\x64\x74\x68\x3d\x22\x31\x2e\x35\x22\
\x20\x73\x74\x72\x6f\x6b\x65\x2d\x6c\x69\x6e\x65\x63\x61\x70\x3d\
\x22\x73\x71\x75\x61\x72\x65\x22\x20\x73\x74\x72\x6f\x6b\x65\x2d\
\x6c\x69\x6e\x65\x6a\x6f\x69\x6e\x3d\x22\x6d\x69\x74\x65\x72\x22\
\x20\x66\x69\x6c\x6c\x3d\x22\x6e\x6f\x6e\x65\x22\x20\x63\x6f\x6c\
\x6f\x72\x3d\x22\x23\x30\x30\x30\x22\x3e\x20\x3c\x74\x69\x74\x6c\
\x65\x20\x69\x64\x3d\x22\x63\x75\x74\x49\x63\x6f\x6e\x54\x69\x74\
\x6c\x65\x22\x3e\x43\x75\x74\x3c\x2f\x74\x69\x74\x6c\x65\x3e\x20\
\x3c\x70\x61\x74\x68\x20\x64\x3d\x22\x4d\x33\x20\x31\x38\x4c\x31\
\x35\x20\x39\x4d\x31\x35\x20\x31\x35\x4c\x33\x20\x36\x22\x2f\x3e\
\x20\x3c\x63\x69\x72\x63\x6c\x65\x20\x63\x78\x3d\x22\x31\x38\x22\
\x20\x63\x79\x3d\x22\x37\x22\x20\x72\x3d\x22\x33\x22\x2f\x3e\x20\
\x3c\x63\x69\x72\x63\x6c\x65\x20\x63\x78\x3d\x22\x31\x38\x22\x20\
\x63\x79\x3d\x22\x31\x37\x22\x20\x72\x3d\x22\x33\x22\x2f\x3e\x20\
\x3c\x2f\x73\x76\x67\x3e\
\x00\x00\x01\x8a\
\x3c\
\x73\x76\x67\x20\x72\x6f\x6c\x65\x3d\x22\x69\x6d\x67\x22\x20\x78\
\x6d\x6c\x6e\x73\x3d\x22\x68\x74\x74\x70\x3a\x2f\x2f\x77\x77\x77\
\x2e\x77\x33\x2e\x6f\x72\x67\x2f\x32\x30\x30\x30\x2f\x73\x76\x67\
\x22\x20\x77\x69\x64\x74\x68\x3d\x22\x33\x32\x70\x78\x22\x20\x68\
\x65\x69\x67\x68\x74\x3d\x22\x33\x32\x70\x78\x22\x20\x76\x69\x65\
\x77\x42\x6f\x78\x3d\x22\x30\x20\x30\x20\x32\x34\x20\x32\x34\x22\
\x20\x61\x72\x69\x61\x2d\x6c\x61\x62\x65\x6c\x6c\x65\x64\x62\x79\
\x3d\x22\x73\x68\x61\x72\x65\x69\x4f\x53\x49\x63\x6f\x6e\x54\x69\
\x74\x6c\x65\x22\x20\x73\x74\x72\x6f\x6b\x65\x3d\x22\x23\x30\x30\
\x30\x22\x20\x73\x74\x72\x6f\x6b\x65\x2d\x77\x69\x64\x74\x68\x3d\
\x22\x31\x2e\x35\x22\x20\x73\x74\x72\x6f\x6b\x65\x2d\x6c\x69\x6e\
\x65\x63\x61\x70\x3d\x22\x73\x71\x75\x61\x72\x65\x22\x20\x73\x74\
\x72\x6f\x6b\x65\x2d\x6c\x69\x6e\x65\x6a\x6f\x69\x6e\x3d\x22\x6d\
\x69\x74\x65\x72\x22\x20\x66\x69\x6c\x6c\x3d\x22\x6e\x6f\x6e\x65\
\x22\x20\x63\x6f\x6c\x6f\x72\x3d\x22\x23\x30\x30\x30\x22\x3e\x20\
\x3c\x74\x69\x74\x6c\x65\x20\x69\x64\x3d\x22\x73\x68\x61\x72\x65\
\x69\x4f\x53\x49\x63\x6f\x6e\x54\x69\x74\x6c\x65\x22\x3e\x53\x68\
\x61\x72\x65\x3c\x2f\x74\x69\x74\x6c\x65\x3e\x20\x3c\x70\x61\x74\
\x68\x20\x64\x3d\x22\x4d\x31\x32\x2c\x33\x20\x4c\x31\x32\x2c\x31\
\x35\x22\x2f\x3e\x20\x3c\x70\x6f\x6c\x79\x6c\x69\x6e\x65\x20\x70\
\x6f\x69\x6e\x74\x73\x3d\x22\x39\x20\x35\x20\x31\x32\x20\x32\x20\
\x31\x35\x20\x35\x22\x2f\x3e\x20\x3c\x72\x65\x63\x74\x20\x77\x69\
\x64\x74\x68\x3d\x22\x31\x32\x22\x20\x68\x65\x69\x67\x68\x74\x3d\
\x22\x31\x32\x22\x20\x78\x3d\x22\x36\x22\x20\x79\x3d\x22\x39\x22\
\x2f\x3e\x20\x3c\x2f\x73\x76\x67\x3e\
\x00\x00\x01\x9f\
\x3c\
\x73\x76\x67\x20\x72\x6f\x6c\x65\x3d\x22\x69\x6d\x67\x22\x20\x78\
\x6d\x6c\x6e\x73\x3d\x22\x68\x74\x74\x70\x3a\x2f\x2f\x77\x77\x77\
\x2e\x77\x33\x2e\x6f\x72\x67\x2f\x32\x30\x30\x30\x2f\x73\x76\x67\
\x22\x20\x77\x69\x64\x74\x68\x3d\x22\x33\x32\x70\x78\x22\x20\x68\
\x65\x69\x67\x68\x74\x3d\x22\x33\x32\x70\x78\x22\x20\x76\x69\x65\
\x77\x42\x6f\x78\x3d\x22\x30\x20\x30\x20\x32\x34\x20\x32\x34\x22\
\x20\x61\x72\x69\x61\x2d\x6c\x61\x62\x65\x6c\x6c\x65\x64\x62\x79\
\x3d\x22\x73\x69\x67\x6e\x61\x6c\x41\x6c\x74\x49\x63\x6f\x6e\x54\
\x69\x74\x6c\x65\x22\x20\x73\x74\x72\x6f\x6b\x65\x3d\x22\x23\x30\
\x30\x30\x22\x20\x73\x74\x72\x6f\x6b\x65\x2d\x77\x69\x64\x74\x68\
\x3d\x22\x31\x2e\x35\x22\x20\x73\x74\x72\x6f\x6b\x65\x2d\x6c\x69\
\x6e\x65\x63\x61\x70\x3d\x22\x73\x71\x75\x61\x72\x65\x22\x20\x73\
\x74\x72\x6f\x6b\x65\x2d\x6c\x69\x6e\x65\x6a\x6f\x69\x6e\x3d\x22\
\x6d\x69\x74\x65\x72\x22\x20\x66\x69\x6c\x6c\x3d\x22\x6e\x6f\x6e\
\x65\x22\x20\x63\x6f\x6c\x6f\x72\x3d\x22\x23\x30\x30\x30\x22\x3e\
\x20\x3c\x74\x69\x74\x6c\x65\x20\x69\x64\x3d\x22\x73\x69\x67\x6e\
\x61\x6c\x41\x6c\x74\x49\x63\x6f\x6e\x54\x69\x74\x6c\x65\x22\x3e\
\x53\x69\x67\x6e\x61\x6c\x3c\x2f\x74\x69\x74\x6c\x65\x3e\x20\x3c\
\x70\x61\x74\x68\x20\x64\x3d\x22\x4d\x31\x38\x20\x35\x43\x31\x31\
\x2e\x33\x37\x32\x35\x38\x33\x20\x35\x20\x36\x20\x31\x30\x2e\x33\
\x37\x32\x35\x38\x33\x20\x36\x20\x31\x37\x4d\x31\x38\x20\x39\x43\
\x31\x33\x2e\x35\x38\x31\x37\x32\x32\x20\x39\x20\x31\x30\x20\x31\
\x32\x2e\x35\x38\x31\x37\x32\x32\x20\x31\x30\x20\x31\x37\x4d\x31\
\x38\x20\x31\x33\x43\x31\x35\x2e\x37\x39\x30\x38\x36\x31\x20\x31\
\x33\x20\x31\x34\x20\x31\x34\x2e\x37\x39\x30\x38\x36\x31\x20\x31\
\x34\x20\x31\x37\x22\x2f\x3e\x20\x3c\x2f\x73\x76\x67\x3e\
\x00\x00\x01\xa5\
\x3c\
\x73\x76\x67\x20\x72\x6f\x6c\x65\x3d\x22\x69\x6d\x67\x22\x20\x78\
\x6d\x6c\x6e\x73\x3d\x22\x68\x74\x74\x70\x3a\x2f\x2f\x77\x77\x77\
\x2e\x77\x33\x2e\x6f\x72\x67\x2f\x32\x30\x30\x30\x2f\x73\x76\x67\
\x22\x20\x77\x69\x64\x74\x68\x3d\x22\x33\x32\x70\x78\x22\x20\x68\
\x65\x69\x67\x68\x74\x3d\x22\x33\x32\x70\x78\x22\x20\x76\x69\x65\
\x77\x42\x6f\x78\x3d\x22\x30\x20\x30\x20\x32\x34\x20\x32\x34\x22\
\x20\x61\x72\x69\x61\x2d\x6c\x61\x62\x65\x6c\x6c\x65\x64\x62\x79\
\x3d\x22\x6c\x69\x6e\x65\x43\x68\x61\x72\x74\x49\x63\x6f\x6e\x54\
\x69\x74\x6c\x65\x22\x20\x73\x74\x72\x6f\x6b\x65\x3d\x22\x23\x30\
\x30\x30\x22\x20\x73\x74\x72\x6f\x6b\x65\x2d\x77\x69\x64\x74\x68\
\x3d\x22\x31\x2e\x35\x22\x20\x73\x74\x72\x6f\x6b\x65\x2d\x6c\x69\
\x6e\x65\x63\x61\x70\x3d\x22\x73\x71\x75\x61\x72\x65\x22\x20\x73\
\x74\x72\x6f\x6b\x65\x2d\x6c\x69\x6e\x65\x6a\x6f\x69\x6e\x3d\x22\
\x6d\x69\x74\x65\x72\x22\x20\x66\x69\x6c\x6c\x3d\x22\x6e\x6f\x6e\
\x65\x22\x20\x63\x6f\x6c\x6f\x72\x3d\x22\x23\x30\x30\x30\x22\x3e\
\x20\x3c\x74\x69\x74\x6c\x65\x20\x69\x64\x3d\x22\x6c\x69\x6e\x65\
\x43\x68\x61\x72\x74\x49\x63\x6f\x6e\x54\x69\x74\x6c\x65\x22\x3e\
\x4c\x69\x6e\x65\x20\x43\x68\x61\x72\x74\x3c\x2f\x74\x69\x74\x6c\
\x65\x3e\x20\x3c\x70\x61\x74\x68\x20\x64\x3d\x22\x4d\x33\x2c\x31\
\x36\x20\x4c\x38\x2c\x31\x31\x22\x2f\x3e\x20\x3c\x63\x69\x72\x63\
\x6c\x65\x20\x63\x78\x3d\x22\x39\x22\x20\x63\x79\x3d\x22\x31\x30\
\x22\x20\x72\x3d\x22\x31\x22\x2f\x3e\x20\x3c\x63\x69\x72\x63\x6c\
\x65\x20\x63\x78\x3d\x22\x31\x34\x22\x20\x63\x79\x3d\x22\x31\x35\
\x22\x20\x72\x3d\x22\x31\x22\x2f\x3e\x20\x3c\x70\x61\x74\x68\x20\
\x64\x3d\x22\x4d\x31\x30\x20\x31\x31\x4c\x31\x33\x20\x31\x34\x4d\
\x31\x35\x20\x31\x34\x4c\x32\x31\x20\x38\x22\x2f\x3e\x20\x3c\x2f\
\x73\x76\x67\x3e\
\x00\x00\x01\x9d\
\x3c\
\x73\x76\x67\x20\x72\x6f\x6c\x65\x3d\x22\x69\x6d\x67\x22\x20\x78\
\x6d\x6c\x6e\x73\x3d\x22\x68\x74\x74\x70\x3a\x2f\x2f\x77\x77\x77\
\x2e\x77\x33\x2e\x6f\x72\x67\x2f\x32\x30\x30\x30\x2f\x73\x76\x67\
\x22\x20\x77\x69\x64\x74\x68\x3d\x22\x33\x32\x70\x78\x22\x20\x68\
\x65\x69\x67\x68\x74\x3d\x22\x33\x32\x70\x78\x22\x20\x76\x69\x65\
\x77\x42\x6f\x78\x3d\x22\x30\x20\x30\x20\x32\x34\x20\x32\x34\x22\
\x20\x61\x72\x69\x61\x2d\x6c\x61\x62\x65\x6c\x6c\x65\x64\x62\x79\
\x3d\x22\x72\x65\x64\x6f\x49\x63\x6f\x6e\x54\x69\x74\x6c\x65\x22\
\x20\x73\x74\x72\x6f\x6b\x65\x3d\x22\x23\x30\x30\x30\x22\x20\x73\
\x74\x72\x6f\x6b\x65\x2d\x77\x69\x64\x74\x68\x3d\x22\x31\x2e\x35\
\x22\x20\x73\x74\x72\x6f\x6b\x65\x2d\x6c\x69\x6e\x65\x63\x61\x70\
\x3d\x22\x73\x71\x75\x61\x72\x65\x22\x20\x73\x74\x72\x6f\x6b\x65\
\x2d\x6c\x69\x6e\x65\x6a\x6f\x69\x6e\x3d\x22\x6d\x69\x74\x65\x72\
\x22\x20\x66\x69\x6c\x6c\x3d\x22\x6e\x6f\x6e\x65\x22\x20\x63\x6f\
\x6c\x6f\x72\x3d\x22\x23\x30\x30\x30\x22\x3e\x20\x3c\x74\x69\x74\
\x6c\x65\x20\x69\x64\x3d\x22\x72\x65\x64\x6f\x49\x63\x6f\x6e\x54\
\x69\x74\x6c\x65\x22\x3e\x52\x65\x64\x6f\x20\x6c\x61\x73\x74\x20\
\x75\x6e\x64\x6f\x6e\x65\x20\x61\x63\x74\x69\x6f\x6e\x3c\x2f\x74\
\x69\x74\x6c\x65\x3e\x20\x3c\x70\x61\x74\x68\x20\x64\x3d\x22\x4d\
\x31\x36\x20\x31\x35\x68\x35\x76\x2d\x35\x22\x2f\x3e\x20\x3c\x70\
\x61\x74\x68\x20\x64\x3d\x22\x4d\x31\x39\x20\x31\x33\x43\x31\x34\
\x20\x38\x20\x36\x2e\x34\x32\x35\x20\x38\x2e\x37\x32\x35\x20\x33\
\x20\x31\x34\x22\x2f\x3e\x20\x3c\x70\x61\x74\x68\x20\x73\x74\x72\
\x6f\x6b\x65\x2d\x6c\x69\x6e\x65\x63\x61\x70\x3d\x22\x72\x6f\x75\
\x6e\x64\x22\x20\x64\x3d\x22\x4d\x32\x31\x20\x31\x35\x6c\x2d\x32\
\x2d\x32\x22\x2f\x3e\x20\x3c\x2f\x73\x76\x67\x3e\
\x00\x00\x01\x84\
\x3c\
\x73\x76\x67\x20\x72\x6f\x6c\x65\x3d\x22\x69\x6d\x67\x22\x20\x78\
\x6d\x6c\x6e\x73\x3d\x22\x68\x74\x74\x70\x3a\x2f\x2f\x77\x77\x77\
\x2e\x77\x33\x2e\x6f\x72\x67\x2f\x32\x30\x30\x30\x2f\x73\x76\x67\
\x22\x20\x77\x69\x64\x74\x68\x3d\x22\x33\x32\x70\x78\x22\x20\x68\
\x65\x69\x67\x68\x74\x3d\x22\x33\x32\x70\x78\x22\x20\x76\x69\x65\
\x77\x42\x6f\x78\x3d\x22\x30\x20\x30\x20\x32\x34\x20\x32\x34\x22\
\x20\x61\x72\x69\x61\x2d\x6c\x61\x62\x65\x6c\x6c\x65\x64\x62\x79\
\x3d\x22\x61\x72\x72\x6f\x77\x4c\x65\x66\x74\x49\x63\x6f\x6e\x54\
\x69\x74\x6c\x65\x22\x20\x73\x74\x72\x6f\x6b\x65\x3d\x22\x23\x30\
\x30\x30\x22\x20\x73\x74\x72\x6f\x6b\x65\x2d\x77\x69\x64\x74\x68\
\x3d\x22\x31\x2e\x35\x22\x20\x73\x74\x72\x6f\x6b\x65\x2d\x6c\x69\
\x6e\x65\x63\x61\x70\x3d\x22\x73\x71\x75\x61\x72\x65\x22\x20\x73\
\x74\x72\x6f\x6b\x65\x2d\x6c\x69\x6e\x65\x6a\x6f\x69\x6e\x3d\x22\
\x6d\x69\x74\x65\x72\x22\x20\x66\x69\x6c\x6c\x3d\x22\x6e\x6f\x6e\
\x65\x22\x20\x63\x6f\x6c\x6f\x72\x3d\x22\x23\x30\x30\x30\x22\x3e\
\x20\x3c\x74\x69\x74\x6c\x65\x20\x69\x64\x3d\x22\x61\x72\x72\x6f\
\x77\x4c\x65\x66\x74\x49\x63\x6f\x6e\x54\x69\x74\x6c\x65\x22\x3e\
\x41\x72\x72\x6f\x77\x20\x4c\x65\x66\x74\x3c\x2f\x74\x69\x74\x6c\
\x65\x3e\x20\x3c\x70\x61\x74\x68\x20\x64\x3d\x22\x4d\x39\x20\x36\
\x6c\x2d\x36\x20\x36\x20\x36\x20\x36\x22\x2f\x3e\x20\x3c\x70\x61\
\x74\x68\x20\x64\x3d\x22\x4d\x32\x31\x20\x31\x32\x48\x34\x22\x2f\
\x3e\x20\x3c\x70\x61\x74\x68\x20\x73\x74\x72\x6f\x6b\x65\x2d\x6c\
\x69\x6e\x65\x63\x61\x70\x3d\x22\x72\x6f\x75\x6e\x64\x22\x20\x64\
\x3d\x22\x4d\x33\x20\x31\x32\x68\x31\x22\x2f\x3e\x20\x3c\x2f\x73\
\x76\x67\x3e\
\x00\x00\x01\x81\
\x3c\
\x73\x76\x67\x20\x72\x6f\x6c\x65\x3d\x22\x69\x6d\x67\x22\x20\x78\
\x6d\x6c\x6e\x73\x3d\x22\x68\x74\x74\x70\x3a\x2f\x2f\x77\x77\x77\
\x2e\x77\x33\x2e\x6f\x72\x67\x2f\x32\x30\x30\x30\x2f\x73\x76\x67\
\x22\x20\x77\x69\x64\x74\x68\x3d\x22\x33\x32\x70\x78\x22\x20\x68\
\x65\x69\x67\x68\x74\x3d\x22\x33\x32\x70\x78\x22\x20\x76\x69\x65\
\x77\x42\x6f\x78\x3d\x22\x30\x20\x30\x20\x32\x34\x20\x32\x34\x22\
\x20\x61\x72\x69\x61\x2d\x6c\x61\x62\x65\x6c\x6c\x65\x64\x62\x79\
\x3d\x22\x63\x6f\x6c\x6f\x75\x72\x73\x49\x63\x6f\x6e\x54\x69\x74\
\x6c\x65\x22\x20\x73\x74\x72\x6f\x6b\x65\x3d\x22\x23\x30\x30\x30\
\x22\x20\x73\x74\x72\x6f\x6b\x65\x2d\x77\x69\x64\x74\x68\x3d\x22\
\x31\x2e\x35\x22\x20\x73\x74\x72\x6f\x6b\x65\x2d\x6c\x69\x6e\x65\
\x63\x61\x70\x3d\x22\x73\x71\x75\x61\x72\x65\x22\x20\x73\x74\x72\
\x6f\x6b\x65\x2d\x6c\x69\x6e\x65\x6a\x6f\x69\x6e\x3d\x22\x6d\x69\
\x74\x65\x72\x22\x20\x66\x69\x6c\x6c\x3d\x22\x6e\x6f\x6e\x65\x22\
\x20\x63\x6f\x6c\x6f\x72\x3d\x22\x23\x30\x30\x30\x22\x3e\x20\x3c\
\x74\x69\x74\x6c\x65\x20\x69\x64\x3d\x22\x63\x6f\x6c\x6f\x75\x72\
\x73\x49\x63\x6f\x6e\x54\x69\x74\x6c\x65\x22\x3e\x43\x6f\x6c\x6f\
\x75\x72\x73\x3c\x2f\x74\x69\x74\x6c\x65\x3e\x20\x3c\x63\x69\x72\
\x63\x6c\x65\x20\x63\x78\x3d\x22\x31\x32\x22\x20\x63\x79\x3d\x22\
\x39\x22\x20\x72\x3d\x22\x35\x22\x2f\x3e\x20\x3c\x63\x69\x72\x63\
\x6c\x65\x20\x63\x78\x3d\x22\x39\x22\x20\x63\x79\x3d\x22\x31\x34\
\x22\x20\x72\x3d\x22\x35\x22\x2f\x3e\x20\x3c\x63\x69\x72\x63\x6c\
\x65\x20\x63\x78\x3d\x22\x31\x35\x22\x20\x63\x79\x3d\x22\x31\x34\
\x22\x20\x72\x3d\x22\x35\x22\x2f\x3e\x20\x3c\x2f\x73\x76\x67\x3e\
\
\x00\x00\x01\x65\
\x3c\
\x73\x76\x67\x20\x72\x6f\x6c\x65\x3d\x22\x69\x6d\x67\x22\x20\x78\
\x6d\x6c\x6e\x73\x3d\x22\x68\x74\x74\x70\x3a\x2f\x2f\x77\x77\x77\
\x2e\x77\x33\x2e\x6f\x72\x67\x2f\x32\x30\x30\x30\x2f\x73\x76\x67\
\x22\x20\x77\x69\x64\x74\x68\x3d\x22\x33\x32\x70\x78\x22\x20\x68\
\x65\x69\x67\x68\x74\x3d\x22\x33\x32\x70\x78\x22\x20\x76\x69\x65\
\x77\x42\x6f\x78\x3d\x22\x30\x20\x30\x20\x32\x34\x20\x32\x34\x22\
\x20\x61\x72\x69\x61\x2d\x6c\x61\x62\x65\x6c\x6c\x65\x64\x62\x79\
\x3d\x22\x66\x69\x6c\x65\x49\x63\x6f\x6e\x54\x69\x74\x6c\x65\x22\
\x20\x73\x74\x72\x6f\x6b\x65\x3d\x22\x23\x30\x30\x30\x22\x20\x73\
\x74\x72\x6f\x6b\x65\x2d\x77\x69\x64\x74\x68\x3d\x22\x31\x2e\x35\
\x22\x20\x73\x74\x72\x6f\x6b\x65\x2d\x6c\x69\x6e\x65\x63\x61\x70\
\x3d\x22\x73\x71\x75\x61\x72\x65\x22\x20\x73\x74\x72\x6f\x6b\x65\
\x2d\x6c\x69\x6e\x65\x6a\x6f\x69\x6e\x3d\x22\x6d\x69\x74\x65\x72\
\x22\x20\x66\x69\x6c\x6c\x3d\x22\x6e\x6f\x6e\x65\x22\x20\x63\x6f\
\x6c\x6f\x72\x3d\x22\x23\x30\x30\x30\x22\x3e\x20\x3c\x74\x69\x74\
\x6c\x65\x20\x69\x64\x3d\x22\x66\x69\x6c\x65\x49\x63\x6f\x6e\x54\
\x69\x74\x6c\x65\x22\x3e\x46\x69\x6c\x65\x3c\x2f\x74\x69\x74\x6c\
\x65\x3e\x20\x3c\x70\x61\x74\x68\x20\x73\x74\x72\x6f\x6b\x65\x2d\
\x6c\x69\x6e\x65\x63\x61\x70\x3d\x22\x72\x6f\x75\x6e\x64\x22\x20\
\x64\x3d\x22\x4d\x31\x33\x20\x33\x76\x36\x68\x36\x22\x2f\x3e\x20\
\x3c\x70\x61\x74\x68\x20\x64\x3d\x22\x4d\x31\x33\x20\x33\x6c\x36\
\x20\x36\x76\x31\x32\x48\x35\x56\x33\x7a\x22\x2f\x3e\x20\x3c\x2f\
\x73\x76\x67\x3e\
\x00\x00\x01\x87\
\x3c\
\x73\x76\x67\x20\x72\x6f\x6c\x65\x3d\x22\x69\x6d\x67\x22\x20\x78\
\x6d\x6c\x6e\x73\x3d\x22\x68\x74\x74\x70\x3a\x2f\x2f\x77\x77\x77\
\x2e\x77\x33\x2e\x6f\x72\x67\x2f\x32\x30\x30\x30\x2f\x73\x76\x67\
\x22\x20\x77\x69\x64\x74\x68\x3d\x22\x33\x32\x70\x78\x22\x20\x68\
\x65\x69\x67\x68\x74\x3d\x22\x33\x32\x70\x78\x22\x20\x76\x69\x65\
\x77\x42\x6f\x78\x3d\x22\x30\x20\x30\x20\x32\x34\x20\x32\x34\x22\
\x20\x61\x72\x69\x61\x2d\x6c\x61\x62\x65\x6c\x6c\x65\x64\x62\x79\
\x3d\x22\x63\x68\x65\x76\x72\x6f\x6e\x73\x4c\x65\x66\x74\x49\x63\
\x6f\x6e\x54\x69\x74\x6c\x65\x22\x20\x73\x74\x72\x6f\x6b\x65\x3d\
\x22\x23\x30\x30\x30\x22\x20\x73\x74\x72\x6f\x6b\x65\x2d\x77\x69\
\x64\x74\x68\x3d\x22\x31\x2e\x35\x22\x20\x73\x74\x72\x6f\x6b\x65\
\x2d\x6c\x69\x6e\x65\x63\x61\x70\x3d\x22\x73\x71\x75\x61\x72\x65\
\x22\x20\x73\x74\x72\x6f\x6b\x65\x2d\x6c\x69\x6e\x65\x6a\x6f\x69\
\x6e\x3d\x22\x6d\x69\x74\x65\x72\x22\x20\x66\x69\x6c\x6c\x3d\x22\
\x6e\x6f\x6e\x65\x22\x20\x63\x6f\x6c\x6f\x72\x3d\x22\x23\x30\x30\
\x30\x22\x3e\x20\x3c\x74\x69\x74\x6c\x65\x20\x69\x64\x3d\x22\x63\
\x68\x65\x76\x72\x6f\x6e\x73\x4c\x65\x66\x74\x49\x63\x6f\x6e\x54\
\x69\x74\x6c\x65\x22\x3e\x43\x68\x65\x76\x72\x6f\x6e\x20\x4c\x65\
\x66\x74\x3c\x2f\x74\x69\x74\x6c\x65\x3e\x20\x3c\x70\x6f\x6c\x79\
\x6c\x69\x6e\x65\x20\x70\x6f\x69\x6e\x74\x73\x3d\x22\x31\x31\x20\
\x31\x37\x20\x36\x20\x31\x32\x20\x31\x31\x20\x37\x20\x31\x31\x20\
\x37\x22\x2f\x3e\x20\x3c\x70\x6f\x6c\x79\x6c\x69\x6e\x65\x20\x70\
\x6f\x69\x6e\x74\x73\x3d\x22\x31\x37\x20\x31\x37\x20\x31\x32\x20\
\x31\x32\x20\x31\x37\x20\x37\x20\x31\x37\x20\x37\x22\x2f\x3e\x20\
\x3c\x2f\x73\x76\x67\x3e\
\x00\x00\x01\x9b\
\x3c\
\x73\x76\x67\x20\x77\x69\x64\x74\x68\x3d\x22\x33\x32\x70\x78\x22\
\x20\x68\x65\x69\x67\x68\x74\x3d\x22\x33\x32\x70\x78\x22\x20\x76\
\x69\x65\x77\x42\x6f\x78\x3d\x22\x30\x20\x30\x20\x32\x34\x20\x32\
\x34\x22\x20\x78\x6d\x6c\x6e\x73\x3d\x22\x68\x74\x74\x70\x3a\x2f\
\x2f\x77\x77\x77\x2e\x77\x33\x2e\x6f\x72\x67\x2f\x32\x30\x30\x30\
\x2f\x73\x76\x67\x22\x20\x61\x72\x69\x61\x2d\x6c\x61\x62\x65\x6c\
\x6c\x65\x64\x62\x79\x3d\x22\x61\x63\x63\x65\x73\x73\x69\x62\x69\
\x6c\x69\x74\x79\x48\x75\x6d\x61\x6e\x49\x63\x6f\x6e\x54\x69\x74\
\x6c\x65\x22\x20\x73\x74\x72\x6f\x6b\x65\x3d\x22\x23\x30\x30\x30\
\x22\x20\x73\x74\x72\x6f\x6b\x65\x2d\x77\x69\x64\x74\x68\x3d\x22\
\x31\x2e\x35\x22\x20\x73\x74\x72\x6f\x6b\x65\x2d\x6c\x69\x6e\x65\
\x63\x61\x70\x3d\x22\x73\x71\x75\x61\x72\x65\x22\x20\x73\x74\x72\
\x6f\x6b\x65\x2d\x6c\x69\x6e\x65\x6a\x6f\x69\x6e\x3d\x22\x6d\x69\
\x74\x65\x72\x22\x20\x66\x69\x6c\x6c\x3d\x22\x6e\x6f\x6e\x65\x22\
\x20\x63\x6f\x6c\x6f\x72\x3d\x22\x23\x30\x30\x30\x22\x3e\x20\x3c\
\x74\x69\x74\x6c\x65\x20\x69\x64\x3d\x22\x61\x63\x63\x65\x73\x73\
\x69\x62\x69\x6c\x69\x74\x79\x48\x75\x6d\x61\x6e\x49\x63\x6f\x6e\
\x54\x69\x74\x6c\x65\x22\x3e\x41\x63\x63\x65\x73\x73\x69\x62\x69\
\x6c\x69\x74\x79\x20\x66\x65\x61\x74\x75\x72\x65\x73\x3c\x2f\x74\
\x69\x74\x6c\x65\x3e\x20\x3c\x63\x69\x72\x63\x6c\x65\x20\x63\x78\
\x3d\x22\x31\x32\x22\x20\x63\x79\x3d\x22\x33\x22\x20\x72\x3d\x22\
\x31\x22\x2f\x3e\x20\x3c\x70\x61\x74\x68\x20\x64\x3d\x22\x4d\x31\
\x36\x20\x32\x31\x4c\x31\x32\x20\x31\x33\x4d\x31\x32\x20\x31\x33\
\x56\x37\x4d\x31\x32\x20\x31\x33\x4c\x38\x20\x32\x31\x4d\x31\x32\
\x20\x37\x4c\x31\x38\x20\x39\x4d\x31\x32\x20\x37\x4c\x36\x20\x39\
\x22\x2f\x3e\x20\x3c\x2f\x73\x76\x67\x3e\
\x00\x00\x01\xce\
\x3c\
\x73\x76\x67\x20\x72\x6f\x6c\x65\x3d\x22\x69\x6d\x67\x22\x20\x78\
\x6d\x6c\x6e\x73\x3d\x22\x68\x74\x74\x70\x3a\x2f\x2f\x77\x77\x77\
\x2e\x77\x33\x2e\x6f\x72\x67\x2f\x32\x30\x30\x30\x2f\x73\x76\x67\
\x22\x20\x77\x69\x64\x74\x68\x3d\x22\x33\x32\x70\x78\x22\x20\x68\
\x65\x69\x67\x68\x74\x3d\x22\x33\x32\x70\x78\x22\x20\x76\x69\x65\
\x77\x42\x6f\x78\x3d\x22\x30\x20\x30\x20\x32\x34\x20\x32\x34\x22\
\x20\x61\x72\x69\x61\x2d\x6c\x61\x62\x65\x6c\x6c\x65\x64\x62\x79\
\x3d\x22\x67\x6c\x61\x73\x73\x65\x73\x49\x63\x6f\x6e\x54\x69\x74\
\x6c\x65\x22\x20\x73\x74\x72\x6f\x6b\x65\x3d\x22\x23\x30\x30\x30\
\x22\x20\x73\x74\x72\x6f\x6b\x65\x2d\x77\x69\x64\x74\x68\x3d\x22\
\x31\x2e\x35\x22\x20\x73\x74\x72\x6f\x6b\x65\x2d\x6c\x69\x6e\x65\
\x63\x61\x70\x3d\x22\x73\x71\x75\x61\x72\x65\x22\x20\x73\x74\x72\
\x6f\x6b\x65\x2d\x6c\x69\x6e\x65\x6a\x6f\x69\x6e\x3d\x22\x6d\x69\
\x74\x65\x72\x22\x20\x66\x69\x6c\x6c\x3d\x22\x6e\x6f\x6e\x65\x22\
\x20\x63\x6f\x6c\x6f\x72\x3d\x22\x23\x30\x30\x30\x22\x3e\x20\x3c\
\x74\x69\x74\x6c\x65\x20\x69\x64\x3d\x22\x67\x6c\x61\x73\x73\x65\
\x73\x49\x63\x6f\x6e\x54\x69\x74\x6c\x65\x22\x3e\x47\x6c\x61\x73\
\x73\x65\x73\x3c\x2f\x74\x69\x74\x6c\x65\x3e\x20\x3c\x70\x61\x74\
\x68\x20\x73\x74\x72\x6f\x6b\x65\x2d\x6c\x69\x6e\x65\x63\x61\x70\
\x3d\x22\x72\x6f\x75\x6e\x64\x22\x20\x64\x3d\x22\x4d\x31\x34\x20\
\x31\x32\x63\x2d\x2e\x35\x39\x37\x2d\x2e\x36\x36\x37\x2d\x31\x2e\
\x32\x36\x34\x2d\x31\x2d\x32\x2d\x31\x73\x2d\x31\x2e\x34\x30\x33\
\x2e\x33\x33\x33\x2d\x32\x20\x31\x22\x2f\x3e\x20\x3c\x70\x61\x74\
\x68\x20\x64\x3d\x22\x4d\x32\x30\x20\x31\x32\x68\x32\x4d\x32\x20\
\x31\x32\x68\x32\x22\x2f\x3e\x20\x3c\x63\x69\x72\x63\x6c\x65\x20\
\x63\x78\x3d\x22\x37\x22\x20\x63\x79\x3d\x22\x31\x32\x22\x20\x72\
\x3d\x22\x33\x22\x2f\x3e\x20\x3c\x63\x69\x72\x63\x6c\x65\x20\x63\
\x78\x3d\x22\x31\x37\x22\x20\x63\x79\x3d\x22\x31\x32\x22\x20\x72\
\x3d\x22\x33\x22\x2f\x3e\x20\x3c\x2f\x73\x76\x67\x3e\
\x00\x00\x01\x54\
\x3c\
\x73\x76\x67\x20\x72\x6f\x6c\x65\x3d\x22\x69\x6d\x67\x22\x20\x78\
\x6d\x6c\x6e\x73\x3d\x22\x68\x74\x74\x70\x3a\x2f\x2f\x77\x77\x77\
\x2e\x77\x33\x2e\x6f\x72\x67\x2f\x32\x30\x30\x30\x2f\x73\x76\x67\
\x22\x20\x77\x69\x64\x74\x68\x3d\x22\x33\x32\x70\x78\x22\x20\x68\
\x65\x69\x67\x68\x74\x3d\x22\x33\x32\x70\x78\x22\x20\x76\x69\x65\
\x77\x42\x6f\x78\x3d\x22\x30\x20\x30\x20\x32\x34\x20\x32\x34\x22\
\x20\x61\x72\x69\x61\x2d\x6c\x61\x62\x65\x6c\x6c\x65\x64\x62\x79\
\x3d\x22\x62\x61\x74\x74\x65\x72\x79\x49\x63\x6f\x6e\x54\x69\x74\
\x6c\x65\x22\x20\x73\x74\x72\x6f\x6b\x65\x3d\x22\x23\x30\x30\x30\
\x22\x20\x73\x74\x72\x6f\x6b\x65\x2d\x77\x69\x64\x74\x68\x3d\x22\
\x31\x2e\x35\x22\x20\x73\x74\x72\x6f\x6b\x65\x2d\x6c\x69\x6e\x65\
\x63\x61\x70\x3d\x22\x73\x71\x75\x61\x72\x65\x22\x20\x73\x74\x72\
\x6f\x6b\x65\x2d\x6c\x69\x6e\x65\x6a\x6f\x69\x6e\x3d\x22\x6d\x69\
\x74\x65\x72\x22\x20\x66\x69\x6c\x6c\x3d\x22\x6e\x6f\x6e\x65\x22\
\x20\x63\x6f\x6c\x6f\x72\x3d\x22\x23\x30\x30\x30\x22\x3e\x20\x3c\
\x74\x69\x74\x6c\x65\x20\x69\x64\x3d\x22\x62\x61\x74\x74\x65\x72\
\x79\x49\x63\x6f\x6e\x54\x69\x74\x6c\x65\x22\x3e\x42\x61\x74\x74\
\x65\x72\x79\x3c\x2f\x74\x69\x74\x6c\x65\x3e\x20\x3c\x70\x61\x74\
\x68\x20\x64\x3d\x22\x4d\x32\x31\x20\x31\x34\x76\x2d\x34\x22\x2f\
\x3e\x20\x3c\x70\x61\x74\x68\x20\x64\x3d\x22\x4d\x32\x30\x20\x36\
\x48\x34\x76\x31\x32\x68\x31\x36\x7a\x22\x2f\x3e\x20\x3c\x2f\x73\
\x76\x67\x3e\
\x00\x00\x01\x81\
\x3c\
\x73\x76\x67\x20\x72\x6f\x6c\x65\x3d\x22\x69\x6d\x67\x22\x20\x78\
\x6d\x6c\x6e\x73\x3d\x22\x68\x74\x74\x70\x3a\x2f\x2f\x77\x77\x77\
\x2e\x77\x33\x2e\x6f\x72\x67\x2f\x32\x30\x30\x30\x2f\x73\x76\x67\
\x22\x20\x77\x69\x64\x74\x68\x3d\x22\x33\x32\x70\x78\x22\x20\x68\
\x65\x69\x67\x68\x74\x3d\x22\x33\x32\x70\x78\x22\x20\x76\x69\x65\
\x77\x42\x6f\x78\x3d\x22\x30\x20\x30\x20\x32\x34\x20\x32\x34\x22\
\x20\x61\x72\x69\x61\x2d\x6c\x61\x62\x65\x6c\x6c\x65\x64\x62\x79\
\x3d\x22\x73\x75\x69\x74\x63\x61\x73\x65\x41\x6c\x74\x49\x63\x6f\
\x6e\x54\x69\x74\x6c\x65\x22\x20\x73\x74\x72\x6f\x6b\x65\x3d\x22\
\x23\x30\x30\x30\x22\x20\x73\x74\x72\x6f\x6b\x65\x2d\x77\x69\x64\
\x74\x68\x3d\x22\x31\x2e\x35\x22\x20\x73\x74\x72\x6f\x6b\x65\x2d\
\x6c\x69\x6e\x65\x63\x61\x70\x3d\x22\x73\x71\x75\x61\x72\x65\x22\
\x20\x73\x74\x72\x6f\x6b\x65\x2d\x6c\x69\x6e\x65\x6a\x6f\x69\x6e\
\x3d\x22\x6d\x69\x74\x65\x72\x22\x20\x66\x69\x6c\x6c\x3d\x22\x6e\
\x6f\x6e\x65\x22\x20\x63\x6f\x6c\x6f\x72\x3d\x22\x23\x30\x30\x30\
\x22\x3e\x20\x3c\x74\x69\x74\x6c\x65\x20\x69\x64\x3d\x22\x73\x75\
\x69\x74\x63\x61\x73\x65\x41\x6c\x74\x49\x63\x6f\x6e\x54\x69\x74\
\x6c\x65\x22\x3e\x53\x75\x69\x74\x63\x61\x73\x65\x3c\x2f\x74\x69\
\x74\x6c\x65\x3e\x20\x3c\x72\x65\x63\x74\x20\x77\x69\x64\x74\x68\
\x3d\x22\x31\x38\x22\x20\x68\x65\x69\x67\x68\x74\x3d\x22\x31\x32\
\x22\x20\x78\x3d\x22\x33\x22\x20\x79\x3d\x22\x37\x22\x2f\x3e\x20\
\x3c\x72\x65\x63\x74\x20\x77\x69\x64\x74\x68\x3d\x22\x38\x22\x20\
\x68\x65\x69\x67\x68\x74\x3d\x22\x31\x36\x22\x20\x78\x3d\x22\x38\
\x22\x20\x79\x3d\x22\x33\x22\x2f\x3e\x20\x3c\x2f\x73\x76\x67\x3e\
\
\x00\x00\x01\x8d\
\x3c\
\x73\x76\x67\x20\x72\x6f\x6c\x65\x3d\x22\x69\x6d\x67\x22\x20\x78\
\x6d\x6c\x6e\x73\x3d\x22\x68\x74\x74\x70\x3a\x2f\x2f\x77\x77\x77\
\x2e\x77\x33\x2e\x6f\x72\x67\x2f\x32\x30\x30\x30\x2f\x73\x76\x67\
\x22\x20\x77\x69\x64\x74\x68\x3d\x22\x33\x32\x70\x78\x22\x20\x68\
\x65\x69\x67\x68\x74\x3d\x22\x33\x32\x70\x78\x22\x20\x76\x69\x65\
\x77\x42\x6f\x78\x3d\x22\x30\x20\x30\x20\x32\x34\x20\x32\x34\x22\
\x20\x61\x72\x69\x61\x2d\x6c\x61\x62\x65\x6c\x6c\x65\x64\x62\x79\
\x3d\x22\x6d\x61\x70\x49\x63\x6f\x6e\x54\x69\x74\x6c\x65\x22\x20\
\x73\x74\x72\x6f\x6b\x65\x3d\x22\x23\x30\x30\x30\x22\x20\x73\x74\
\x72\x6f\x6b\x65\x2d\x77\x69\x64\x74\x68\x3d\x22\x31\x2e\x35\x22\
\x20\x73\x74\x72\x6f\x6b\x65\x2d\x6c\x69\x6e\x65\x63\x61\x70\x3d\
\x22\x73\x71\x75\x61\x72\x65\x22\x20\x73\x74\x72\x6f\x6b\x65\x2d\
\x6c\x69\x6e\x65\x6a\x6f\x69\x6e\x3d\x22\x6d\x69\x74\x65\x72\x22\
\x20\x66\x69\x6c\x6c\x3d\x22\x6e\x6f\x6e\x65\x22\x20\x63\x6f\x6c\
\x6f\x72\x3d\x22\x23\x30\x30\x30\x22\x3e\x20\x3c\x74\x69\x74\x6c\
\x65\x20\x69\x64\x3d\x22\x6d\x61\x70\x49\x63\x6f\x6e\x54\x69\x74\
\x6c\x65\x22\x3e\x4d\x61\x70\x3c\x2f\x74\x69\x74\x6c\x65\x3e\x20\
\x3c\x70\x6f\x6c\x79\x67\x6f\x6e\x20\x70\x6f\x69\x6e\x74\x73\x3d\
\x22\x39\x20\x31\x39\x20\x33\x20\x32\x31\x20\x33\x20\x35\x20\x39\
\x20\x33\x20\x31\x35\x20\x35\x20\x32\x31\x20\x33\x20\x32\x31\x20\
\x31\x38\x2e\x35\x20\x31\x35\x20\x32\x31\x22\x2f\x3e\x20\x3c\x70\
\x61\x74\x68\x20\x73\x74\x72\x6f\x6b\x65\x2d\x6c\x69\x6e\x65\x63\
\x61\x70\x3d\x22\x72\x6f\x75\x6e\x64\x22\x20\x64\x3d\x22\x4d\x31\
\x35\x20\x35\x4c\x31\x35\x20\x32\x31\x4d\x39\x20\x33\x4c\x39\x20\
\x31\x39\x22\x2f\x3e\x20\x3c\x2f\x73\x76\x67\x3e\
\x00\x00\x01\xbb\
\x3c\
\x73\x76\x67\x20\x72\x6f\x6c\x65\x3d\x22\x69\x6d\x67\x22\x20\x78\
\x6d\x6c\x6e\x73\x3d\x22\x68\x74\x74\x70\x3a\x2f\x2f\x77\x77\x77\
\x2e\x77\x33\x2e\x6f\x72\x67\x2f\x32\x30\x30\x30\x2f\x73\x76\x67\
\x22\x20\x77\x69\x64\x74\x68\x3d\x22\x33\x32\x70\x78\x22\x20\x68\
\x65\x69\x67\x68\x74\x3d\x22\x33\x32\x70\x78\x22\x20\x76\x69\x65\
\x77\x42\x6f\x78\x3d\x22\x30\x20\x30\x20\x32\x34\x20\x32\x34\x22\
\x20\x61\x72\x69\x61\x2d\x6c\x61\x62\x65\x6c\x6c\x65\x64\x62\x79\
\x3d\x22\x6d\x69\x6e\x69\x6d\x69\x73\x65\x49\x63\x6f\x6e\x54\x69\
\x74\x6c\x65\x22\x20\x73\x74\x72\x6f\x6b\x65\x3d\x22\x23\x30\x30\
\x30\x22\x20\x73\x74\x72\x6f\x6b\x65\x2d\x77\x69\x64\x74\x68\x3d\
\x22\x31\x2e\x35\x22\x20\x73\x74\x72\x6f\x6b\x65\x2d\x6c\x69\x6e\
\x65\x63\x61\x70\x3d\x22\x73\x71\x75\x61\x72\x65\x22\x20\x73\x74\
\x72\x6f\x6b\x65\x2d\x6c\x69\x6e\x65\x6a\x6f\x69\x6e\x3d\x22\x6d\
\x69\x74\x65\x72\x22\x20\x66\x69\x6c\x6c\x3d\x22\x6e\x6f\x6e\x65\
\x22\x20\x63\x6f\x6c\x6f\x72\x3d\x22\x23\x30\x30\x30\x22\x3e\x20\
\x3c\x74\x69\x74\x6c\x65\x20\x69\x64\x3d\x22\x6d\x69\x6e\x69\x6d\
\x69\x73\x65\x49\x63\x6f\x6e\x54\x69\x74\x6c\x65\x22\x3e\x4d\x69\
\x6e\x69\x6d\x69\x73\x65\x20\x56\x69\x65\x77\x3c\x2f\x74\x69\x74\
\x6c\x65\x3e\x20\x3c\x70\x6f\x6c\x79\x6c\x69\x6e\x65\x20\x70\x6f\
\x69\x6e\x74\x73\x3d\x22\x38\x20\x33\x20\x38\x20\x38\x20\x33\x20\
\x38\x22\x2f\x3e\x20\x3c\x70\x6f\x6c\x79\x6c\x69\x6e\x65\x20\x70\
\x6f\x69\x6e\x74\x73\x3d\x22\x32\x31\x20\x38\x20\x31\x36\x20\x38\
\x20\x31\x36\x20\x33\x22\x2f\x3e\x20\x3c\x70\x6f\x6c\x79\x6c\x69\
\x6e\x65\x20\x70\x6f\x69\x6e\x74\x73\x3d\x22\x33\x20\x31\x36\x20\
\x38\x20\x31\x36\x20\x38\x20\x32\x31\x22\x2f\x3e\x20\x3c\x70\x6f\
\x6c\x79\x6c\x69\x6e\x65\x20\x70\x6f\x69\x6e\x74\x73\x3d\x22\x31\
\x36\x20\x32\x31\x20\x31\x36\x20\x31\x36\x20\x32\x31\x20\x31\x36\
\x22\x2f\x3e\x20\x3c\x2f\x73\x76\x67\x3e\
\x00\x00\x02\xd3\
\x3c\
\x73\x76\x67\x20\x72\x6f\x6c\x65\x3d\x22\x69\x6d\x67\x22\x20\x78\
\x6d\x6c\x6e\x73\x3d\x22\x68\x74\x74\x70\x3a\x2f\x2f\x77\x77\x77\
\x2e\x77\x33\x2e\x6f\x72\x67\x2f\x32\x30\x30\x30\x2f\x73\x76\x67\
\x22\x20\x77\x69\x64\x74\x68\x3d\x22\x33\x32\x70\x78\x22\x20\x68\
\x65\x69\x67\x68\x74\x3d\x22\x33\x32\x70\x78\x22\x20\x76\x69\x65\
\x77\x42\x6f\x78\x3d\x22\x30\x20\x30\x20\x32\x34\x20\x32\x34\x22\
\x20\x61\x72\x69\x61\x2d\x6c\x61\x62\x65\x6c\x6c\x65\x64\x62\x79\
\x3d\x22\x6c\x69\x6e\x6b\x49\x63\x6f\x6e\x54\x69\x74\x6c\x65\x22\
\x20\x73\x74\x72\x6f\x6b\x65\x3d\x22\x23\x30\x30\x30\x22\x20\x73\
\x74\x72\x6f\x6b\x65\x2d\x77\x69\x64\x74\x68\x3d\x22\x31\x2e\x35\
\x22\x20\x73\x74\x72\x6f\x6b\x65\x2d\x6c\x69\x6e\x65\x63\x61\x70\
\x3d\x22\x73\x71\x75\x61\x72\x65\x22\x20\x73\x74\x72\x6f\x6b\x65\
\x2d\x6c\x69\x6e\x65\x6a\x6f\x69\x6e\x3d\x22\x6d\x69\x74\x65\x72\
\x22\x20\x66\x69\x6c\x6c\x3d\x22\x6e\x6f\x6e\x65\x22\x20\x63\x6f\
\x6c\x6f\x72\x3d\x22\x23\x30\x30\x30\x22\x3e\x20\x3c\x74\x69\x74\
\x6c\x65\x20\x69\x64\x3d\x22\x6c\x69\x6e\x6b\x49\x63\x6f\x6e\x54\
\x69\x74\x6c\x65\x22\x3e\x4c\x69\x6e\x6b\x3c\x2f\x74\x69\x74\x6c\
\x65\x3e\x20\x3c\x70\x61\x74\x68\x20\x64\x3d\x22\x4d\x31\x30\x2e\
\x35\x2c\x31\x35\x2e\x35\x20\x43\x31\x30\x2e\x35\x2c\x31\x34\x2e\
\x31\x36\x36\x36\x36\x36\x37\x20\x31\x30\x2e\x35\x2c\x31\x33\x2e\
\x35\x20\x31\x30\x2e\x35\x2c\x31\x33\x2e\x35\x20\x43\x31\x30\x2e\
\x35\x2c\x31\x30\x2e\x37\x33\x38\x35\x37\x36\x33\x20\x38\x2e\x32\
\x36\x31\x34\x32\x33\x37\x35\x2c\x38\x2e\x35\x20\x35\x2e\x35\x2c\
\x38\x2e\x35\x20\x43\x32\x2e\x37\x33\x38\x35\x37\x36\x32\x35\x2c\
\x38\x2e\x35\x20\x30\x2e\x35\x2c\x31\x30\x2e\x37\x33\x38\x35\x37\
\x36\x33\x20\x30\x2e\x35\x2c\x31\x33\x2e\x35\x20\x43\x30\x2e\x35\
\x2c\x31\x33\x2e\x35\x20\x30\x2e\x35\x2c\x31\x34\x2e\x31\x36\x36\
\x36\x36\x36\x37\x20\x30\x2e\x35\x2c\x31\x35\x2e\x35\x22\x20\x74\
\x72\x61\x6e\x73\x66\x6f\x72\x6d\x3d\x22\x72\x6f\x74\x61\x74\x65\
\x28\x2d\x39\x30\x20\x35\x2e\x35\x20\x31\x32\x29\x22\x2f\x3e\x20\
\x3c\x70\x61\x74\x68\x20\x64\x3d\x22\x4d\x38\x2c\x31\x32\x20\x4c\
\x31\x36\x2c\x31\x32\x22\x2f\x3e\x20\x3c\x70\x61\x74\x68\x20\x64\
\x3d\x22\x4d\x32\x33\x2e\x35\x2c\x31\x35\x2e\x35\x20\x43\x32\x33\
\x2e\x35\x2c\x31\x34\x2e\x31\x36\x36\x36\x36\x36\x37\x20\x32\x33\
\x2e\x35\x2c\x31\x33\x2e\x35\x20\x32\x33\x2e\x35\x2c\x31\x33\x2e\
\x35\x20\x43\x32\x33\x2e\x35\x2c\x31\x30\x2e\x37\x33\x38\x35\x37\
\x36\x33\x20\x32\x31\x2e\x32\x36\x31\x34\x32\x33\x37\x2c\x38\x2e\
\x35\x20\x31\x38\x2e\x35\x2c\x38\x2e\x35\x20\x43\x31\x35\x2e\x37\
\x33\x38\x35\x37\x36\x33\x2c\x38\x2e\x35\x20\x31\x33\x2e\x35\x2c\
\x31\x30\x2e\x37\x33\x38\x35\x37\x36\x33\x20\x31\x33\x2e\x35\x2c\
\x31\x33\x2e\x35\x20\x43\x31\x33\x2e\x35\x2c\x31\x33\x2e\x35\x20\
\x31\x33\x2e\x35\x2c\x31\x34\x2e\x31\x36\x36\x36\x36\x36\x37\x20\
\x31\x33\x2e\x35\x2c\x31\x35\x2e\x35\x22\x20\x74\x72\x61\x6e\x73\
\x66\x6f\x72\x6d\x3d\x22\x72\x6f\x74\x61\x74\x65\x28\x39\x30\x20\
\x31\x38\x2e\x35\x20\x31\x32\x29\x22\x2f\x3e\x20\x3c\x2f\x73\x76\
\x67\x3e\
\x00\x00\x01\x75\
\x3c\
\x73\x76\x67\x20\x72\x6f\x6c\x65\x3d\x22\x69\x6d\x67\x22\x20\x78\
\x6d\x6c\x6e\x73\x3d\x22\x68\x74\x74\x70\x3a\x2f\x2f\x77\x77\x77\
\x2e\x77\x33\x2e\x6f\x72\x67\x2f\x32\x30\x30\x30\x2f\x73\x76\x67\
\x22\x20\x77\x69\x64\x74\x68\x3d\x22\x33\x32\x70\x78\x22\x20\x68\
\x65\x69\x67\x68\x74\x3d\x22\x33\x32\x70\x78\x22\x20\x76\x69\x65\
\x77\x42\x6f\x78\x3d\x22\x30\x20\x30\x20\x32\x34\x20\x32\x34\x22\
\x20\x61\x72\x69\x61\x2d\x6c\x61\x62\x65\x6c\x6c\x65\x64\x62\x79\
\x3d\x22\x63\x6f\x6e\x74\x72\x6f\x6c\x73\x49\x63\x6f\x6e\x54\x69\
\x74\x6c\x65\x22\x20\x73\x74\x72\x6f\x6b\x65\x3d\x22\x23\x30\x30\
\x30\x22\x20\x73\x74\x72\x6f\x6b\x65\x2d\x77\x69\x64\x74\x68\x3d\
\x22\x31\x2e\x35\x22\x20\x73\x74\x72\x6f\x6b\x65\x2d\x6c\x69\x6e\
\x65\x63\x61\x70\x3d\x22\x73\x71\x75\x61\x72\x65\x22\x20\x73\x74\
\x72\x6f\x6b\x65\x2d\x6c\x69\x6e\x65\x6a\x6f\x69\x6e\x3d\x22\x6d\
\x69\x74\x65\x72\x22\x20\x66\x69\x6c\x6c\x3d\x22\x6e\x6f\x6e\x65\
\x22\x20\x63\x6f\x6c\x6f\x72\x3d\x22\x23\x30\x30\x30\x22\x3e\x20\
\x3c\x74\x69\x74\x6c\x65\x20\x69\x64\x3d\x22\x63\x6f\x6e\x74\x72\
\x6f\x6c\x73\x49\x63\x6f\x6e\x54\x69\x74\x6c\x65\x22\x3e\x43\x6f\
\x6e\x74\x72\x6f\x6c\x6c\x65\x72\x73\x3c\x2f\x74\x69\x74\x6c\x65\
\x3e\x20\x3c\x70\x61\x74\x68\x20\x64\x3d\x22\x4d\x31\x37\x20\x31\
\x38\x4c\x31\x37\x20\x36\x4d\x31\x32\x20\x31\x38\x4c\x31\x32\x20\
\x36\x4d\x37\x20\x31\x38\x4c\x37\x20\x36\x4d\x35\x20\x38\x4c\x39\
\x20\x38\x4d\x31\x30\x20\x31\x36\x4c\x31\x34\x20\x31\x36\x4d\x31\
\x35\x20\x31\x32\x4c\x31\x39\x20\x31\x32\x22\x2f\x3e\x20\x3c\x2f\
\x73\x76\x67\x3e\
\x00\x00\x01\x82\
\x3c\
\x73\x76\x67\x20\x72\x6f\x6c\x65\x3d\x22\x69\x6d\x67\x22\x20\x78\
\x6d\x6c\x6e\x73\x3d\x22\x68\x74\x74\x70\x3a\x2f\x2f\x77\x77\x77\
\x2e\x77\x33\x2e\x6f\x72\x67\x2f\x32\x30\x30\x30\x2f\x73\x76\x67\
\x22\x20\x77\x69\x64\x74\x68\x3d\x22\x33\x32\x70\x78\x22\x20\x68\
\x65\x69\x67\x68\x74\x3d\x22\x33\x32\x70\x78\x22\x20\x76\x69\x65\
\x77\x42\x6f\x78\x3d\x22\x30\x20\x30\x20\x32\x34\x20\x32\x34\x22\
\x20\x61\x72\x69\x61\x2d\x6c\x61\x62\x65\x6c\x6c\x65\x64\x62\x79\
\x3d\x22\x61\x6c\x61\x72\x6d\x49\x63\x6f\x6e\x54\x69\x74\x6c\x65\
\x22\x20\x73\x74\x72\x6f\x6b\x65\x3d\x22\x23\x30\x30\x30\x22\x20\
\x73\x74\x72\x6f\x6b\x65\x2d\x77\x69\x64\x74\x68\x3d\x22\x31\x2e\
\x35\x22\x20\x73\x74\x72\x6f\x6b\x65\x2d\x6c\x69\x6e\x65\x63\x61\
\x70\x3d\x22\x73\x71\x75\x61\x72\x65\x22\x20\x73\x74\x72\x6f\x6b\
\x65\x2d\x6c\x69\x6e\x65\x6a\x6f\x69\x6e\x3d\x22\x6d\x69\x74\x65\
\x72\x22\x20\x66\x69\x6c\x6c\x3d\x22\x6e\x6f\x6e\x65\x22\x20\x63\
\x6f\x6c\x6f\x72\x3d\x22\x23\x30\x30\x30\x22\x3e\x20\x3c\x74\x69\
\x74\x6c\x65\x20\x69\x64\x3d\x22\x61\x6c\x61\x72\x6d\x49\x63\x6f\
\x6e\x54\x69\x74\x6c\x65\x22\x3e\x41\x6c\x61\x72\x6d\x3c\x2f\x74\
\x69\x74\x6c\x65\x3e\x20\x3c\x63\x69\x72\x63\x6c\x65\x20\x63\x78\
\x3d\x22\x31\x32\x22\x20\x63\x79\x3d\x22\x31\x33\x22\x20\x72\x3d\
\x22\x39\x22\x2f\x3e\x20\x3c\x70\x6f\x6c\x79\x6c\x69\x6e\x65\x20\
\x70\x6f\x69\x6e\x74\x73\x3d\x22\x31\x32\x20\x38\x20\x31\x32\x20\
\x31\x33\x20\x31\x35\x20\x31\x36\x22\x2f\x3e\x20\x3c\x70\x61\x74\
\x68\x20\x64\x3d\x22\x4d\x31\x39\x20\x32\x4c\x32\x32\x20\x35\x4d\
\x32\x20\x35\x4c\x35\x20\x32\x22\x2f\x3e\x20\x3c\x2f\x73\x76\x67\
\x3e\
\x00\x00\x01\xc7\
\x3c\
\x73\x76\x67\x20\x77\x69\x64\x74\x68\x3d\x22\x33\x32\x70\x78\x22\
\x20\x68\x65\x69\x67\x68\x74\x3d\x22\x33\x32\x70\x78\x22\x20\x76\
\x69\x65\x77\x42\x6f\x78\x3d\x22\x30\x20\x30\x20\x32\x34\x20\x32\
\x34\x22\x20\x66\x69\x6c\x6c\x3d\x22\x6e\x6f\x6e\x65\x22\x20\x78\
\x6d\x6c\x6e\x73\x3d\x22\x68\x74\x74\x70\x3a\x2f\x2f\x77\x77\x77\
\x2e\x77\x33\x2e\x6f\x72\x67\x2f\x32\x30\x30\x30\x2f\x73\x76\x67\
\x22\x20\x61\x72\x69\x61\x2d\x6c\x61\x62\x65\x6c\x6c\x65\x64\x62\
\x79\x3d\x22\x70\x65\x6e\x49\x63\x6f\x6e\x54\x69\x74\x6c\x65\x22\
\x20\x73\x74\x72\x6f\x6b\x65\x3d\x22\x23\x30\x30\x30\x22\x20\x73\
\x74\x72\x6f\x6b\x65\x2d\x77\x69\x64\x74\x68\x3d\x22\x31\x2e\x35\
\x22\x20\x73\x74\x72\x6f\x6b\x65\x2d\x6c\x69\x6e\x65\x63\x61\x70\
\x3d\x22\x73\x71\x75\x61\x72\x65\x22\x20\x73\x74\x72\x6f\x6b\x65\
\x2d\x6c\x69\x6e\x65\x6a\x6f\x69\x6e\x3d\x22\x6d\x69\x74\x65\x72\
\x22\x20\x63\x6f\x6c\x6f\x72\x3d\x22\x23\x30\x30\x30\x22\x3e\x20\
\x3c\x74\x69\x74\x6c\x65\x20\x69\x64\x3d\x22\x70\x65\x6e\x49\x63\
\x6f\x6e\x54\x69\x74\x6c\x65\x22\x3e\x50\x65\x6e\x3c\x2f\x74\x69\
\x74\x6c\x65\x3e\x20\x3c\x70\x61\x74\x68\x20\x64\x3d\x22\x4d\x31\
\x34\x20\x31\x37\x2e\x35\x38\x34\x43\x31\x35\x2e\x37\x36\x35\x39\
\x20\x31\x36\x2e\x38\x31\x32\x34\x20\x31\x37\x20\x31\x35\x2e\x30\
\x35\x30\x33\x20\x31\x37\x20\x31\x33\x43\x31\x37\x20\x39\x20\x31\
\x32\x20\x33\x20\x31\x32\x20\x33\x43\x31\x32\x20\x33\x20\x37\x20\
\x39\x20\x37\x20\x31\x33\x43\x37\x20\x31\x35\x2e\x30\x35\x30\x33\
\x20\x38\x2e\x32\x33\x34\x31\x20\x31\x36\x2e\x38\x31\x32\x34\x20\
\x31\x30\x20\x31\x37\x2e\x35\x38\x34\x56\x32\x31\x48\x31\x34\x56\
\x31\x37\x2e\x35\x38\x34\x5a\x22\x2f\x3e\x20\x3c\x70\x61\x74\x68\
\x20\x64\x3d\x22\x4d\x31\x32\x20\x33\x56\x31\x31\x22\x2f\x3e\x20\
\x3c\x63\x69\x72\x63\x6c\x65\x20\x63\x78\x3d\x22\x31\x32\x22\x20\
\x63\x79\x3d\x22\x31\x32\x22\x20\x72\x3d\x22\x31\x22\x2f\x3e\x20\
\x3c\x2f\x73\x76\x67\x3e\
\x00\x00\x01\x60\
\x3c\
\x73\x76\x67\x20\x72\x6f\x6c\x65\x3d\x22\x69\x6d\x67\x22\x20\x78\
\x6d\x6c\x6e\x73\x3d\x22\x68\x74\x74\x70\x3a\x2f\x2f\x77\x77\x77\
\x2e\x77\x33\x2e\x6f\x72\x67\x2f\x32\x30\x30\x30\x2f\x73\x76\x67\
\x22\x20\x77\x69\x64\x74\x68\x3d\x22\x33\x32\x70\x78\x22\x20\x68\
\x65\x69\x67\x68\x74\x3d\x22\x33\x32\x70\x78\x22\x20\x76\x69\x65\
\x77\x42\x6f\x78\x3d\x22\x30\x20\x30\x20\x32\x34\x20\x32\x34\x22\
\x20\x61\x72\x69\x61\x2d\x6c\x61\x62\x65\x6c\x6c\x65\x64\x62\x79\
\x3d\x22\x63\x68\x61\x74\x41\x6c\x74\x49\x63\x6f\x6e\x54\x69\x74\
\x6c\x65\x22\x20\x73\x74\x72\x6f\x6b\x65\x3d\x22\x23\x30\x30\x30\
\x22\x20\x73\x74\x72\x6f\x6b\x65\x2d\x77\x69\x64\x74\x68\x3d\x22\
\x31\x2e\x35\x22\x20\x73\x74\x72\x6f\x6b\x65\x2d\x6c\x69\x6e\x65\
\x63\x61\x70\x3d\x22\x73\x71\x75\x61\x72\x65\x22\x20\x73\x74\x72\
\x6f\x6b\x65\x2d\x6c\x69\x6e\x65\x6a\x6f\x69\x6e\x3d\x22\x6d\x69\
\x74\x65\x72\x22\x20\x66\x69\x6c\x6c\x3d\x22\x6e\x6f\x6e\x65\x22\
\x20\x63\x6f\x6c\x6f\x72\x3d\x22\x23\x30\x30\x30\x22\x3e\x20\x3c\
\x74\x69\x74\x6c\x65\x20\x69\x64\x3d\x22\x63\x68\x61\x74\x41\x6c\
\x74\x49\x63\x6f\x6e\x54\x69\x74\x6c\x65\x22\x3e\x43\x68\x61\x74\
\x3c\x2f\x74\x69\x74\x6c\x65\x3e\x20\x3c\x70\x61\x74\x68\x20\x64\
\x3d\x22\x4d\x31\x33\x2c\x31\x37\x20\x4c\x37\x2c\x32\x31\x20\x4c\
\x37\x2c\x31\x37\x20\x4c\x33\x2c\x31\x37\x20\x4c\x33\x2c\x34\x20\
\x4c\x32\x31\x2c\x34\x20\x4c\x32\x31\x2c\x31\x37\x20\x4c\x31\x33\
\x2c\x31\x37\x20\x5a\x22\x2f\x3e\x20\x3c\x2f\x73\x76\x67\x3e\
\x00\x00\x02\x33\
\x3c\
\x73\x76\x67\x20\x77\x69\x64\x74\x68\x3d\x22\x33\x32\x70\x78\x22\
\x20\x68\x65\x69\x67\x68\x74\x3d\x22\x33\x32\x70\x78\x22\x20\x76\
\x69\x65\x77\x42\x6f\x78\x3d\x22\x30\x20\x30\x20\x32\x34\x20\x32\
\x34\x22\x20\x66\x69\x6c\x6c\x3d\x22\x6e\x6f\x6e\x65\x22\x20\x78\
\x6d\x6c\x6e\x73\x3d\x22\x68\x74\x74\x70\x3a\x2f\x2f\x77\x77\x77\
\x2e\x77\x33\x2e\x6f\x72\x67\x2f\x32\x30\x30\x30\x2f\x73\x76\x67\
\x22\x20\x61\x72\x69\x61\x2d\x6c\x61\x62\x65\x6c\x6c\x65\x64\x62\
\x79\x3d\x22\x74\x72\x61\x69\x6e\x49\x63\x6f\x6e\x54\x69\x74\x6c\
\x65\x22\x20\x73\x74\x72\x6f\x6b\x65\x3d\x22\x23\x30\x30\x30\x22\
\x20\x73\x74\x72\x6f\x6b\x65\x2d\x77\x69\x64\x74\x68\x3d\x22\x31\
\x2e\x35\x22\x20\x73\x74\x72\x6f\x6b\x65\x2d\x6c\x69\x6e\x65\x63\
\x61\x70\x3d\x22\x73\x71\x75\x61\x72\x65\x22\x20\x73\x74\x72\x6f\
\x6b\x65\x2d\x6c\x69\x6e\x65\x6a\x6f\x69\x6e\x3d\x22\x6d\x69\x74\
\x65\x72\x22\x20\x63\x6f\x6c\x6f\x72\x3d\x22\x23\x30\x30\x30\x22\
\x3e\x20\x3c\x74\x69\x74\x6c\x65\x20\x69\x64\x3d\x22\x74\x72\x61\
\x69\x6e\x49\x63\x6f\x6e\x54\x69\x74\x6c\x65\x22\x3e\x54\x72\x61\
\x69\x6e\x3c\x2f\x74\x69\x74\x6c\x65\x3e\x20\x3c\x70\x61\x74\x68\
\x20\x64\x3d\x22\x4d\x36\x20\x31\x31\x56\x36\x4d\x36\x20\x31\x31\
\x56\x31\x36\x43\x36\x20\x31\x36\x2e\x35\x35\x32\x33\x20\x36\x2e\
\x34\x34\x37\x37\x32\x20\x31\x37\x20\x37\x20\x31\x37\x48\x38\x4d\
\x36\x20\x31\x31\x48\x31\x32\x4d\x36\x20\x36\x43\x36\x2e\x36\x36\
\x36\x36\x37\x20\x35\x2e\x33\x33\x33\x33\x33\x20\x38\x20\x34\x20\
\x31\x32\x20\x34\x43\x31\x36\x20\x34\x20\x31\x37\x2e\x33\x33\x33\
\x33\x20\x35\x2e\x33\x33\x33\x33\x33\x20\x31\x38\x20\x36\x4d\x36\
\x20\x36\x48\x31\x32\x4d\x31\x38\x20\x36\x56\x31\x31\x4d\x31\x38\
\x20\x36\x48\x31\x32\x4d\x31\x38\x20\x31\x31\x56\x31\x36\x43\x31\
\x38\x20\x31\x36\x2e\x35\x35\x32\x33\x20\x31\x37\x2e\x35\x35\x32\
\x33\x20\x31\x37\x20\x31\x37\x20\x31\x37\x48\x31\x36\x4d\x31\x38\
\x20\x31\x31\x48\x31\x32\x4d\x38\x20\x31\x37\x48\x31\x36\x4d\x38\
\x20\x31\x37\x4c\x37\x20\x32\x30\x48\x31\x37\x4c\x31\x36\x20\x31\
\x37\x4d\x31\x32\x20\x31\x31\x56\x36\x22\x2f\x3e\x20\x3c\x63\x69\
\x72\x63\x6c\x65\x20\x63\x78\x3d\x22\x39\x22\x20\x63\x79\x3d\x22\
\x31\x34\x22\x20\x72\x3d\x22\x31\x22\x2f\x3e\x20\x3c\x63\x69\x72\
\x63\x6c\x65\x20\x63\x78\x3d\x22\x31\x35\x22\x20\x63\x79\x3d\x22\
\x31\x34\x22\x20\x72\x3d\x22\x31\x22\x2f\x3e\x20\x3c\x2f\x73\x76\
\x67\x3e\
\x00\x00\x01\x54\
\x3c\
\x73\x76\x67\x20\x72\x6f\x6c\x65\x3d\x22\x69\x6d\x67\x22\x20\x78\
\x6d\x6c\x6e\x73\x3d\x22\x68\x74\x74\x70\x3a\x2f\x2f\x77\x77\x77\
\x2e\x77\x33\x2e\x6f\x72\x67\x2f\x32\x30\x30\x30\x2f\x73\x76\x67\
\x22\x20\x77\x69\x64\x74\x68\x3d\x22\x33\x32\x70\x78\x22\x20\x68\
\x65\x69\x67\x68\x74\x3d\x22\x33\x32\x70\x78\x22\x20\x76\x69\x65\
\x77\x42\x6f\x78\x3d\x22\x30\x20\x30\x20\x32\x34\x20\x32\x34\x22\
\x20\x61\x72\x69\x61\x2d\x6c\x61\x62\x65\x6c\x6c\x65\x64\x62\x79\
\x3d\x22\x72\x65\x63\x74\x61\x6e\x67\x6c\x65\x49\x63\x6f\x6e\x54\
\x69\x74\x6c\x65\x22\x20\x73\x74\x72\x6f\x6b\x65\x3d\x22\x23\x30\
\x30\x30\x22\x20\x73\x74\x72\x6f\x6b\x65\x2d\x77\x69\x64\x74\x68\
\x3d\x22\x31\x2e\x35\x22\x20\x73\x74\x72\x6f\x6b\x65\x2d\x6c\x69\
\x6e\x65\x63\x61\x70\x3d\x22\x73\x71\x75\x61\x72\x65\x22\x20\x73\
\x74\x72\x6f\x6b\x65\x2d\x6c\x69\x6e\x65\x6a\x6f\x69\x6e\x3d\x22\
\x6d\x69\x74\x65\x72\x22\x20\x66\x69\x6c\x6c\x3d\x22\x6e\x6f\x6e\
\x65\x22\x20\x63\x6f\x6c\x6f\x72\x3d\x22\x23\x30\x30\x30\x22\x3e\
\x20\x3c\x74\x69\x74\x6c\x65\x20\x69\x64\x3d\x22\x72\x65\x63\x74\
\x61\x6e\x67\x6c\x65\x49\x63\x6f\x6e\x54\x69\x74\x6c\x65\x22\x3e\
\x52\x65\x63\x74\x61\x6e\x67\x6c\x65\x3c\x2f\x74\x69\x74\x6c\x65\
\x3e\x20\x3c\x72\x65\x63\x74\x20\x77\x69\x64\x74\x68\x3d\x22\x31\
\x38\x22\x20\x68\x65\x69\x67\x68\x74\x3d\x22\x31\x38\x22\x20\x78\
\x3d\x22\x33\x22\x20\x79\x3d\x22\x33\x22\x2f\x3e\x20\x3c\x2f\x73\
\x76\x67\x3e\
\x00\x00\x02\x89\
\x3c\
\x73\x76\x67\x20\x72\x6f\x6c\x65\x3d\x22\x69\x6d\x67\x22\x20\x78\
\x6d\x6c\x6e\x73\x3d\x22\x68\x74\x74\x70\x3a\x2f\x2f\x77\x77\x77\
\x2e\x77\x33\x2e\x6f\x72\x67\x2f\x32\x30\x30\x30\x2f\x73\x76\x67\
\x22\x20\x77\x69\x64\x74\x68\x3d\x22\x33\x32\x70\x78\x22\x20\x68\
\x65\x69\x67\x68\x74\x3d\x22\x33\x32\x70\x78\x22\x20\x76\x69\x65\
\x77\x42\x6f\x78\x3d\x22\x30\x20\x30\x20\x32\x34\x20\x32\x34\x22\
\x20\x61\x72\x69\x61\x2d\x6c\x61\x62\x65\x6c\x6c\x65\x64\x62\x79\
\x3d\x22\x73\x75\x6e\x49\x63\x6f\x6e\x54\x69\x74\x6c\x65\x22\x20\
\x73\x74\x72\x6f\x6b\x65\x3d\x22\x23\x30\x30\x30\x22\x20\x73\x74\
\x72\x6f\x6b\x65\x2d\x77\x69\x64\x74\x68\x3d\x22\x31\x2e\x35\x22\
\x20\x73\x74\x72\x6f\x6b\x65\x2d\x6c\x69\x6e\x65\x63\x61\x70\x3d\
\x22\x73\x71\x75\x61\x72\x65\x22\x20\x73\x74\x72\x6f\x6b\x65\x2d\
\x6c\x69\x6e\x65\x6a\x6f\x69\x6e\x3d\x22\x6d\x69\x74\x65\x72\x22\
\x20\x66\x69\x6c\x6c\x3d\x22\x6e\x6f\x6e\x65\x22\x20\x63\x6f\x6c\
\x6f\x72\x3d\x22\x23\x30\x30\x30\x22\x3e\x20\x3c\x74\x69\x74\x6c\
\x65\x20\x69\x64\x3d\x22\x73\x75\x6e\x49\x63\x6f\x6e\x54\x69\x74\
\x6c\x65\x22\x3e\x53\x75\x6e\x3c\x2f\x74\x69\x74\x6c\x65\x3e\x20\
\x3c\x63\x69\x72\x63\x6c\x65\x20\x63\x78\x3d\x22\x31\x32\x22\x20\
\x63\x79\x3d\x22\x31\x32\x22\x20\x72\x3d\x22\x34\x22\x2f\x3e\x20\
\x3c\x70\x61\x74\x68\x20\x64\x3d\x22\x4d\x31\x32\x20\x35\x4c\x31\
\x32\x20\x33\x4d\x31\x32\x20\x32\x31\x4c\x31\x32\x20\x31\x39\x4d\
\x35\x20\x31\x32\x4c\x32\x20\x31\x32\x20\x35\x20\x31\x32\x7a\x4d\
\x32\x32\x20\x31\x32\x4c\x31\x39\x20\x31\x32\x20\x32\x32\x20\x31\
\x32\x7a\x4d\x31\x36\x2e\x39\x34\x39\x37\x34\x37\x35\x20\x37\x2e\
\x30\x35\x30\x32\x35\x32\x35\x33\x4c\x31\x39\x2e\x30\x37\x31\x30\
\x36\x37\x38\x20\x34\x2e\x39\x32\x38\x39\x33\x32\x31\x39\x20\x31\
\x36\x2e\x39\x34\x39\x37\x34\x37\x35\x20\x37\x2e\x30\x35\x30\x32\
\x35\x32\x35\x33\x7a\x4d\x34\x2e\x39\x32\x38\x39\x33\x32\x31\x39\
\x20\x31\x39\x2e\x30\x37\x31\x30\x36\x37\x38\x4c\x37\x2e\x30\x35\
\x30\x32\x35\x32\x35\x33\x20\x31\x36\x2e\x39\x34\x39\x37\x34\x37\
\x35\x20\x34\x2e\x39\x32\x38\x39\x33\x32\x31\x39\x20\x31\x39\x2e\
\x30\x37\x31\x30\x36\x37\x38\x7a\x4d\x31\x36\x2e\x39\x34\x39\x37\
\x34\x37\x35\x20\x31\x36\x2e\x39\x34\x39\x37\x34\x37\x35\x4c\x31\
\x39\x2e\x30\x37\x31\x30\x36\x37\x38\x20\x31\x39\x2e\x30\x37\x31\
\x30\x36\x37\x38\x20\x31\x36\x2e\x39\x34\x39\x37\x34\x37\x35\x20\
\x31\x36\x2e\x39\x34\x39\x37\x34\x37\x35\x7a\x4d\x34\x2e\x39\x32\
\x38\x39\x33\x32\x31\x39\x20\x34\x2e\x39\x32\x38\x39\x33\x32\x31\
\x39\x4c\x37\x2e\x30\x35\x30\x32\x35\x32\x35\x33\x20\x37\x2e\x30\
\x35\x30\x32\x35\x32\x35\x33\x20\x34\x2e\x39\x32\x38\x39\x33\x32\
\x31\x39\x20\x34\x2e\x39\x32\x38\x39\x33\x32\x31\x39\x7a\x22\x2f\
\x3e\x20\x3c\x2f\x73\x76\x67\x3e\
\x00\x00\x02\x19\
\x3c\
\x73\x76\x67\x20\x72\x6f\x6c\x65\x3d\x22\x69\x6d\x67\x22\x20\x78\
\x6d\x6c\x6e\x73\x3d\x22\x68\x74\x74\x70\x3a\x2f\x2f\x77\x77\x77\
\x2e\x77\x33\x2e\x6f\x72\x67\x2f\x32\x30\x30\x30\x2f\x73\x76\x67\
\x22\x20\x77\x69\x64\x74\x68\x3d\x22\x33\x32\x70\x78\x22\x20\x68\
\x65\x69\x67\x68\x74\x3d\x22\x33\x32\x70\x78\x22\x20\x76\x69\x65\
\x77\x42\x6f\x78\x3d\x22\x30\x20\x30\x20\x32\x34\x20\x32\x34\x22\
\x20\x61\x72\x69\x61\x2d\x6c\x61\x62\x65\x6c\x6c\x65\x64\x62\x79\
\x3d\x22\x72\x6f\x74\x61\x74\x65\x49\x63\x6f\x6e\x54\x69\x74\x6c\
\x65\x22\x20\x73\x74\x72\x6f\x6b\x65\x3d\x22\x23\x30\x30\x30\x22\
\x20\x73\x74\x72\x6f\x6b\x65\x2d\x77\x69\x64\x74\x68\x3d\x22\x31\
\x2e\x35\x22\x20\x73\x74\x72\x6f\x6b\x65\x2d\x6c\x69\x6e\x65\x63\
\x61\x70\x3d\x22\x73\x71\x75\x61\x72\x65\x22\x20\x73\x74\x72\x6f\
\x6b\x65\x2d\x6c\x69\x6e\x65\x6a\x6f\x69\x6e\x3d\x22\x6d\x69\x74\
\x65\x72\x22\x20\x66\x69\x6c\x6c\x3d\x22\x6e\x6f\x6e\x65\x22\x20\
\x63\x6f\x6c\x6f\x72\x3d\x22\x23\x30\x30\x30\x22\x3e\x20\x3c\x74\
\x69\x74\x6c\x65\x20\x69\x64\x3d\x22\x72\x6f\x74\x61\x74\x65\x49\
\x63\x6f\x6e\x54\x69\x74\x6c\x65\x22\x3e\x52\x6f\x74\x61\x74\x65\
\x3c\x2f\x74\x69\x74\x6c\x65\x3e\x20\x3c\x70\x61\x74\x68\x20\x64\
\x3d\x22\x4d\x32\x32\x20\x31\x32\x6c\x2d\x33\x20\x33\x2d\x33\x2d\
\x33\x22\x2f\x3e\x20\x3c\x70\x61\x74\x68\x20\x64\x3d\x22\x4d\x32\
\x20\x31\x32\x6c\x33\x2d\x33\x20\x33\x20\x33\x22\x2f\x3e\x20\x3c\
\x70\x61\x74\x68\x20\x64\x3d\x22\x4d\x31\x39\x2e\x30\x31\x36\x20\
\x31\x34\x76\x2d\x31\x2e\x39\x35\x41\x37\x2e\x30\x35\x20\x37\x2e\
\x30\x35\x20\x30\x20\x30\x20\x30\x20\x38\x20\x36\x2e\x32\x32\x22\
\x2f\x3e\x20\x3c\x70\x61\x74\x68\x20\x64\x3d\x22\x4d\x31\x36\x2e\
\x30\x31\x36\x20\x31\x37\x2e\x38\x34\x35\x41\x37\x2e\x30\x35\x20\
\x37\x2e\x30\x35\x20\x30\x20\x30\x20\x31\x20\x35\x20\x31\x32\x2e\
\x30\x31\x35\x56\x31\x30\x22\x2f\x3e\x20\x3c\x70\x61\x74\x68\x20\
\x73\x74\x72\x6f\x6b\x65\x2d\x6c\x69\x6e\x65\x63\x61\x70\x3d\x22\
\x72\x6f\x75\x6e\x64\x22\x20\x64\x3d\x22\x4d\x35\x20\x31\x30\x56\
\x39\x22\x2f\x3e\x20\x3c\x70\x61\x74\x68\x20\x73\x74\x72\x6f\x6b\
\x65\x2d\x6c\x69\x6e\x65\x63\x61\x70\x3d\x22\x72\x6f\x75\x6e\x64\
\x22\x20\x64\x3d\x22\x4d\x31\x39\x20\x31\x35\x76\x2d\x31\x22\x2f\
\x3e\x20\x3c\x2f\x73\x76\x67\x3e\
\x00\x00\x01\xb7\
\x3c\
\x73\x76\x67\x20\x77\x69\x64\x74\x68\x3d\x22\x33\x32\x70\x78\x22\
\x20\x68\x65\x69\x67\x68\x74\x3d\x22\x33\x32\x70\x78\x22\x20\x76\
\x69\x65\x77\x42\x6f\x78\x3d\x22\x30\x20\x30\x20\x32\x34\x20\x32\
\x34\x22\x20\x66\x69\x6c\x6c\x3d\x22\x6e\x6f\x6e\x65\x22\x20\x78\
\x6d\x6c\x6e\x73\x3d\x22\x68\x74\x74\x70\x3a\x2f\x2f\x77\x77\x77\
\x2e\x77\x33\x2e\x6f\x72\x67\x2f\x32\x30\x30\x30\x2f\x73\x76\x67\
\x22\x20\x61\x72\x69\x61\x2d\x6c\x61\x62\x65\x6c\x6c\x65\x64\x62\
\x79\x3d\x22\x64\x69\x61\x6d\x6f\x6e\x64\x49\x63\x6f\x6e\x54\x69\
\x74\x6c\x65\x22\x20\x73\x74\x72\x6f\x6b\x65\x3d\x22\x23\x30\x30\
\x30\x22\x20\x73\x74\x72\x6f\x6b\x65\x2d\x77\x69\x64\x74\x68\x3d\
\x22\x31\x2e\x35\x22\x20\x73\x74\x72\x6f\x6b\x65\x2d\x6c\x69\x6e\
\x65\x63\x61\x70\x3d\x22\x73\x71\x75\x61\x72\x65\x22\x20\x73\x74\
\x72\x6f\x6b\x65\x2d\x6c\x69\x6e\x65\x6a\x6f\x69\x6e\x3d\x22\x6d\
\x69\x74\x65\x72\x22\x20\x63\x6f\x6c\x6f\x72\x3d\x22\x23\x30\x30\
\x30\x22\x3e\x20\x3c\x74\x69\x74\x6c\x65\x20\x69\x64\x3d\x22\x64\
\x69\x61\x6d\x6f\x6e\x64\x49\x63\x6f\x6e\x54\x69\x74\x6c\x65\x22\
\x3e\x44\x69\x61\x6d\x6f\x6e\x64\x3c\x2f\x74\x69\x74\x6c\x65\x3e\
\x20\x3c\x70\x61\x74\x68\x20\x64\x3d\x22\x4d\x31\x32\x20\x32\x30\
\x4c\x33\x20\x31\x31\x4d\x31\x32\x20\x32\x30\x4c\x32\x31\x20\x31\
\x31\x4d\x31\x32\x20\x32\x30\x4c\x38\x20\x31\x31\x4d\x31\x32\x20\
\x32\x30\x4c\x31\x36\x20\x31\x31\x4d\x33\x20\x31\x31\x4c\x37\x20\
\x35\x4d\x33\x20\x31\x31\x48\x38\x4d\x37\x20\x35\x4c\x38\x20\x31\
\x31\x4d\x37\x20\x35\x48\x31\x32\x4d\x31\x37\x20\x35\x4c\x32\x31\
\x20\x31\x31\x4d\x31\x37\x20\x35\x4c\x31\x36\x20\x31\x31\x4d\x31\
\x37\x20\x35\x48\x31\x32\x4d\x32\x31\x20\x31\x31\x48\x31\x36\x4d\
\x38\x20\x31\x31\x48\x31\x36\x4d\x38\x20\x31\x31\x4c\x31\x32\x20\
\x35\x4d\x31\x36\x20\x31\x31\x4c\x31\x32\x20\x35\x22\x2f\x3e\x20\
\x3c\x2f\x73\x76\x67\x3e\
\x00\x00\x01\x66\
\x3c\
\x73\x76\x67\x20\x72\x6f\x6c\x65\x3d\x22\x69\x6d\x67\x22\x20\x78\
\x6d\x6c\x6e\x73\x3d\x22\x68\x74\x74\x70\x3a\x2f\x2f\x77\x77\x77\
\x2e\x77\x33\x2e\x6f\x72\x67\x2f\x32\x30\x30\x30\x2f\x73\x76\x67\
\x22\x20\x77\x69\x64\x74\x68\x3d\x22\x33\x32\x70\x78\x22\x20\x68\
\x65\x69\x67\x68\x74\x3d\x22\x33\x32\x70\x78\x22\x20\x76\x69\x65\
\x77\x42\x6f\x78\x3d\x22\x30\x20\x30\x20\x32\x34\x20\x32\x34\x22\
\x20\x61\x72\x69\x61\x2d\x6c\x61\x62\x65\x6c\x6c\x65\x64\x62\x79\
\x3d\x22\x63\x69\x72\x63\x6c\x65\x4f\x6b\x49\x63\x6f\x6e\x54\x69\
\x74\x6c\x65\x22\x20\x73\x74\x72\x6f\x6b\x65\x3d\x22\x23\x30\x30\
\x30\x22\x20\x73\x74\x72\x6f\x6b\x65\x2d\x77\x69\x64\x74\x68\x3d\
\x22\x31\x2e\x35\x22\x20\x73\x74\x72\x6f\x6b\x65\x2d\x6c\x69\x6e\
\x65\x63\x61\x70\x3d\x22\x73\x71\x75\x61\x72\x65\x22\x20\x73\x74\
\x72\x6f\x6b\x65\x2d\x6c\x69\x6e\x65\x6a\x6f\x69\x6e\x3d\x22\x6d\
\x69\x74\x65\x72\x22\x20\x66\x69\x6c\x6c\x3d\x22\x6e\x6f\x6e\x65\
\x22\x20\x63\x6f\x6c\x6f\x72\x3d\x22\x23\x30\x30\x30\x22\x3e\x20\
\x3c\x74\x69\x74\x6c\x65\x20\x69\x64\x3d\x22\x63\x69\x72\x63\x6c\
\x65\x4f\x6b\x49\x63\x6f\x6e\x54\x69\x74\x6c\x65\x22\x3e\x4f\x4b\
\x3c\x2f\x74\x69\x74\x6c\x65\x3e\x20\x3c\x70\x6f\x6c\x79\x6c\x69\
\x6e\x65\x20\x70\x6f\x69\x6e\x74\x73\x3d\x22\x37\x20\x31\x33\x20\
\x31\x30\x20\x31\x36\x20\x31\x37\x20\x39\x22\x2f\x3e\x20\x3c\x63\
\x69\x72\x63\x6c\x65\x20\x63\x78\x3d\x22\x31\x32\x22\x20\x63\x79\
\x3d\x22\x31\x32\x22\x20\x72\x3d\x22\x31\x30\x22\x2f\x3e\x20\x3c\
\x2f\x73\x76\x67\x3e\
\x00\x00\x01\xb6\
\x3c\
\x73\x76\x67\x20\x77\x69\x64\x74\x68\x3d\x22\x33\x32\x70\x78\x22\
\x20\x68\x65\x69\x67\x68\x74\x3d\x22\x33\x32\x70\x78\x22\x20\x76\
\x69\x65\x77\x42\x6f\x78\x3d\x22\x30\x20\x30\x20\x32\x34\x20\x32\
\x34\x22\x20\x78\x6d\x6c\x6e\x73\x3d\x22\x68\x74\x74\x70\x3a\x2f\
\x2f\x77\x77\x77\x2e\x77\x33\x2e\x6f\x72\x67\x2f\x32\x30\x30\x30\
\x2f\x73\x76\x67\x22\x20\x61\x72\x69\x61\x2d\x6c\x61\x62\x65\x6c\
\x6c\x65\x64\x62\x79\x3d\x22\x65\x79\x65\x43\x72\x6f\x73\x73\x65\
\x64\x49\x63\x6f\x6e\x54\x69\x74\x6c\x65\x22\x20\x73\x74\x72\x6f\
\x6b\x65\x3d\x22\x23\x30\x30\x30\x22\x20\x73\x74\x72\x6f\x6b\x65\
\x2d\x77\x69\x64\x74\x68\x3d\x22\x31\x2e\x35\x22\x20\x73\x74\x72\
\x6f\x6b\x65\x2d\x6c\x69\x6e\x65\x63\x61\x70\x3d\x22\x73\x71\x75\
\x61\x72\x65\x22\x20\x73\x74\x72\x6f\x6b\x65\x2d\x6c\x69\x6e\x65\
\x6a\x6f\x69\x6e\x3d\x22\x6d\x69\x74\x65\x72\x22\x20\x66\x69\x6c\
\x6c\x3d\x22\x6e\x6f\x6e\x65\x22\x20\x63\x6f\x6c\x6f\x72\x3d\x22\
\x23\x30\x30\x30\x22\x3e\x20\x3c\x74\x69\x74\x6c\x65\x20\x69\x64\
\x3d\x22\x65\x79\x65\x43\x72\x6f\x73\x73\x65\x64\x49\x63\x6f\x6e\
\x54\x69\x74\x6c\x65\x22\x3e\x48\x69\x64\x64\x65\x6e\x20\x28\x63\
\x72\x6f\x73\x73\x65\x64\x20\x65\x79\x65\x29\x3c\x2f\x74\x69\x74\
\x6c\x65\x3e\x20\x3c\x70\x61\x74\x68\x20\x64\x3d\x22\x4d\x32\x32\
\x20\x31\x32\x43\x32\x32\x20\x31\x32\x20\x31\x39\x20\x31\x38\x20\
\x31\x32\x20\x31\x38\x43\x35\x20\x31\x38\x20\x32\x20\x31\x32\x20\
\x32\x20\x31\x32\x43\x32\x20\x31\x32\x20\x35\x20\x36\x20\x31\x32\
\x20\x36\x43\x31\x39\x20\x36\x20\x32\x32\x20\x31\x32\x20\x32\x32\
\x20\x31\x32\x5a\x22\x2f\x3e\x20\x3c\x63\x69\x72\x63\x6c\x65\x20\
\x63\x78\x3d\x22\x31\x32\x22\x20\x63\x79\x3d\x22\x31\x32\x22\x20\
\x72\x3d\x22\x33\x22\x2f\x3e\x20\x3c\x70\x61\x74\x68\x20\x64\x3d\
\x22\x4d\x33\x20\x32\x31\x4c\x32\x30\x20\x34\x22\x2f\x3e\x20\x3c\
\x2f\x73\x76\x67\x3e\
\x00\x00\x01\x61\
\x3c\
\x73\x76\x67\x20\x72\x6f\x6c\x65\x3d\x22\x69\x6d\x67\x22\x20\x78\
\x6d\x6c\x6e\x73\x3d\x22\x68\x74\x74\x70\x3a\x2f\x2f\x77\x77\x77\
\x2e\x77\x33\x2e\x6f\x72\x67\x2f\x32\x30\x30\x30\x2f\x73\x76\x67\
\x22\x20\x77\x69\x64\x74\x68\x3d\x22\x33\x32\x70\x78\x22\x20\x68\
\x65\x69\x67\x68\x74\x3d\x22\x33\x32\x70\x78\x22\x20\x76\x69\x65\
\x77\x42\x6f\x78\x3d\x22\x30\x20\x30\x20\x32\x34\x20\x32\x34\x22\
\x20\x61\x72\x69\x61\x2d\x6c\x61\x62\x65\x6c\x6c\x65\x64\x62\x79\
\x3d\x22\x61\x6c\x69\x67\x6e\x4c\x65\x66\x74\x49\x63\x6f\x6e\x54\
\x69\x74\x6c\x65\x22\x20\x73\x74\x72\x6f\x6b\x65\x3d\x22\x23\x30\
\x30\x30\x22\x20\x73\x74\x72\x6f\x6b\x65\x2d\x77\x69\x64\x74\x68\
\x3d\x22\x31\x2e\x35\x22\x20\x73\x74\x72\x6f\x6b\x65\x2d\x6c\x69\
\x6e\x65\x63\x61\x70\x3d\x22\x73\x71\x75\x61\x72\x65\x22\x20\x73\
\x74\x72\x6f\x6b\x65\x2d\x6c\x69\x6e\x65\x6a\x6f\x69\x6e\x3d\x22\
\x6d\x69\x74\x65\x72\x22\x20\x66\x69\x6c\x6c\x3d\x22\x6e\x6f\x6e\
\x65\x22\x20\x63\x6f\x6c\x6f\x72\x3d\x22\x23\x30\x30\x30\x22\x3e\
\x20\x3c\x74\x69\x74\x6c\x65\x20\x69\x64\x3d\x22\x61\x6c\x69\x67\
\x6e\x4c\x65\x66\x74\x49\x63\x6f\x6e\x54\x69\x74\x6c\x65\x22\x3e\
\x41\x6c\x69\x67\x6e\x20\x4c\x65\x66\x74\x3c\x2f\x74\x69\x74\x6c\
\x65\x3e\x20\x3c\x70\x61\x74\x68\x20\x64\x3d\x22\x4d\x36\x20\x31\
\x30\x4c\x31\x34\x20\x31\x30\x4d\x36\x20\x36\x4c\x31\x38\x20\x36\
\x4d\x36\x20\x31\x34\x4c\x31\x38\x20\x31\x34\x4d\x36\x20\x31\x38\
\x4c\x31\x34\x20\x31\x38\x22\x2f\x3e\x20\x3c\x2f\x73\x76\x67\x3e\
\
\x00\x00\x01\x36\
\x3c\
\x73\x76\x67\x20\x72\x6f\x6c\x65\x3d\x22\x69\x6d\x67\x22\x20\x78\
\x6d\x6c\x6e\x73\x3d\x22\x68\x74\x74\x70\x3a\x2f\x2f\x77\x77\x77\
\x2e\x77\x33\x2e\x6f\x72\x67\x2f\x32\x30\x30\x30\x2f\x73\x76\x67\
\x22\x20\x77\x69\x64\x74\x68\x3d\x22\x33\x32\x70\x78\x22\x20\x68\
\x65\x69\x67\x68\x74\x3d\x22\x33\x32\x70\x78\x22\x20\x76\x69\x65\
\x77\x42\x6f\x78\x3d\x22\x30\x20\x30\x20\x32\x34\x20\x32\x34\x22\
\x20\x61\x72\x69\x61\x2d\x6c\x61\x62\x65\x6c\x6c\x65\x64\x62\x79\
\x3d\x22\x6d\x69\x6e\x75\x73\x49\x63\x6f\x6e\x54\x69\x74\x6c\x65\
\x22\x20\x73\x74\x72\x6f\x6b\x65\x3d\x22\x23\x30\x30\x30\x22\x20\
\x73\x74\x72\x6f\x6b\x65\x2d\x77\x69\x64\x74\x68\x3d\x22\x31\x2e\
\x35\x22\x20\x73\x74\x72\x6f\x6b\x65\x2d\x6c\x69\x6e\x65\x63\x61\
\x70\x3d\x22\x73\x71\x75\x61\x72\x65\x22\x20\x73\x74\x72\x6f\x6b\
\x65\x2d\x6c\x69\x6e\x65\x6a\x6f\x69\x6e\x3d\x22\x6d\x69\x74\x65\
\x72\x22\x20\x66\x69\x6c\x6c\x3d\x22\x6e\x6f\x6e\x65\x22\x20\x63\
\x6f\x6c\x6f\x72\x3d\x22\x23\x30\x30\x30\x22\x3e\x20\x3c\x74\x69\
\x74\x6c\x65\x20\x69\x64\x3d\x22\x6d\x69\x6e\x75\x73\x49\x63\x6f\
\x6e\x54\x69\x74\x6c\x65\x22\x3e\x4d\x69\x6e\x75\x73\x3c\x2f\x74\
\x69\x74\x6c\x65\x3e\x20\x3c\x70\x61\x74\x68\x20\x64\x3d\x22\x4d\
\x32\x30\x2c\x31\x32\x20\x4c\x34\x2c\x31\x32\x22\x2f\x3e\x20\x3c\
\x2f\x73\x76\x67\x3e\
\x00\x00\x01\xff\
\x3c\
\x73\x76\x67\x20\x72\x6f\x6c\x65\x3d\x22\x69\x6d\x67\x22\x20\x78\
\x6d\x6c\x6e\x73\x3d\x22\x68\x74\x74\x70\x3a\x2f\x2f\x77\x77\x77\
\x2e\x77\x33\x2e\x6f\x72\x67\x2f\x32\x30\x30\x30\x2f\x73\x76\x67\
\x22\x20\x77\x69\x64\x74\x68\x3d\x22\x33\x32\x70\x78\x22\x20\x68\
\x65\x69\x67\x68\x74\x3d\x22\x33\x32\x70\x78\x22\x20\x76\x69\x65\
\x77\x42\x6f\x78\x3d\x22\x30\x20\x30\x20\x32\x34\x20\x32\x34\x22\
\x20\x61\x72\x69\x61\x2d\x6c\x61\x62\x65\x6c\x6c\x65\x64\x62\x79\
\x3d\x22\x76\x6f\x6c\x75\x6d\x65\x4c\x6f\x75\x64\x49\x63\x6f\x6e\
\x54\x69\x74\x6c\x65\x22\x20\x73\x74\x72\x6f\x6b\x65\x3d\x22\x23\
\x30\x30\x30\x22\x20\x73\x74\x72\x6f\x6b\x65\x2d\x77\x69\x64\x74\
\x68\x3d\x22\x31\x2e\x35\x22\x20\x73\x74\x72\x6f\x6b\x65\x2d\x6c\
\x69\x6e\x65\x63\x61\x70\x3d\x22\x73\x71\x75\x61\x72\x65\x22\x20\
\x73\x74\x72\x6f\x6b\x65\x2d\x6c\x69\x6e\x65\x6a\x6f\x69\x6e\x3d\
\x22\x6d\x69\x74\x65\x72\x22\x20\x66\x69\x6c\x6c\x3d\x22\x6e\x6f\
\x6e\x65\x22\x20\x63\x6f\x6c\x6f\x72\x3d\x22\x23\x30\x30\x30\x22\
\x3e\x20\x3c\x74\x69\x74\x6c\x65\x20\x69\x64\x3d\x22\x76\x6f\x6c\
\x75\x6d\x65\x4c\x6f\x75\x64\x49\x63\x6f\x6e\x54\x69\x74\x6c\x65\
\x22\x3e\x56\x6f\x6c\x75\x6d\x65\x20\x4c\x6f\x75\x64\x3c\x2f\x74\
\x69\x74\x6c\x65\x3e\x20\x3c\x70\x61\x74\x68\x20\x64\x3d\x22\x4d\
\x31\x33\x20\x35\x76\x31\x34\x6c\x2d\x35\x2d\x34\x48\x33\x56\x39\
\x68\x35\x7a\x22\x2f\x3e\x20\x3c\x70\x61\x74\x68\x20\x73\x74\x72\
\x6f\x6b\x65\x2d\x6c\x69\x6e\x65\x63\x61\x70\x3d\x22\x72\x6f\x75\
\x6e\x64\x22\x20\x64\x3d\x22\x4d\x31\x33\x20\x31\x34\x63\x31\x2e\
\x35\x2d\x31\x20\x31\x2e\x35\x2d\x33\x20\x30\x2d\x34\x22\x2f\x3e\
\x20\x3c\x70\x61\x74\x68\x20\x64\x3d\x22\x4d\x31\x36\x20\x31\x36\
\x43\x31\x38\x2e\x30\x38\x35\x38\x32\x35\x33\x20\x31\x33\x2e\x39\
\x31\x34\x31\x37\x34\x37\x20\x31\x38\x2e\x30\x38\x35\x38\x32\x35\
\x33\x20\x31\x30\x2e\x30\x38\x35\x38\x32\x35\x33\x20\x31\x36\x20\
\x38\x4d\x31\x38\x20\x31\x39\x43\x32\x31\x2e\x39\x38\x35\x35\x32\
\x20\x31\x35\x2e\x30\x31\x34\x34\x38\x20\x32\x32\x2e\x30\x30\x37\
\x36\x38\x30\x33\x20\x39\x2e\x30\x30\x37\x36\x38\x30\x33\x33\x20\
\x31\x38\x20\x35\x22\x2f\x3e\x20\x3c\x2f\x73\x76\x67\x3e\
\x00\x00\x01\x94\
\x3c\
\x73\x76\x67\x20\x72\x6f\x6c\x65\x3d\x22\x69\x6d\x67\x22\x20\x78\
\x6d\x6c\x6e\x73\x3d\x22\x68\x74\x74\x70\x3a\x2f\x2f\x77\x77\x77\
\x2e\x77\x33\x2e\x6f\x72\x67\x2f\x32\x30\x30\x30\x2f\x73\x76\x67\
\x22\x20\x77\x69\x64\x74\x68\x3d\x22\x33\x32\x70\x78\x22\x20\x68\
\x65\x69\x67\x68\x74\x3d\x22\x33\x32\x70\x78\x22\x20\x76\x69\x65\
\x77\x42\x6f\x78\x3d\x22\x30\x20\x30\x20\x32\x34\x20\x32\x34\x22\
\x20\x61\x72\x69\x61\x2d\x6c\x61\x62\x65\x6c\x6c\x65\x64\x62\x79\
\x3d\x22\x61\x72\x72\x6f\x77\x52\x69\x67\x68\x74\x54\x6f\x70\x49\
\x63\x6f\x6e\x54\x69\x74\x6c\x65\x22\x20\x73\x74\x72\x6f\x6b\x65\
\x3d\x22\x23\x30\x30\x30\x22\x20\x73\x74\x72\x6f\x6b\x65\x2d\x77\
\x69\x64\x74\x68\x3d\x22\x31\x2e\x35\x22\x20\x73\x74\x72\x6f\x6b\
\x65\x2d\x6c\x69\x6e\x65\x63\x61\x70\x3d\x22\x73\x71\x75\x61\x72\
\x65\x22\x20\x73\x74\x72\x6f\x6b\x65\x2d\x6c\x69\x6e\x65\x6a\x6f\
\x69\x6e\x3d\x22\x6d\x69\x74\x65\x72\x22\x20\x66\x69\x6c\x6c\x3d\
\x22\x6e\x6f\x6e\x65\x22\x20\x63\x6f\x6c\x6f\x72\x3d\x22\x23\x30\
\x30\x30\x22\x3e\x20\x3c\x74\x69\x74\x6c\x65\x20\x69\x64\x3d\x22\
\x61\x72\x72\x6f\x77\x52\x69\x67\x68\x74\x54\x6f\x70\x49\x63\x6f\
\x6e\x54\x69\x74\x6c\x65\x22\x3e\x41\x72\x72\x6f\x77\x20\x52\x69\
\x67\x68\x74\x20\x54\x6f\x70\x3c\x2f\x74\x69\x74\x6c\x65\x3e\x20\
\x3c\x70\x61\x74\x68\x20\x64\x3d\x22\x4d\x31\x39\x20\x31\x33\x56\
\x35\x68\x2d\x38\x22\x2f\x3e\x20\x3c\x70\x61\x74\x68\x20\x73\x74\
\x72\x6f\x6b\x65\x2d\x6c\x69\x6e\x65\x63\x61\x70\x3d\x22\x72\x6f\
\x75\x6e\x64\x22\x20\x64\x3d\x22\x4d\x31\x39\x20\x35\x6c\x2d\x31\
\x20\x31\x22\x2f\x3e\x20\x3c\x70\x61\x74\x68\x20\x64\x3d\x22\x4d\
\x31\x38\x20\x36\x4c\x35\x20\x31\x39\x22\x2f\x3e\x20\x3c\x2f\x73\
\x76\x67\x3e\
\x00\x00\x01\x5f\
\x3c\
\x73\x76\x67\x20\x72\x6f\x6c\x65\x3d\x22\x69\x6d\x67\x22\x20\x78\
\x6d\x6c\x6e\x73\x3d\x22\x68\x74\x74\x70\x3a\x2f\x2f\x77\x77\x77\
\x2e\x77\x33\x2e\x6f\x72\x67\x2f\x32\x30\x30\x30\x2f\x73\x76\x67\
\x22\x20\x77\x69\x64\x74\x68\x3d\x22\x33\x32\x70\x78\x22\x20\x68\
\x65\x69\x67\x68\x74\x3d\x22\x33\x32\x70\x78\x22\x20\x76\x69\x65\
\x77\x42\x6f\x78\x3d\x22\x30\x20\x30\x20\x32\x34\x20\x32\x34\x22\
\x20\x61\x72\x69\x61\x2d\x6c\x61\x62\x65\x6c\x6c\x65\x64\x62\x79\
\x3d\x22\x6f\x63\x74\x61\x67\x6f\x6e\x49\x63\x6f\x6e\x54\x69\x74\
\x6c\x65\x22\x20\x73\x74\x72\x6f\x6b\x65\x3d\x22\x23\x30\x30\x30\
\x22\x20\x73\x74\x72\x6f\x6b\x65\x2d\x77\x69\x64\x74\x68\x3d\x22\
\x31\x2e\x35\x22\x20\x73\x74\x72\x6f\x6b\x65\x2d\x6c\x69\x6e\x65\
\x63\x61\x70\x3d\x22\x73\x71\x75\x61\x72\x65\x22\x20\x73\x74\x72\
\x6f\x6b\x65\x2d\x6c\x69\x6e\x65\x6a\x6f\x69\x6e\x3d\x22\x6d\x69\
\x74\x65\x72\x22\x20\x66\x69\x6c\x6c\x3d\x22\x6e\x6f\x6e\x65\x22\
\x20\x63\x6f\x6c\x6f\x72\x3d\x22\x23\x30\x30\x30\x22\x3e\x20\x3c\
\x74\x69\x74\x6c\x65\x20\x69\x64\x3d\x22\x6f\x63\x74\x61\x67\x6f\
\x6e\x49\x63\x6f\x6e\x54\x69\x74\x6c\x65\x22\x3e\x4f\x63\x74\x61\
\x67\x6f\x6e\x3c\x2f\x74\x69\x74\x6c\x65\x3e\x20\x3c\x70\x6f\x6c\
\x79\x67\x6f\x6e\x20\x70\x6f\x69\x6e\x74\x73\x3d\x22\x31\x36\x20\
\x33\x20\x32\x31\x20\x38\x20\x32\x31\x20\x31\x36\x20\x31\x36\x20\
\x32\x31\x20\x38\x20\x32\x31\x20\x33\x20\x31\x36\x20\x33\x20\x38\
\x20\x38\x20\x33\x22\x2f\x3e\x20\x3c\x2f\x73\x76\x67\x3e\
\x00\x00\x02\x03\
\x3c\
\x73\x76\x67\x20\x72\x6f\x6c\x65\x3d\x22\x69\x6d\x67\x22\x20\x78\
\x6d\x6c\x6e\x73\x3d\x22\x68\x74\x74\x70\x3a\x2f\x2f\x77\x77\x77\
\x2e\x77\x33\x2e\x6f\x72\x67\x2f\x32\x30\x30\x30\x2f\x73\x76\x67\
\x22\x20\x77\x69\x64\x74\x68\x3d\x22\x33\x32\x70\x78\x22\x20\x68\
\x65\x69\x67\x68\x74\x3d\x22\x33\x32\x70\x78\x22\x20\x76\x69\x65\
\x77\x42\x6f\x78\x3d\x22\x30\x20\x30\x20\x32\x34\x20\x32\x34\x22\
\x20\x61\x72\x69\x61\x2d\x6c\x61\x62\x65\x6c\x6c\x65\x64\x62\x79\
\x3d\x22\x68\x69\x73\x74\x6f\x72\x79\x49\x63\x6f\x6e\x54\x69\x74\
\x6c\x65\x22\x20\x73\x74\x72\x6f\x6b\x65\x3d\x22\x23\x30\x30\x30\
\x22\x20\x73\x74\x72\x6f\x6b\x65\x2d\x77\x69\x64\x74\x68\x3d\x22\
\x31\x2e\x35\x22\x20\x73\x74\x72\x6f\x6b\x65\x2d\x6c\x69\x6e\x65\
\x63\x61\x70\x3d\x22\x73\x71\x75\x61\x72\x65\x22\x20\x73\x74\x72\
\x6f\x6b\x65\x2d\x6c\x69\x6e\x65\x6a\x6f\x69\x6e\x3d\x22\x6d\x69\
\x74\x65\x72\x22\x20\x66\x69\x6c\x6c\x3d\x22\x6e\x6f\x6e\x65\x22\
\x20\x63\x6f\x6c\x6f\x72\x3d\x22\x23\x30\x30\x30\x22\x3e\x20\x3c\
\x74\x69\x74\x6c\x65\x20\x69\x64\x3d\x22\x68\x69\x73\x74\x6f\x72\
\x79\x49\x63\x6f\x6e\x54\x69\x74\x6c\x65\x22\x3e\x48\x69\x73\x74\
\x6f\x72\x79\x3c\x2f\x74\x69\x74\x6c\x65\x3e\x20\x3c\x70\x6f\x6c\
\x79\x6c\x69\x6e\x65\x20\x70\x6f\x69\x6e\x74\x73\x3d\x22\x31\x20\
\x31\x32\x20\x33\x20\x31\x34\x20\x35\x20\x31\x32\x22\x2f\x3e\x20\
\x3c\x70\x6f\x6c\x79\x6c\x69\x6e\x65\x20\x70\x6f\x69\x6e\x74\x73\
\x3d\x22\x31\x32\x20\x37\x20\x31\x32\x20\x31\x32\x20\x31\x35\x20\
\x31\x35\x22\x2f\x3e\x20\x3c\x70\x61\x74\x68\x20\x64\x3d\x22\x4d\
\x31\x32\x2c\x32\x31\x20\x43\x31\x36\x2e\x39\x37\x30\x35\x36\x32\
\x37\x2c\x32\x31\x20\x32\x31\x2c\x31\x36\x2e\x39\x37\x30\x35\x36\
\x32\x37\x20\x32\x31\x2c\x31\x32\x20\x43\x32\x31\x2c\x37\x2e\x30\
\x32\x39\x34\x33\x37\x32\x35\x20\x31\x36\x2e\x39\x37\x30\x35\x36\
\x32\x37\x2c\x33\x20\x31\x32\x2c\x33\x20\x43\x37\x2e\x30\x32\x39\
\x34\x33\x37\x32\x35\x2c\x33\x20\x33\x2c\x37\x2e\x30\x32\x39\x34\
\x33\x37\x32\x35\x20\x33\x2c\x31\x32\x20\x43\x33\x2c\x31\x31\x2e\
\x39\x37\x35\x33\x30\x35\x20\x33\x2c\x31\x32\x2e\x33\x30\x38\x36\
\x33\x38\x33\x20\x33\x2c\x31\x33\x22\x2f\x3e\x20\x3c\x2f\x73\x76\
\x67\x3e\
\x00\x00\x01\x89\
\x3c\
\x73\x76\x67\x20\x72\x6f\x6c\x65\x3d\x22\x69\x6d\x67\x22\x20\x78\
\x6d\x6c\x6e\x73\x3d\x22\x68\x74\x74\x70\x3a\x2f\x2f\x77\x77\x77\
\x2e\x77\x33\x2e\x6f\x72\x67\x2f\x32\x30\x30\x30\x2f\x73\x76\x67\
\x22\x20\x77\x69\x64\x74\x68\x3d\x22\x33\x32\x70\x78\x22\x20\x68\
\x65\x69\x67\x68\x74\x3d\x22\x33\x32\x70\x78\x22\x20\x76\x69\x65\
\x77\x42\x6f\x78\x3d\x22\x30\x20\x30\x20\x32\x34\x20\x32\x34\x22\
\x20\x61\x72\x69\x61\x2d\x6c\x61\x62\x65\x6c\x6c\x65\x64\x62\x79\
\x3d\x22\x65\x6e\x76\x65\x6c\x6f\x70\x65\x41\x6c\x74\x49\x63\x6f\
\x6e\x54\x69\x74\x6c\x65\x22\x20\x73\x74\x72\x6f\x6b\x65\x3d\x22\
\x23\x30\x30\x30\x22\x20\x73\x74\x72\x6f\x6b\x65\x2d\x77\x69\x64\
\x74\x68\x3d\x22\x31\x2e\x35\x22\x20\x73\x74\x72\x6f\x6b\x65\x2d\
\x6c\x69\x6e\x65\x63\x61\x70\x3d\x22\x73\x71\x75\x61\x72\x65\x22\
\x20\x73\x74\x72\x6f\x6b\x65\x2d\x6c\x69\x6e\x65\x6a\x6f\x69\x6e\
\x3d\x22\x6d\x69\x74\x65\x72\x22\x20\x66\x69\x6c\x6c\x3d\x22\x6e\
\x6f\x6e\x65\x22\x20\x63\x6f\x6c\x6f\x72\x3d\x22\x23\x30\x30\x30\
\x22\x3e\x20\x3c\x74\x69\x74\x6c\x65\x20\x69\x64\x3d\x22\x65\x6e\
\x76\x65\x6c\x6f\x70\x65\x41\x6c\x74\x49\x63\x6f\x6e\x54\x69\x74\
\x6c\x65\x22\x3e\x45\x6e\x76\x65\x6c\x6f\x70\x65\x3c\x2f\x74\x69\
\x74\x6c\x65\x3e\x20\x3c\x72\x65\x63\x74\x20\x77\x69\x64\x74\x68\
\x3d\x22\x32\x30\x22\x20\x68\x65\x69\x67\x68\x74\x3d\x22\x31\x34\
\x22\x20\x78\x3d\x22\x32\x22\x20\x79\x3d\x22\x35\x22\x2f\x3e\x20\
\x3c\x70\x61\x74\x68\x20\x73\x74\x72\x6f\x6b\x65\x2d\x6c\x69\x6e\
\x65\x63\x61\x70\x3d\x22\x72\x6f\x75\x6e\x64\x22\x20\x64\x3d\x22\
\x4d\x32\x20\x35\x6c\x31\x30\x20\x39\x20\x31\x30\x2d\x39\x22\x2f\
\x3e\x20\x3c\x2f\x73\x76\x67\x3e\
\x00\x00\x01\xd7\
\x3c\
\x73\x76\x67\x20\x72\x6f\x6c\x65\x3d\x22\x69\x6d\x67\x22\x20\x78\
\x6d\x6c\x6e\x73\x3d\x22\x68\x74\x74\x70\x3a\x2f\x2f\x77\x77\x77\
\x2e\x77\x33\x2e\x6f\x72\x67\x2f\x32\x30\x30\x30\x2f\x73\x76\x67\
\x22\x20\x77\x69\x64\x74\x68\x3d\x22\x33\x32\x70\x78\x22\x20\x68\
\x65\x69\x67\x68\x74\x3d\x22\x33\x32\x70\x78\x22\x20\x76\x69\x65\
\x77\x42\x6f\x78\x3d\x22\x30\x20\x30\x20\x32\x34\x20\x32\x34\x22\
\x20\x61\x72\x69\x61\x2d\x6c\x61\x62\x65\x6c\x6c\x65\x64\x62\x79\
\x3d\x22\x77\x61\x74\x63\x68\x49\x63\x6f\x6e\x54\x69\x74\x6c\x65\
\x22\x20\x73\x74\x72\x6f\x6b\x65\x3d\x22\x23\x30\x30\x30\x22\x20\
\x73\x74\x72\x6f\x6b\x65\x2d\x77\x69\x64\x74\x68\x3d\x22\x31\x2e\
\x35\x22\x20\x73\x74\x72\x6f\x6b\x65\x2d\x6c\x69\x6e\x65\x63\x61\
\x70\x3d\x22\x73\x71\x75\x61\x72\x65\x22\x20\x73\x74\x72\x6f\x6b\
\x65\x2d\x6c\x69\x6e\x65\x6a\x6f\x69\x6e\x3d\x22\x6d\x69\x74\x65\
\x72\x22\x20\x66\x69\x6c\x6c\x3d\x22\x6e\x6f\x6e\x65\x22\x20\x63\
\x6f\x6c\x6f\x72\x3d\x22\x23\x30\x30\x30\x22\x3e\x20\x3c\x74\x69\
\x74\x6c\x65\x20\x69\x64\x3d\x22\x77\x61\x74\x63\x68\x49\x63\x6f\
\x6e\x54\x69\x74\x6c\x65\x22\x3e\x57\x61\x74\x63\x68\x3c\x2f\x74\
\x69\x74\x6c\x65\x3e\x20\x3c\x70\x6f\x6c\x79\x6c\x69\x6e\x65\x20\
\x73\x74\x72\x6f\x6b\x65\x2d\x6c\x69\x6e\x65\x63\x61\x70\x3d\x22\
\x72\x6f\x75\x6e\x64\x22\x20\x70\x6f\x69\x6e\x74\x73\x3d\x22\x31\
\x30\x20\x37\x2e\x37\x35\x38\x20\x31\x30\x20\x32\x20\x31\x35\x20\
\x32\x20\x31\x35\x20\x37\x2e\x37\x35\x38\x22\x2f\x3e\x20\x3c\x70\
\x6f\x6c\x79\x6c\x69\x6e\x65\x20\x73\x74\x72\x6f\x6b\x65\x2d\x6c\
\x69\x6e\x65\x63\x61\x70\x3d\x22\x72\x6f\x75\x6e\x64\x22\x20\x70\
\x6f\x69\x6e\x74\x73\x3d\x22\x31\x35\x20\x31\x35\x2e\x32\x34\x32\
\x20\x31\x35\x20\x32\x32\x20\x31\x30\x20\x32\x32\x20\x31\x30\x20\
\x31\x35\x2e\x32\x34\x32\x22\x2f\x3e\x20\x3c\x63\x69\x72\x63\x6c\
\x65\x20\x63\x78\x3d\x22\x31\x32\x2e\x35\x22\x20\x63\x79\x3d\x22\
\x31\x31\x2e\x35\x22\x20\x72\x3d\x22\x34\x2e\x35\x22\x2f\x3e\x20\
\x3c\x2f\x73\x76\x67\x3e\
\x00\x00\x01\x61\
\x3c\
\x73\x76\x67\x20\x72\x6f\x6c\x65\x3d\x22\x69\x6d\x67\x22\x20\x78\
\x6d\x6c\x6e\x73\x3d\x22\x68\x74\x74\x70\x3a\x2f\x2f\x77\x77\x77\
\x2e\x77\x33\x2e\x6f\x72\x67\x2f\x32\x30\x30\x30\x2f\x73\x76\x67\
\x22\x20\x77\x69\x64\x74\x68\x3d\x22\x33\x32\x70\x78\x22\x20\x68\
\x65\x69\x67\x68\x74\x3d\x22\x33\x32\x70\x78\x22\x20\x76\x69\x65\
\x77\x42\x6f\x78\x3d\x22\x30\x20\x30\x20\x32\x34\x20\x32\x34\x22\
\x20\x61\x72\x69\x61\x2d\x6c\x61\x62\x65\x6c\x6c\x65\x64\x62\x79\
\x3d\x22\x61\x63\x74\x69\x76\x69\x74\x79\x49\x63\x6f\x6e\x54\x69\
\x74\x6c\x65\x22\x20\x73\x74\x72\x6f\x6b\x65\x3d\x22\x23\x30\x30\
\x30\x22\x20\x73\x74\x72\x6f\x6b\x65\x2d\x77\x69\x64\x74\x68\x3d\
\x22\x31\x2e\x35\x22\x20\x73\x74\x72\x6f\x6b\x65\x2d\x6c\x69\x6e\
\x65\x63\x61\x70\x3d\x22\x73\x71\x75\x61\x72\x65\x22\x20\x73\x74\
\x72\x6f\x6b\x65\x2d\x6c\x69\x6e\x65\x6a\x6f\x69\x6e\x3d\x22\x6d\
\x69\x74\x65\x72\x22\x20\x66\x69\x6c\x6c\x3d\x22\x6e\x6f\x6e\x65\
\x22\x20\x63\x6f\x6c\x6f\x72\x3d\x22\x23\x30\x30\x30\x22\x3e\x20\
\x3c\x74\x69\x74\x6c\x65\x20\x69\x64\x3d\x22\x61\x63\x74\x69\x76\
\x69\x74\x79\x49\x63\x6f\x6e\x54\x69\x74\x6c\x65\x22\x3e\x41\x63\
\x74\x69\x76\x69\x74\x79\x3c\x2f\x74\x69\x74\x6c\x65\x3e\x20\x3c\
\x70\x6f\x6c\x79\x6c\x69\x6e\x65\x20\x70\x6f\x69\x6e\x74\x73\x3d\
\x22\x32\x31\x20\x31\x34\x20\x31\x38\x20\x31\x34\x20\x31\x35\x20\
\x37\x20\x31\x30\x20\x31\x37\x20\x37\x20\x31\x31\x20\x35\x20\x31\
\x34\x20\x33\x20\x31\x34\x22\x2f\x3e\x20\x3c\x2f\x73\x76\x67\x3e\
\
\x00\x00\x01\xae\
\x3c\
\x73\x76\x67\x20\x72\x6f\x6c\x65\x3d\x22\x69\x6d\x67\x22\x20\x78\
\x6d\x6c\x6e\x73\x3d\x22\x68\x74\x74\x70\x3a\x2f\x2f\x77\x77\x77\
\x2e\x77\x33\x2e\x6f\x72\x67\x2f\x32\x30\x30\x30\x2f\x73\x76\x67\
\x22\x20\x77\x69\x64\x74\x68\x3d\x22\x33\x32\x70\x78\x22\x20\x68\
\x65\x69\x67\x68\x74\x3d\x22\x33\x32\x70\x78\x22\x20\x76\x69\x65\
\x77\x42\x6f\x78\x3d\x22\x30\x20\x30\x20\x32\x34\x20\x32\x34\x22\
\x20\x61\x72\x69\x61\x2d\x6c\x61\x62\x65\x6c\x6c\x65\x64\x62\x79\
\x3d\x22\x6c\x69\x73\x74\x49\x63\x6f\x6e\x54\x69\x74\x6c\x65\x22\
\x20\x73\x74\x72\x6f\x6b\x65\x3d\x22\x23\x30\x30\x30\x22\x20\x73\
\x74\x72\x6f\x6b\x65\x2d\x77\x69\x64\x74\x68\x3d\x22\x31\x2e\x35\
\x22\x20\x73\x74\x72\x6f\x6b\x65\x2d\x6c\x69\x6e\x65\x63\x61\x70\
\x3d\x22\x73\x71\x75\x61\x72\x65\x22\x20\x73\x74\x72\x6f\x6b\x65\
\x2d\x6c\x69\x6e\x65\x6a\x6f\x69\x6e\x3d\x22\x6d\x69\x74\x65\x72\
\x22\x20\x66\x69\x6c\x6c\x3d\x22\x6e\x6f\x6e\x65\x22\x20\x63\x6f\
\x6c\x6f\x72\x3d\x22\x23\x30\x30\x30\x22\x3e\x20\x3c\x74\x69\x74\
\x6c\x65\x20\x69\x64\x3d\x22\x6c\x69\x73\x74\x49\x63\x6f\x6e\x54\
\x69\x74\x6c\x65\x22\x2f\x3e\x20\x3c\x70\x61\x74\x68\x20\x64\x3d\
\x22\x4d\x31\x30\x20\x37\x4c\x31\x38\x20\x37\x4d\x31\x30\x20\x31\
\x32\x4c\x31\x38\x20\x31\x32\x4d\x31\x30\x20\x31\x37\x4c\x31\x38\
\x20\x31\x37\x22\x2f\x3e\x20\x3c\x6c\x69\x6e\x65\x20\x78\x31\x3d\
\x22\x37\x22\x20\x79\x31\x3d\x22\x37\x22\x20\x78\x32\x3d\x22\x37\
\x22\x20\x79\x32\x3d\x22\x37\x22\x2f\x3e\x20\x3c\x6c\x69\x6e\x65\
\x20\x78\x31\x3d\x22\x37\x22\x20\x79\x31\x3d\x22\x31\x32\x22\x20\
\x78\x32\x3d\x22\x37\x22\x20\x79\x32\x3d\x22\x31\x32\x22\x2f\x3e\
\x20\x3c\x6c\x69\x6e\x65\x20\x78\x31\x3d\x22\x37\x22\x20\x79\x31\
\x3d\x22\x31\x37\x22\x20\x78\x32\x3d\x22\x37\x22\x20\x79\x32\x3d\
\x22\x31\x37\x22\x2f\x3e\x20\x3c\x2f\x73\x76\x67\x3e\
\x00\x00\x01\xbf\
\x3c\
\x73\x76\x67\x20\x77\x69\x64\x74\x68\x3d\x22\x33\x32\x70\x78\x22\
\x20\x68\x65\x69\x67\x68\x74\x3d\x22\x33\x32\x70\x78\x22\x20\x76\
\x69\x65\x77\x42\x6f\x78\x3d\x22\x30\x20\x30\x20\x32\x34\x20\x32\
\x34\x22\x20\x78\x6d\x6c\x6e\x73\x3d\x22\x68\x74\x74\x70\x3a\x2f\
\x2f\x77\x77\x77\x2e\x77\x33\x2e\x6f\x72\x67\x2f\x32\x30\x30\x30\
\x2f\x73\x76\x67\x22\x20\x61\x72\x69\x61\x2d\x6c\x61\x62\x65\x6c\
\x6c\x65\x64\x62\x79\x3d\x22\x72\x61\x64\x69\x6f\x49\x63\x6f\x6e\
\x54\x69\x74\x6c\x65\x22\x20\x73\x74\x72\x6f\x6b\x65\x3d\x22\x23\
\x30\x30\x30\x22\x20\x73\x74\x72\x6f\x6b\x65\x2d\x77\x69\x64\x74\
\x68\x3d\x22\x31\x2e\x35\x22\x20\x73\x74\x72\x6f\x6b\x65\x2d\x6c\
\x69\x6e\x65\x63\x61\x70\x3d\x22\x73\x71\x75\x61\x72\x65\x22\x20\
\x73\x74\x72\x6f\x6b\x65\x2d\x6c\x69\x6e\x65\x6a\x6f\x69\x6e\x3d\
\x22\x6d\x69\x74\x65\x72\x22\x20\x66\x69\x6c\x6c\x3d\x22\x6e\x6f\
\x6e\x65\x22\x20\x63\x6f\x6c\x6f\x72\x3d\x22\x23\x30\x30\x30\x22\
\x3e\x20\x3c\x74\x69\x74\x6c\x65\x20\x69\x64\x3d\x22\x72\x61\x64\
\x69\x6f\x49\x63\x6f\x6e\x54\x69\x74\x6c\x65\x22\x3e\x52\x61\x64\
\x69\x6f\x20\x62\x75\x74\x74\x6f\x6e\x3c\x2f\x74\x69\x74\x6c\x65\
\x3e\x20\x3c\x70\x61\x74\x68\x20\x66\x69\x6c\x6c\x2d\x72\x75\x6c\
\x65\x3d\x22\x65\x76\x65\x6e\x6f\x64\x64\x22\x20\x63\x6c\x69\x70\
\x2d\x72\x75\x6c\x65\x3d\x22\x65\x76\x65\x6e\x6f\x64\x64\x22\x20\
\x64\x3d\x22\x4d\x31\x32\x20\x31\x38\x43\x31\x35\x2e\x33\x31\x33\
\x37\x20\x31\x38\x20\x31\x38\x20\x31\x35\x2e\x33\x31\x33\x37\x20\
\x31\x38\x20\x31\x32\x43\x31\x38\x20\x38\x2e\x36\x38\x36\x32\x39\
\x20\x31\x35\x2e\x33\x31\x33\x37\x20\x36\x20\x31\x32\x20\x36\x43\
\x38\x2e\x36\x38\x36\x32\x39\x20\x36\x20\x36\x20\x38\x2e\x36\x38\
\x36\x32\x39\x20\x36\x20\x31\x32\x43\x36\x20\x31\x35\x2e\x33\x31\
\x33\x37\x20\x38\x2e\x36\x38\x36\x32\x39\x20\x31\x38\x20\x31\x32\
\x20\x31\x38\x5a\x22\x2f\x3e\x20\x3c\x2f\x73\x76\x67\x3e\
\x00\x00\x02\xd0\
\x3c\
\x73\x76\x67\x20\x77\x69\x64\x74\x68\x3d\x22\x33\x32\x70\x78\x22\
\x20\x68\x65\x69\x67\x68\x74\x3d\x22\x33\x32\x70\x78\x22\x20\x76\
\x69\x65\x77\x42\x6f\x78\x3d\x22\x30\x20\x30\x20\x32\x34\x20\x32\
\x34\x22\x20\x66\x69\x6c\x6c\x3d\x22\x6e\x6f\x6e\x65\x22\x20\x78\
\x6d\x6c\x6e\x73\x3d\x22\x68\x74\x74\x70\x3a\x2f\x2f\x77\x77\x77\
\x2e\x77\x33\x2e\x6f\x72\x67\x2f\x32\x30\x30\x30\x2f\x73\x76\x67\
\x22\x20\x61\x72\x69\x61\x2d\x6c\x61\x62\x65\x6c\x6c\x65\x64\x62\
\x79\x3d\x22\x62\x61\x73\x6b\x65\x74\x62\x61\x6c\x6c\x49\x63\x6f\
\x6e\x54\x69\x74\x6c\x65\x22\x20\x73\x74\x72\x6f\x6b\x65\x3d\x22\
\x23\x30\x30\x30\x22\x20\x73\x74\x72\x6f\x6b\x65\x2d\x77\x69\x64\
\x74\x68\x3d\x22\x31\x2e\x35\x22\x20\x73\x74\x72\x6f\x6b\x65\x2d\
\x6c\x69\x6e\x65\x63\x61\x70\x3d\x22\x73\x71\x75\x61\x72\x65\x22\
\x20\x73\x74\x72\x6f\x6b\x65\x2d\x6c\x69\x6e\x65\x6a\x6f\x69\x6e\
\x3d\x22\x6d\x69\x74\x65\x72\x22\x20\x63\x6f\x6c\x6f\x72\x3d\x22\
\x23\x30\x30\x30\x22\x3e\x20\x3c\x74\x69\x74\x6c\x65\x20\x69\x64\
\x3d\x22\x62\x61\x73\x6b\x65\x74\x62\x61\x6c\x6c\x49\x63\x6f\x6e\
\x54\x69\x74\x6c\x65\x22\x3e\x42\x61\x73\x6b\x65\x74\x62\x61\x6c\
\x6c\x3c\x2f\x74\x69\x74\x6c\x65\x3e\x20\x3c\x67\x20\x73\x74\x72\
\x6f\x6b\x65\x2d\x6c\x69\x6e\x65\x63\x61\x70\x3d\x22\x62\x75\x74\
\x74\x22\x3e\x20\x3c\x70\x61\x74\x68\x20\x64\x3d\x22\x4d\x33\x2e\
\x30\x30\x34\x37\x36\x20\x37\x2e\x37\x31\x36\x37\x33\x43\x36\x2e\
\x30\x33\x38\x31\x38\x20\x36\x2e\x38\x31\x35\x38\x39\x20\x39\x2e\
\x39\x39\x37\x39\x31\x20\x37\x2e\x37\x34\x38\x34\x31\x20\x31\x33\
\x2e\x32\x34\x34\x38\x20\x31\x30\x2e\x34\x33\x31\x35\x43\x31\x36\
\x2e\x35\x34\x32\x35\x20\x31\x33\x2e\x31\x35\x36\x36\x20\x31\x38\
\x2e\x32\x30\x35\x33\x20\x31\x36\x2e\x39\x34\x34\x32\x20\x31\x37\
\x2e\x38\x32\x34\x34\x20\x32\x30\x2e\x31\x32\x34\x31\x22\x2f\x3e\
\x20\x3c\x70\x61\x74\x68\x20\x64\x3d\x22\x4d\x31\x30\x2e\x31\x30\
\x32\x20\x32\x31\x2e\x37\x39\x39\x36\x43\x39\x2e\x33\x33\x39\x33\
\x37\x20\x31\x39\x2e\x33\x35\x38\x39\x20\x31\x30\x2e\x30\x31\x30\
\x36\x20\x31\x35\x2e\x36\x31\x33\x37\x20\x31\x32\x2e\x30\x37\x37\
\x36\x20\x31\x32\x2e\x30\x33\x33\x35\x43\x31\x34\x2e\x31\x33\x38\
\x35\x20\x38\x2e\x34\x36\x34\x30\x32\x20\x31\x37\x2e\x30\x33\x35\
\x31\x20\x36\x2e\x30\x31\x34\x31\x33\x20\x31\x39\x2e\x35\x32\x35\
\x31\x20\x35\x2e\x34\x34\x34\x36\x33\x22\x2f\x3e\x20\x3c\x70\x61\
\x74\x68\x20\x64\x3d\x22\x4d\x31\x31\x2e\x34\x34\x31\x39\x20\x32\
\x43\x31\x31\x2e\x32\x36\x31\x35\x20\x33\x2e\x39\x34\x34\x31\x39\
\x20\x31\x30\x2e\x35\x31\x35\x37\x20\x36\x2e\x32\x32\x39\x38\x20\
\x39\x2e\x32\x32\x35\x34\x31\x20\x38\x2e\x34\x36\x34\x36\x38\x43\
\x37\x2e\x32\x39\x31\x35\x38\x20\x31\x31\x2e\x38\x31\x34\x32\x20\
\x34\x2e\x36\x34\x37\x35\x33\x20\x31\x34\x2e\x31\x36\x31\x35\x20\
\x32\x2e\x34\x30\x31\x33\x35\x20\x31\x34\x2e\x37\x38\x35\x34\x22\
\x2f\x3e\x20\x3c\x2f\x67\x3e\x20\x3c\x63\x69\x72\x63\x6c\x65\x20\
\x63\x78\x3d\x22\x31\x32\x22\x20\x63\x79\x3d\x22\x31\x32\x22\x20\
\x72\x3d\x22\x31\x30\x22\x2f\x3e\x20\x3c\x2f\x73\x76\x67\x3e\
\x00\x00\x01\xf8\
\x3c\
\x73\x76\x67\x20\x72\x6f\x6c\x65\x3d\x22\x69\x6d\x67\x22\x20\x78\
\x6d\x6c\x6e\x73\x3d\x22\x68\x74\x74\x70\x3a\x2f\x2f\x77\x77\x77\
\x2e\x77\x33\x2e\x6f\x72\x67\x2f\x32\x30\x30\x30\x2f\x73\x76\x67\
\x22\x20\x77\x69\x64\x74\x68\x3d\x22\x33\x32\x70\x78\x22\x20\x68\
\x65\x69\x67\x68\x74\x3d\x22\x33\x32\x70\x78\x22\x20\x76\x69\x65\
\x77\x42\x6f\x78\x3d\x22\x30\x20\x30\x20\x32\x34\x20\x32\x34\x22\
\x20\x61\x72\x69\x61\x2d\x6c\x61\x62\x65\x6c\x6c\x65\x64\x62\x79\
\x3d\x22\x69\x70\x68\x6f\x6e\x65\x49\x63\x6f\x6e\x54\x69\x74\x6c\
\x65\x22\x20\x73\x74\x72\x6f\x6b\x65\x3d\x22\x23\x30\x30\x30\x22\
\x20\x73\x74\x72\x6f\x6b\x65\x2d\x77\x69\x64\x74\x68\x3d\x22\x31\
\x2e\x35\x22\x20\x73\x74\x72\x6f\x6b\x65\x2d\x6c\x69\x6e\x65\x63\
\x61\x70\x3d\x22\x73\x71\x75\x61\x72\x65\x22\x20\x73\x74\x72\x6f\
\x6b\x65\x2d\x6c\x69\x6e\x65\x6a\x6f\x69\x6e\x3d\x22\x6d\x69\x74\
\x65\x72\x22\x20\x66\x69\x6c\x6c\x3d\x22\x6e\x6f\x6e\x65\x22\x20\
\x63\x6f\x6c\x6f\x72\x3d\x22\x23\x30\x30\x30\x22\x3e\x20\x3c\x74\
\x69\x74\x6c\x65\x20\x69\x64\x3d\x22\x69\x70\x68\x6f\x6e\x65\x49\
\x63\x6f\x6e\x54\x69\x74\x6c\x65\x22\x3e\x69\x50\x68\x6f\x6e\x65\
\x3c\x2f\x74\x69\x74\x6c\x65\x3e\x20\x3c\x70\x61\x74\x68\x20\x64\
\x3d\x22\x4d\x31\x38\x2c\x33\x20\x4c\x31\x38\x2c\x32\x31\x20\x43\
\x31\x38\x2c\x32\x31\x2e\x35\x35\x32\x32\x38\x34\x37\x20\x31\x37\
\x2e\x35\x35\x32\x32\x38\x34\x37\x2c\x32\x32\x20\x31\x37\x2c\x32\
\x32\x20\x4c\x37\x2c\x32\x32\x20\x43\x36\x2e\x34\x34\x37\x37\x31\
\x35\x32\x35\x2c\x32\x32\x20\x36\x2c\x32\x31\x2e\x35\x35\x32\x32\
\x38\x34\x37\x20\x36\x2c\x32\x31\x20\x4c\x36\x2c\x33\x20\x43\x36\
\x2c\x32\x2e\x34\x34\x37\x37\x31\x35\x32\x35\x20\x36\x2e\x34\x34\
\x37\x37\x31\x35\x32\x35\x2c\x32\x20\x37\x2c\x32\x20\x4c\x31\x37\
\x2c\x32\x20\x43\x31\x37\x2e\x35\x35\x32\x32\x38\x34\x37\x2c\x32\
\x20\x31\x38\x2c\x32\x2e\x34\x34\x37\x37\x31\x35\x32\x35\x20\x31\
\x38\x2c\x33\x20\x5a\x22\x2f\x3e\x20\x3c\x70\x6f\x6c\x79\x67\x6f\
\x6e\x20\x70\x6f\x69\x6e\x74\x73\x3d\x22\x31\x34\x20\x32\x20\x31\
\x34\x20\x33\x20\x31\x30\x20\x33\x20\x31\x30\x20\x32\x22\x2f\x3e\
\x20\x3c\x2f\x73\x76\x67\x3e\
\x00\x00\x02\x1c\
\x3c\
\x73\x76\x67\x20\x72\x6f\x6c\x65\x3d\x22\x69\x6d\x67\x22\x20\x78\
\x6d\x6c\x6e\x73\x3d\x22\x68\x74\x74\x70\x3a\x2f\x2f\x77\x77\x77\
\x2e\x77\x33\x2e\x6f\x72\x67\x2f\x32\x30\x30\x30\x2f\x73\x76\x67\
\x22\x20\x77\x69\x64\x74\x68\x3d\x22\x33\x32\x70\x78\x22\x20\x68\
\x65\x69\x67\x68\x74\x3d\x22\x33\x32\x70\x78\x22\x20\x76\x69\x65\
\x77\x42\x6f\x78\x3d\x22\x30\x20\x30\x20\x32\x34\x20\x32\x34\x22\
\x20\x61\x72\x69\x61\x2d\x6c\x61\x62\x65\x6c\x6c\x65\x64\x62\x79\
\x3d\x22\x73\x6d\x61\x72\x74\x70\x68\x6f\x6e\x65\x49\x63\x6f\x6e\
\x54\x69\x74\x6c\x65\x22\x20\x73\x74\x72\x6f\x6b\x65\x3d\x22\x23\
\x30\x30\x30\x22\x20\x73\x74\x72\x6f\x6b\x65\x2d\x77\x69\x64\x74\
\x68\x3d\x22\x31\x2e\x35\x22\x20\x73\x74\x72\x6f\x6b\x65\x2d\x6c\
\x69\x6e\x65\x63\x61\x70\x3d\x22\x73\x71\x75\x61\x72\x65\x22\x20\
\x73\x74\x72\x6f\x6b\x65\x2d\x6c\x69\x6e\x65\x6a\x6f\x69\x6e\x3d\
\x22\x6d\x69\x74\x65\x72\x22\x20\x66\x69\x6c\x6c\x3d\x22\x6e\x6f\
\x6e\x65\x22\x20\x63\x6f\x6c\x6f\x72\x3d\x22\x23\x30\x30\x30\x22\
\x3e\x20\x3c\x74\x69\x74\x6c\x65\x20\x69\x64\x3d\x22\x73\x6d\x61\
\x72\x74\x70\x68\x6f\x6e\x65\x49\x63\x6f\x6e\x54\x69\x74\x6c\x65\
\x22\x3e\x53\x6d\x61\x72\x74\x70\x68\x6f\x6e\x65\x3c\x2f\x74\x69\
\x74\x6c\x65\x3e\x20\x3c\x70\x61\x74\x68\x20\x73\x74\x72\x6f\x6b\
\x65\x2d\x6c\x69\x6e\x65\x6a\x6f\x69\x6e\x3d\x22\x72\x6f\x75\x6e\
\x64\x22\x20\x64\x3d\x22\x4d\x31\x38\x2c\x33\x20\x4c\x31\x38\x2c\
\x32\x31\x20\x43\x31\x38\x2c\x32\x31\x2e\x35\x35\x32\x32\x38\x34\
\x37\x20\x31\x37\x2e\x35\x35\x32\x32\x38\x34\x37\x2c\x32\x32\x20\
\x31\x37\x2c\x32\x32\x20\x4c\x37\x2c\x32\x32\x20\x43\x36\x2e\x34\
\x34\x37\x37\x31\x35\x32\x35\x2c\x32\x32\x20\x36\x2c\x32\x31\x2e\
\x35\x35\x32\x32\x38\x34\x37\x20\x36\x2c\x32\x31\x20\x4c\x36\x2c\
\x33\x20\x43\x36\x2c\x32\x2e\x34\x34\x37\x37\x31\x35\x32\x35\x20\
\x36\x2e\x34\x34\x37\x37\x31\x35\x32\x35\x2c\x32\x20\x37\x2c\x32\
\x20\x4c\x31\x37\x2c\x32\x20\x43\x31\x37\x2e\x35\x35\x32\x32\x38\
\x34\x37\x2c\x32\x20\x31\x38\x2c\x32\x2e\x34\x34\x37\x37\x31\x35\
\x32\x35\x20\x31\x38\x2c\x33\x20\x5a\x22\x2f\x3e\x20\x3c\x6c\x69\
\x6e\x65\x20\x78\x31\x3d\x22\x31\x31\x22\x20\x79\x31\x3d\x22\x31\
\x39\x22\x20\x78\x32\x3d\x22\x31\x33\x22\x20\x79\x32\x3d\x22\x31\
\x39\x22\x2f\x3e\x20\x3c\x2f\x73\x76\x67\x3e\
\x00\x00\x01\xef\
\x3c\
\x73\x76\x67\x20\x72\x6f\x6c\x65\x3d\x22\x69\x6d\x67\x22\x20\x78\
\x6d\x6c\x6e\x73\x3d\x22\x68\x74\x74\x70\x3a\x2f\x2f\x77\x77\x77\
\x2e\x77\x33\x2e\x6f\x72\x67\x2f\x32\x30\x30\x30\x2f\x73\x76\x67\
\x22\x20\x77\x69\x64\x74\x68\x3d\x22\x33\x32\x70\x78\x22\x20\x68\
\x65\x69\x67\x68\x74\x3d\x22\x33\x32\x70\x78\x22\x20\x76\x69\x65\
\x77\x42\x6f\x78\x3d\x22\x30\x20\x30\x20\x32\x34\x20\x32\x34\x22\
\x20\x61\x72\x69\x61\x2d\x6c\x61\x62\x65\x6c\x6c\x65\x64\x62\x79\
\x3d\x22\x6e\x65\x75\x74\x72\x61\x6c\x46\x61\x63\x65\x49\x63\x6f\
\x6e\x54\x69\x74\x6c\x65\x22\x20\x73\x74\x72\x6f\x6b\x65\x3d\x22\
\x23\x30\x30\x30\x22\x20\x73\x74\x72\x6f\x6b\x65\x2d\x77\x69\x64\
\x74\x68\x3d\x22\x31\x2e\x35\x22\x20\x73\x74\x72\x6f\x6b\x65\x2d\
\x6c\x69\x6e\x65\x63\x61\x70\x3d\x22\x73\x71\x75\x61\x72\x65\x22\
\x20\x73\x74\x72\x6f\x6b\x65\x2d\x6c\x69\x6e\x65\x6a\x6f\x69\x6e\
\x3d\x22\x6d\x69\x74\x65\x72\x22\x20\x66\x69\x6c\x6c\x3d\x22\x6e\
\x6f\x6e\x65\x22\x20\x63\x6f\x6c\x6f\x72\x3d\x22\x23\x30\x30\x30\
\x22\x3e\x20\x3c\x74\x69\x74\x6c\x65\x20\x69\x64\x3d\x22\x6e\x65\
\x75\x74\x72\x61\x6c\x46\x61\x63\x65\x49\x63\x6f\x6e\x54\x69\x74\
\x6c\x65\x22\x3e\x4e\x65\x75\x74\x72\x61\x6c\x20\x46\x61\x63\x65\
\x3c\x2f\x74\x69\x74\x6c\x65\x3e\x20\x3c\x6c\x69\x6e\x65\x20\x73\
\x74\x72\x6f\x6b\x65\x2d\x6c\x69\x6e\x65\x63\x61\x70\x3d\x22\x72\
\x6f\x75\x6e\x64\x22\x20\x78\x31\x3d\x22\x39\x22\x20\x79\x31\x3d\
\x22\x39\x22\x20\x78\x32\x3d\x22\x39\x22\x20\x79\x32\x3d\x22\x39\
\x22\x2f\x3e\x20\x3c\x6c\x69\x6e\x65\x20\x73\x74\x72\x6f\x6b\x65\
\x2d\x6c\x69\x6e\x65\x63\x61\x70\x3d\x22\x72\x6f\x75\x6e\x64\x22\
\x20\x78\x31\x3d\x22\x31\x35\x22\x20\x79\x31\x3d\x22\x39\x22\x20\
\x78\x32\x3d\x22\x31\x35\x22\x20\x79\x32\x3d\x22\x39\x22\x2f\x3e\
\x20\x3c\x70\x61\x74\x68\x20\x64\x3d\x22\x4d\x31\x36\x2c\x31\x35\
\x20\x4c\x38\x2c\x31\x35\x22\x20\x6f\x70\x61\x63\x69\x74\x79\x3d\
\x22\x2e\x39\x22\x2f\x3e\x20\x3c\x63\x69\x72\x63\x6c\x65\x20\x63\
\x78\x3d\x22\x31\x32\x22\x20\x63\x79\x3d\x22\x31\x32\x22\x20\x72\
\x3d\x22\x31\x30\x22\x2f\x3e\x20\x3c\x2f\x73\x76\x67\x3e\
\x00\x00\x02\xcf\
\x3c\
\x73\x76\x67\x20\x72\x6f\x6c\x65\x3d\x22\x69\x6d\x67\x22\x20\x78\
\x6d\x6c\x6e\x73\x3d\x22\x68\x74\x74\x70\x3a\x2f\x2f\x77\x77\x77\
\x2e\x77\x33\x2e\x6f\x72\x67\x2f\x32\x30\x30\x30\x2f\x73\x76\x67\
\x22\x20\x77\x69\x64\x74\x68\x3d\x22\x33\x32\x70\x78\x22\x20\x68\
\x65\x69\x67\x68\x74\x3d\x22\x33\x32\x70\x78\x22\x20\x76\x69\x65\
\x77\x42\x6f\x78\x3d\x22\x30\x20\x30\x20\x32\x34\x20\x32\x34\x22\
\x20\x61\x72\x69\x61\x2d\x6c\x61\x62\x65\x6c\x6c\x65\x64\x62\x79\
\x3d\x22\x73\x69\x67\x6e\x61\x6c\x49\x63\x6f\x6e\x54\x69\x74\x6c\
\x65\x22\x20\x73\x74\x72\x6f\x6b\x65\x3d\x22\x23\x30\x30\x30\x22\
\x20\x73\x74\x72\x6f\x6b\x65\x2d\x77\x69\x64\x74\x68\x3d\x22\x31\
\x2e\x35\x22\x20\x73\x74\x72\x6f\x6b\x65\x2d\x6c\x69\x6e\x65\x63\
\x61\x70\x3d\x22\x73\x71\x75\x61\x72\x65\x22\x20\x73\x74\x72\x6f\
\x6b\x65\x2d\x6c\x69\x6e\x65\x6a\x6f\x69\x6e\x3d\x22\x6d\x69\x74\
\x65\x72\x22\x20\x66\x69\x6c\x6c\x3d\x22\x6e\x6f\x6e\x65\x22\x20\
\x63\x6f\x6c\x6f\x72\x3d\x22\x23\x30\x30\x30\x22\x3e\x20\x3c\x74\
\x69\x74\x6c\x65\x20\x69\x64\x3d\x22\x73\x69\x67\x6e\x61\x6c\x49\
\x63\x6f\x6e\x54\x69\x74\x6c\x65\x22\x3e\x53\x69\x67\x6e\x61\x6c\
\x3c\x2f\x74\x69\x74\x6c\x65\x3e\x20\x3c\x6c\x69\x6e\x65\x20\x73\
\x74\x72\x6f\x6b\x65\x2d\x6c\x69\x6e\x65\x63\x61\x70\x3d\x22\x72\
\x6f\x75\x6e\x64\x22\x20\x78\x31\x3d\x22\x31\x32\x22\x20\x79\x31\
\x3d\x22\x31\x33\x22\x20\x78\x32\x3d\x22\x31\x32\x22\x20\x79\x32\
\x3d\x22\x31\x33\x22\x2f\x3e\x20\x3c\x70\x61\x74\x68\x20\x64\x3d\
\x22\x4d\x32\x30\x2e\x31\x38\x31\x38\x31\x38\x32\x2c\x31\x39\x20\
\x43\x32\x31\x2e\x34\x30\x34\x39\x39\x34\x32\x2c\x31\x37\x2e\x33\
\x37\x35\x36\x39\x33\x33\x20\x32\x32\x2c\x31\x35\x2e\x34\x33\x35\
\x34\x34\x33\x35\x20\x32\x32\x2c\x31\x33\x2e\x33\x35\x32\x39\x34\
\x31\x32\x20\x43\x32\x32\x2c\x37\x2e\x36\x33\x34\x34\x35\x32\x37\
\x39\x20\x31\x37\x2e\x35\x32\x32\x38\x34\x37\x35\x2c\x33\x20\x31\
\x32\x2c\x33\x20\x43\x36\x2e\x34\x37\x37\x31\x35\x32\x35\x2c\x33\
\x20\x32\x2c\x37\x2e\x36\x33\x34\x34\x35\x32\x37\x39\x20\x32\x2c\
\x31\x33\x2e\x33\x35\x32\x39\x34\x31\x32\x20\x43\x32\x2c\x31\x35\
\x2e\x34\x30\x35\x31\x39\x34\x36\x20\x32\x2e\x35\x37\x37\x38\x35\
\x39\x31\x35\x2c\x31\x37\x2e\x33\x31\x39\x33\x34\x30\x39\x20\x33\
\x2e\x38\x31\x38\x31\x38\x31\x38\x32\x2c\x31\x39\x22\x2f\x3e\x20\
\x3c\x70\x61\x74\x68\x20\x64\x3d\x22\x4d\x31\x36\x2c\x31\x36\x20\
\x43\x31\x36\x2e\x37\x30\x32\x34\x39\x37\x31\x2c\x31\x35\x2e\x31\
\x38\x37\x38\x34\x36\x36\x20\x31\x37\x2c\x31\x34\x2e\x32\x31\x37\
\x37\x32\x31\x37\x20\x31\x37\x2c\x31\x33\x20\x43\x31\x37\x2c\x31\
\x30\x2e\x33\x31\x37\x32\x32\x36\x34\x20\x31\x34\x2e\x37\x36\x31\
\x34\x32\x33\x37\x2c\x38\x20\x31\x32\x2c\x38\x20\x43\x39\x2e\x32\
\x33\x38\x35\x37\x36\x32\x35\x2c\x38\x20\x37\x2c\x31\x30\x2e\x33\
\x31\x37\x32\x32\x36\x34\x20\x37\x2c\x31\x33\x20\x43\x37\x2c\x31\
\x34\x2e\x32\x30\x32\x35\x39\x37\x33\x20\x37\x2e\x32\x38\x38\x39\
\x32\x39\x35\x37\x2c\x31\x35\x2e\x31\x35\x39\x36\x37\x30\x35\x20\
\x38\x2c\x31\x36\x22\x2f\x3e\x20\x3c\x2f\x73\x76\x67\x3e\
\x00\x00\x02\x86\
\x3c\
\x73\x76\x67\x20\x77\x69\x64\x74\x68\x3d\x22\x33\x32\x70\x78\x22\
\x20\x68\x65\x69\x67\x68\x74\x3d\x22\x33\x32\x70\x78\x22\x20\x76\
\x69\x65\x77\x42\x6f\x78\x3d\x22\x30\x20\x30\x20\x32\x34\x20\x32\
\x34\x22\x20\x78\x6d\x6c\x6e\x73\x3d\x22\x68\x74\x74\x70\x3a\x2f\
\x2f\x77\x77\x77\x2e\x77\x33\x2e\x6f\x72\x67\x2f\x32\x30\x30\x30\
\x2f\x73\x76\x67\x22\x20\x61\x72\x69\x61\x2d\x6c\x61\x62\x65\x6c\
\x6c\x65\x64\x62\x79\x3d\x22\x72\x61\x64\x69\x6f\x53\x65\x6c\x65\
\x63\x74\x65\x64\x49\x63\x6f\x6e\x54\x69\x74\x6c\x65\x22\x20\x73\
\x74\x72\x6f\x6b\x65\x3d\x22\x23\x30\x30\x30\x22\x20\x73\x74\x72\
\x6f\x6b\x65\x2d\x77\x69\x64\x74\x68\x3d\x22\x31\x2e\x35\x22\x20\
\x73\x74\x72\x6f\x6b\x65\x2d\x6c\x69\x6e\x65\x63\x61\x70\x3d\x22\
\x73\x71\x75\x61\x72\x65\x22\x20\x73\x74\x72\x6f\x6b\x65\x2d\x6c\
\x69\x6e\x65\x6a\x6f\x69\x6e\x3d\x22\x6d\x69\x74\x65\x72\x22\x20\
\x66\x69\x6c\x6c\x3d\x22\x6e\x6f\x6e\x65\x22\x20\x63\x6f\x6c\x6f\
\x72\x3d\x22\x23\x30\x30\x30\x22\x3e\x20\x3c\x74\x69\x74\x6c\x65\
\x20\x69\x64\x3d\x22\x72\x61\x64\x69\x6f\x53\x65\x6c\x65\x63\x74\
\x65\x64\x49\x63\x6f\x6e\x54\x69\x74\x6c\x65\x22\x3e\x52\x61\x64\
\x69\x6f\x20\x62\x75\x74\x74\x6f\x6e\x20\x28\x73\x65\x6c\x65\x63\
\x74\x65\x64\x29\x3c\x2f\x74\x69\x74\x6c\x65\x3e\x20\x3c\x70\x61\
\x74\x68\x20\x66\x69\x6c\x6c\x2d\x72\x75\x6c\x65\x3d\x22\x65\x76\
\x65\x6e\x6f\x64\x64\x22\x20\x63\x6c\x69\x70\x2d\x72\x75\x6c\x65\
\x3d\x22\x65\x76\x65\x6e\x6f\x64\x64\x22\x20\x64\x3d\x22\x4d\x31\
\x32\x20\x31\x38\x43\x31\x35\x2e\x33\x31\x33\x37\x20\x31\x38\x20\
\x31\x38\x20\x31\x35\x2e\x33\x31\x33\x37\x20\x31\x38\x20\x31\x32\
\x43\x31\x38\x20\x38\x2e\x36\x38\x36\x32\x39\x20\x31\x35\x2e\x33\
\x31\x33\x37\x20\x36\x20\x31\x32\x20\x36\x43\x38\x2e\x36\x38\x36\
\x32\x39\x20\x36\x20\x36\x20\x38\x2e\x36\x38\x36\x32\x39\x20\x36\
\x20\x31\x32\x43\x36\x20\x31\x35\x2e\x33\x31\x33\x37\x20\x38\x2e\
\x36\x38\x36\x32\x39\x20\x31\x38\x20\x31\x32\x20\x31\x38\x5a\x22\
\x2f\x3e\x20\x3c\x70\x61\x74\x68\x20\x66\x69\x6c\x6c\x2d\x72\x75\
\x6c\x65\x3d\x22\x65\x76\x65\x6e\x6f\x64\x64\x22\x20\x63\x6c\x69\
\x70\x2d\x72\x75\x6c\x65\x3d\x22\x65\x76\x65\x6e\x6f\x64\x64\x22\
\x20\x64\x3d\x22\x4d\x31\x32\x20\x31\x34\x43\x31\x30\x2e\x38\x39\
\x35\x34\x20\x31\x34\x20\x31\x30\x20\x31\x33\x2e\x31\x30\x34\x36\
\x20\x31\x30\x20\x31\x32\x43\x31\x30\x20\x31\x30\x2e\x38\x39\x35\
\x34\x20\x31\x30\x2e\x38\x39\x35\x34\x20\x31\x30\x20\x31\x32\x20\
\x31\x30\x43\x31\x33\x2e\x31\x30\x34\x36\x20\x31\x30\x20\x31\x34\
\x20\x31\x30\x2e\x38\x39\x35\x34\x20\x31\x34\x20\x31\x32\x43\x31\
\x34\x20\x31\x33\x2e\x31\x30\x34\x36\x20\x31\x33\x2e\x31\x30\x34\
\x36\x20\x31\x34\x20\x31\x32\x20\x31\x34\x5a\x22\x2f\x3e\x20\x3c\
\x2f\x73\x76\x67\x3e\
\x00\x00\x01\x82\
\x3c\
\x73\x76\x67\x20\x72\x6f\x6c\x65\x3d\x22\x69\x6d\x67\x22\x20\x78\
\x6d\x6c\x6e\x73\x3d\x22\x68\x74\x74\x70\x3a\x2f\x2f\x77\x77\x77\
\x2e\x77\x33\x2e\x6f\x72\x67\x2f\x32\x30\x30\x30\x2f\x73\x76\x67\
\x22\x20\x77\x69\x64\x74\x68\x3d\x22\x33\x32\x70\x78\x22\x20\x68\
\x65\x69\x67\x68\x74\x3d\x22\x33\x32\x70\x78\x22\x20\x76\x69\x65\
\x77\x42\x6f\x78\x3d\x22\x30\x20\x30\x20\x32\x34\x20\x32\x34\x22\
\x20\x61\x72\x69\x61\x2d\x6c\x61\x62\x65\x6c\x6c\x65\x64\x62\x79\
\x3d\x22\x69\x6e\x66\x6f\x49\x63\x6f\x6e\x54\x69\x74\x6c\x65\x22\
\x20\x73\x74\x72\x6f\x6b\x65\x3d\x22\x23\x30\x30\x30\x22\x20\x73\
\x74\x72\x6f\x6b\x65\x2d\x77\x69\x64\x74\x68\x3d\x22\x31\x2e\x35\
\x22\x20\x73\x74\x72\x6f\x6b\x65\x2d\x6c\x69\x6e\x65\x63\x61\x70\
\x3d\x22\x73\x71\x75\x61\x72\x65\x22\x20\x73\x74\x72\x6f\x6b\x65\
\x2d\x6c\x69\x6e\x65\x6a\x6f\x69\x6e\x3d\x22\x6d\x69\x74\x65\x72\
\x22\x20\x66\x69\x6c\x6c\x3d\x22\x6e\x6f\x6e\x65\x22\x20\x63\x6f\
\x6c\x6f\x72\x3d\x22\x23\x30\x30\x30\x22\x3e\x20\x3c\x74\x69\x74\
\x6c\x65\x20\x69\x64\x3d\x22\x69\x6e\x66\x6f\x49\x63\x6f\x6e\x54\
\x69\x74\x6c\x65\x22\x3e\x49\x6e\x66\x6f\x72\x6d\x61\x74\x69\x6f\
\x6e\x3c\x2f\x74\x69\x74\x6c\x65\x3e\x20\x3c\x70\x61\x74\x68\x20\
\x64\x3d\x22\x4d\x31\x32\x2c\x31\x32\x20\x4c\x31\x32\x2c\x31\x35\
\x22\x2f\x3e\x20\x3c\x6c\x69\x6e\x65\x20\x78\x31\x3d\x22\x31\x32\
\x22\x20\x79\x31\x3d\x22\x39\x22\x20\x78\x32\x3d\x22\x31\x32\x22\
\x20\x79\x32\x3d\x22\x39\x22\x2f\x3e\x20\x3c\x63\x69\x72\x63\x6c\
\x65\x20\x63\x78\x3d\x22\x31\x32\x22\x20\x63\x79\x3d\x22\x31\x32\
\x22\x20\x72\x3d\x22\x31\x30\x22\x2f\x3e\x20\x3c\x2f\x73\x76\x67\
\x3e\
\x00\x00\x01\x6a\
\x3c\
\x73\x76\x67\x20\x72\x6f\x6c\x65\x3d\x22\x69\x6d\x67\x22\x20\x78\
\x6d\x6c\x6e\x73\x3d\x22\x68\x74\x74\x70\x3a\x2f\x2f\x77\x77\x77\
\x2e\x77\x33\x2e\x6f\x72\x67\x2f\x32\x30\x30\x30\x2f\x73\x76\x67\
\x22\x20\x77\x69\x64\x74\x68\x3d\x22\x33\x32\x70\x78\x22\x20\x68\
\x65\x69\x67\x68\x74\x3d\x22\x33\x32\x70\x78\x22\x20\x76\x69\x65\
\x77\x42\x6f\x78\x3d\x22\x30\x20\x30\x20\x32\x34\x20\x32\x34\x22\
\x20\x61\x72\x69\x61\x2d\x6c\x61\x62\x65\x6c\x6c\x65\x64\x62\x79\
\x3d\x22\x73\x65\x61\x72\x63\x68\x49\x63\x6f\x6e\x54\x69\x74\x6c\
\x65\x22\x20\x73\x74\x72\x6f\x6b\x65\x3d\x22\x23\x30\x30\x30\x22\
\x20\x73\x74\x72\x6f\x6b\x65\x2d\x77\x69\x64\x74\x68\x3d\x22\x31\
\x2e\x35\x22\x20\x73\x74\x72\x6f\x6b\x65\x2d\x6c\x69\x6e\x65\x63\
\x61\x70\x3d\x22\x73\x71\x75\x61\x72\x65\x22\x20\x73\x74\x72\x6f\
\x6b\x65\x2d\x6c\x69\x6e\x65\x6a\x6f\x69\x6e\x3d\x22\x6d\x69\x74\
\x65\x72\x22\x20\x66\x69\x6c\x6c\x3d\x22\x6e\x6f\x6e\x65\x22\x20\
\x63\x6f\x6c\x6f\x72\x3d\x22\x23\x30\x30\x30\x22\x3e\x20\x3c\x74\
\x69\x74\x6c\x65\x20\x69\x64\x3d\x22\x73\x65\x61\x72\x63\x68\x49\
\x63\x6f\x6e\x54\x69\x74\x6c\x65\x22\x3e\x53\x65\x61\x72\x63\x68\
\x3c\x2f\x74\x69\x74\x6c\x65\x3e\x20\x3c\x70\x61\x74\x68\x20\x64\
\x3d\x22\x4d\x31\x34\x2e\x34\x31\x32\x31\x31\x32\x32\x2c\x31\x34\
\x2e\x34\x31\x32\x31\x31\x32\x32\x20\x4c\x32\x30\x2c\x32\x30\x22\
\x2f\x3e\x20\x3c\x63\x69\x72\x63\x6c\x65\x20\x63\x78\x3d\x22\x31\
\x30\x22\x20\x63\x79\x3d\x22\x31\x30\x22\x20\x72\x3d\x22\x36\x22\
\x2f\x3e\x20\x3c\x2f\x73\x76\x67\x3e\
\x00\x00\x02\x21\
\x3c\
\x73\x76\x67\x20\x77\x69\x64\x74\x68\x3d\x22\x33\x32\x70\x78\x22\
\x20\x68\x65\x69\x67\x68\x74\x3d\x22\x33\x32\x70\x78\x22\x20\x76\
\x69\x65\x77\x42\x6f\x78\x3d\x22\x30\x20\x30\x20\x32\x34\x20\x32\
\x34\x22\x20\x66\x69\x6c\x6c\x3d\x22\x6e\x6f\x6e\x65\x22\x20\x78\
\x6d\x6c\x6e\x73\x3d\x22\x68\x74\x74\x70\x3a\x2f\x2f\x77\x77\x77\
\x2e\x77\x33\x2e\x6f\x72\x67\x2f\x32\x30\x30\x30\x2f\x73\x76\x67\
\x22\x20\x61\x72\x69\x61\x2d\x6c\x61\x62\x65\x6c\x6c\x65\x64\x62\
\x79\x3d\x22\x73\x6b\x75\x6c\x6c\x49\x63\x6f\x6e\x54\x69\x74\x6c\
\x65\x22\x20\x73\x74\x72\x6f\x6b\x65\x3d\x22\x23\x30\x30\x30\x22\
\x20\x73\x74\x72\x6f\x6b\x65\x2d\x77\x69\x64\x74\x68\x3d\x22\x31\
\x2e\x35\x22\x20\x73\x74\x72\x6f\x6b\x65\x2d\x6c\x69\x6e\x65\x63\
\x61\x70\x3d\x22\x73\x71\x75\x61\x72\x65\x22\x20\x73\x74\x72\x6f\
\x6b\x65\x2d\x6c\x69\x6e\x65\x6a\x6f\x69\x6e\x3d\x22\x6d\x69\x74\
\x65\x72\x22\x20\x63\x6f\x6c\x6f\x72\x3d\x22\x23\x30\x30\x30\x22\
\x3e\x20\x3c\x74\x69\x74\x6c\x65\x20\x69\x64\x3d\x22\x73\x6b\x75\
\x6c\x6c\x49\x63\x6f\x6e\x54\x69\x74\x6c\x65\x22\x3e\x53\x6b\x75\
\x6c\x6c\x3c\x2f\x74\x69\x74\x6c\x65\x3e\x20\x3c\x70\x61\x74\x68\
\x20\x64\x3d\x22\x4d\x31\x36\x20\x31\x37\x2e\x39\x32\x39\x37\x43\
\x31\x38\x2e\x33\x39\x31\x32\x20\x31\x36\x2e\x35\x34\x36\x35\x20\
\x32\x30\x20\x31\x33\x2e\x39\x36\x31\x31\x20\x32\x30\x20\x31\x31\
\x43\x32\x30\x20\x36\x2e\x35\x38\x31\x37\x32\x20\x31\x36\x2e\x34\
\x31\x38\x33\x20\x33\x20\x31\x32\x20\x33\x43\x37\x2e\x35\x38\x31\
\x37\x32\x20\x33\x20\x34\x20\x36\x2e\x35\x38\x31\x37\x32\x20\x34\
\x20\x31\x31\x43\x34\x20\x31\x33\x2e\x39\x36\x31\x31\x20\x35\x2e\
\x36\x30\x38\x37\x39\x20\x31\x36\x2e\x35\x34\x36\x35\x20\x38\x20\
\x31\x37\x2e\x39\x32\x39\x37\x56\x32\x31\x48\x31\x36\x56\x31\x37\
\x2e\x39\x32\x39\x37\x5a\x22\x2f\x3e\x20\x3c\x63\x69\x72\x63\x6c\
\x65\x20\x63\x78\x3d\x22\x38\x2e\x35\x22\x20\x63\x79\x3d\x22\x31\
\x30\x2e\x35\x22\x20\x72\x3d\x22\x31\x22\x2f\x3e\x20\x3c\x63\x69\
\x72\x63\x6c\x65\x20\x63\x78\x3d\x22\x31\x35\x2e\x35\x22\x20\x63\
\x79\x3d\x22\x31\x30\x2e\x35\x22\x20\x72\x3d\x22\x31\x22\x2f\x3e\
\x20\x3c\x70\x61\x74\x68\x20\x64\x3d\x22\x4d\x31\x31\x2e\x35\x20\
\x31\x35\x4c\x31\x32\x20\x31\x34\x4c\x31\x32\x2e\x35\x20\x31\x35\
\x48\x31\x31\x2e\x35\x5a\x22\x2f\x3e\x20\x3c\x2f\x73\x76\x67\x3e\
\
\x00\x00\x01\xa7\
\x3c\
\x73\x76\x67\x20\x77\x69\x64\x74\x68\x3d\x22\x33\x32\x70\x78\x22\
\x20\x68\x65\x69\x67\x68\x74\x3d\x22\x33\x32\x70\x78\x22\x20\x76\
\x69\x65\x77\x42\x6f\x78\x3d\x22\x30\x20\x30\x20\x32\x34\x20\x32\
\x34\x22\x20\x66\x69\x6c\x6c\x3d\x22\x6e\x6f\x6e\x65\x22\x20\x78\
\x6d\x6c\x6e\x73\x3d\x22\x68\x74\x74\x70\x3a\x2f\x2f\x77\x77\x77\
\x2e\x77\x33\x2e\x6f\x72\x67\x2f\x32\x30\x30\x30\x2f\x73\x76\x67\
\x22\x20\x61\x72\x69\x61\x2d\x6c\x61\x62\x65\x6c\x6c\x65\x64\x62\
\x79\x3d\x22\x74\x72\x61\x6e\x73\x70\x6f\x72\x74\x49\x63\x6f\x6e\
\x54\x69\x74\x6c\x65\x22\x20\x73\x74\x72\x6f\x6b\x65\x3d\x22\x23\
\x30\x30\x30\x22\x20\x73\x74\x72\x6f\x6b\x65\x2d\x77\x69\x64\x74\
\x68\x3d\x22\x31\x2e\x35\x22\x20\x73\x74\x72\x6f\x6b\x65\x2d\x6c\
\x69\x6e\x65\x63\x61\x70\x3d\x22\x73\x71\x75\x61\x72\x65\x22\x20\
\x73\x74\x72\x6f\x6b\x65\x2d\x6c\x69\x6e\x65\x6a\x6f\x69\x6e\x3d\
\x22\x6d\x69\x74\x65\x72\x22\x20\x63\x6f\x6c\x6f\x72\x3d\x22\x23\
\x30\x30\x30\x22\x3e\x20\x3c\x74\x69\x74\x6c\x65\x20\x69\x64\x3d\
\x22\x74\x72\x61\x6e\x73\x70\x6f\x72\x74\x49\x63\x6f\x6e\x54\x69\
\x74\x6c\x65\x22\x3e\x54\x72\x61\x6e\x73\x70\x6f\x72\x74\x3c\x2f\
\x74\x69\x74\x6c\x65\x3e\x20\x3c\x70\x61\x74\x68\x20\x64\x3d\x22\
\x4d\x34\x20\x31\x37\x48\x32\x56\x37\x48\x31\x35\x56\x31\x37\x48\
\x38\x22\x2f\x3e\x20\x3c\x70\x61\x74\x68\x20\x64\x3d\x22\x4d\x32\
\x30\x20\x31\x37\x48\x32\x32\x56\x31\x32\x2e\x35\x35\x35\x36\x4c\
\x32\x30\x20\x39\x48\x31\x35\x56\x31\x37\x48\x31\x36\x22\x2f\x3e\
\x20\x3c\x63\x69\x72\x63\x6c\x65\x20\x63\x78\x3d\x22\x36\x22\x20\
\x63\x79\x3d\x22\x31\x37\x22\x20\x72\x3d\x22\x32\x22\x2f\x3e\x20\
\x3c\x63\x69\x72\x63\x6c\x65\x20\x63\x78\x3d\x22\x31\x38\x22\x20\
\x63\x79\x3d\x22\x31\x37\x22\x20\x72\x3d\x22\x32\x22\x2f\x3e\x20\
\x3c\x2f\x73\x76\x67\x3e\
\x00\x00\x01\x62\
\x3c\
\x73\x76\x67\x20\x72\x6f\x6c\x65\x3d\x22\x69\x6d\x67\x22\x20\x78\
\x6d\x6c\x6e\x73\x3d\x22\x68\x74\x74\x70\x3a\x2f\x2f\x77\x77\x77\
\x2e\x77\x33\x2e\x6f\x72\x67\x2f\x32\x30\x30\x30\x2f\x73\x76\x67\
\x22\x20\x77\x69\x64\x74\x68\x3d\x22\x33\x32\x70\x78\x22\x20\x68\
\x65\x69\x67\x68\x74\x3d\x22\x33\x32\x70\x78\x22\x20\x76\x69\x65\
\x77\x42\x6f\x78\x3d\x22\x30\x20\x30\x20\x32\x34\x20\x32\x34\x22\
\x20\x61\x72\x69\x61\x2d\x6c\x61\x62\x65\x6c\x6c\x65\x64\x62\x79\
\x3d\x22\x6c\x69\x73\x74\x41\x6c\x74\x49\x63\x6f\x6e\x54\x69\x74\
\x6c\x65\x22\x20\x73\x74\x72\x6f\x6b\x65\x3d\x22\x23\x30\x30\x30\
\x22\x20\x73\x74\x72\x6f\x6b\x65\x2d\x77\x69\x64\x74\x68\x3d\x22\
\x31\x2e\x35\x22\x20\x73\x74\x72\x6f\x6b\x65\x2d\x6c\x69\x6e\x65\
\x63\x61\x70\x3d\x22\x73\x71\x75\x61\x72\x65\x22\x20\x73\x74\x72\
\x6f\x6b\x65\x2d\x6c\x69\x6e\x65\x6a\x6f\x69\x6e\x3d\x22\x6d\x69\
\x74\x65\x72\x22\x20\x66\x69\x6c\x6c\x3d\x22\x6e\x6f\x6e\x65\x22\
\x20\x63\x6f\x6c\x6f\x72\x3d\x22\x23\x30\x30\x30\x22\x3e\x20\x3c\
\x74\x69\x74\x6c\x65\x20\x69\x64\x3d\x22\x6c\x69\x73\x74\x41\x6c\
\x74\x49\x63\x6f\x6e\x54\x69\x74\x6c\x65\x22\x2f\x3e\x20\x3c\x70\
\x61\x74\x68\x20\x64\x3d\x22\x4d\x35\x20\x31\x35\x4c\x31\x39\x20\
\x31\x35\x4d\x35\x20\x31\x39\x4c\x31\x39\x20\x31\x39\x22\x2f\x3e\
\x20\x3c\x72\x65\x63\x74\x20\x77\x69\x64\x74\x68\x3d\x22\x31\x34\
\x22\x20\x68\x65\x69\x67\x68\x74\x3d\x22\x36\x22\x20\x78\x3d\x22\
\x35\x22\x20\x79\x3d\x22\x35\x22\x2f\x3e\x20\x3c\x2f\x73\x76\x67\
\x3e\
\x00\x00\x03\x3a\
\x3c\
\x73\x76\x67\x20\x72\x6f\x6c\x65\x3d\x22\x69\x6d\x67\x22\x20\x78\
\x6d\x6c\x6e\x73\x3d\x22\x68\x74\x74\x70\x3a\x2f\x2f\x77\x77\x77\
\x2e\x77\x33\x2e\x6f\x72\x67\x2f\x32\x30\x30\x30\x2f\x73\x76\x67\
\x22\x20\x77\x69\x64\x74\x68\x3d\x22\x33\x32\x70\x78\x22\x20\x68\
\x65\x69\x67\x68\x74\x3d\x22\x33\x32\x70\x78\x22\x20\x76\x69\x65\
\x77\x42\x6f\x78\x3d\x22\x30\x20\x30\x20\x32\x34\x20\x32\x34\x22\
\x20\x61\x72\x69\x61\x2d\x6c\x61\x62\x65\x6c\x6c\x65\x64\x62\x79\
\x3d\x22\x74\x68\x75\x6d\x62\x44\x6f\x77\x6e\x49\x63\x6f\x6e\x54\
\x69\x74\x6c\x65\x22\x20\x73\x74\x72\x6f\x6b\x65\x3d\x22\x23\x30\
\x30\x30\x22\x20\x73\x74\x72\x6f\x6b\x65\x2d\x77\x69\x64\x74\x68\
\x3d\x22\x31\x2e\x35\x22\x20\x73\x74\x72\x6f\x6b\x65\x2d\x6c\x69\
\x6e\x65\x63\x61\x70\x3d\x22\x73\x71\x75\x61\x72\x65\x22\x20\x73\
\x74\x72\x6f\x6b\x65\x2d\x6c\x69\x6e\x65\x6a\x6f\x69\x6e\x3d\x22\
\x6d\x69\x74\x65\x72\x22\x20\x66\x69\x6c\x6c\x3d\x22\x6e\x6f\x6e\
\x65\x22\x20\x63\x6f\x6c\x6f\x72\x3d\x22\x23\x30\x30\x30\x22\x3e\
\x20\x3c\x74\x69\x74\x6c\x65\x20\x69\x64\x3d\x22\x74\x68\x75\x6d\
\x62\x44\x6f\x77\x6e\x49\x63\x6f\x6e\x54\x69\x74\x6c\x65\x22\x3e\
\x54\x68\x75\x6d\x62\x20\x44\x6f\x77\x6e\x3c\x2f\x74\x69\x74\x6c\
\x65\x3e\x20\x3c\x70\x61\x74\x68\x20\x64\x3d\x22\x4d\x31\x36\x2c\
\x31\x35\x2e\x32\x36\x30\x31\x35\x31\x38\x20\x43\x31\x36\x2c\x31\
\x35\x2e\x37\x33\x37\x35\x37\x34\x34\x20\x31\x35\x2e\x38\x32\x39\
\x32\x31\x35\x37\x2c\x31\x36\x2e\x31\x39\x39\x32\x34\x38\x34\x20\
\x31\x35\x2e\x35\x31\x38\x35\x31\x33\x32\x2c\x31\x36\x2e\x35\x36\
\x31\x37\x33\x34\x36\x20\x4c\x31\x30\x2e\x37\x32\x37\x36\x30\x36\
\x39\x2c\x32\x32\x2e\x31\x35\x31\x31\x32\x35\x33\x20\x43\x31\x30\
\x2e\x32\x39\x39\x39\x38\x37\x33\x2c\x32\x32\x2e\x36\x35\x30\x30\
\x31\x34\x38\x20\x39\x2e\x35\x38\x37\x37\x30\x36\x38\x35\x2c\x32\
\x32\x2e\x37\x39\x33\x38\x35\x33\x34\x20\x39\x2c\x32\x32\x2e\x35\
\x20\x43\x38\x2e\x34\x32\x36\x32\x30\x34\x32\x39\x2c\x32\x32\x2e\
\x32\x31\x33\x31\x30\x32\x31\x20\x38\x2e\x31\x35\x30\x36\x38\x35\
\x39\x37\x2c\x32\x31\x2e\x35\x34\x37\x39\x34\x32\x31\x20\x38\x2e\
\x33\x35\x33\x35\x35\x33\x33\x39\x2c\x32\x30\x2e\x39\x33\x39\x33\
\x33\x39\x38\x20\x4c\x31\x30\x2c\x31\x36\x20\x4c\x35\x2e\x33\x39\
\x36\x34\x32\x35\x34\x33\x2c\x31\x36\x20\x43\x35\x2e\x32\x37\x36\
\x34\x34\x32\x32\x33\x2c\x31\x36\x20\x35\x2e\x31\x35\x36\x37\x30\
\x32\x34\x32\x2c\x31\x35\x2e\x39\x38\x39\x32\x30\x33\x31\x20\x35\
\x2e\x30\x33\x38\x36\x35\x34\x35\x36\x2c\x31\x35\x2e\x39\x36\x37\
\x37\x33\x39\x38\x20\x43\x33\x2e\x39\x35\x31\x39\x30\x31\x38\x36\
\x2c\x31\x35\x2e\x37\x37\x30\x31\x34\x38\x34\x20\x33\x2e\x32\x33\
\x31\x30\x39\x34\x32\x31\x2c\x31\x34\x2e\x37\x32\x38\x39\x38\x31\
\x38\x20\x33\x2e\x34\x32\x38\x36\x38\x35\x36\x31\x2c\x31\x33\x2e\
\x36\x34\x32\x32\x32\x39\x31\x20\x4c\x34\x2e\x37\x30\x31\x34\x31\
\x32\x38\x39\x2c\x36\x2e\x36\x34\x32\x32\x32\x39\x31\x32\x20\x43\
\x34\x2e\x38\x37\x34\x33\x31\x38\x35\x39\x2c\x35\x2e\x36\x39\x31\
\x32\x34\x37\x37\x33\x20\x35\x2e\x37\x30\x32\x35\x38\x30\x34\x32\
\x2c\x35\x20\x36\x2e\x36\x36\x39\x31\x35\x32\x37\x31\x2c\x35\x20\
\x4c\x31\x34\x2c\x35\x20\x43\x31\x35\x2e\x31\x30\x34\x35\x36\x39\
\x35\x2c\x35\x20\x31\x36\x2c\x35\x2e\x38\x39\x35\x34\x33\x30\x35\
\x20\x31\x36\x2c\x37\x20\x4c\x31\x36\x2c\x31\x35\x2e\x32\x36\x30\
\x31\x35\x31\x38\x20\x5a\x22\x2f\x3e\x20\x3c\x70\x61\x74\x68\x20\
\x64\x3d\x22\x4d\x32\x30\x2c\x31\x35\x20\x4c\x32\x30\x2c\x36\x22\
\x2f\x3e\x20\x3c\x2f\x73\x76\x67\x3e\
\x00\x00\x01\xc4\
\x3c\
\x73\x76\x67\x20\x72\x6f\x6c\x65\x3d\x22\x69\x6d\x67\x22\x20\x78\
\x6d\x6c\x6e\x73\x3d\x22\x68\x74\x74\x70\x3a\x2f\x2f\x77\x77\x77\
\x2e\x77\x33\x2e\x6f\x72\x67\x2f\x32\x30\x30\x30\x2f\x73\x76\x67\
\x22\x20\x77\x69\x64\x74\x68\x3d\x22\x33\x32\x70\x78\x22\x20\x68\
\x65\x69\x67\x68\x74\x3d\x22\x33\x32\x70\x78\x22\x20\x76\x69\x65\
\x77\x42\x6f\x78\x3d\x22\x30\x20\x30\x20\x32\x34\x20\x32\x34\x22\
\x20\x61\x72\x69\x61\x2d\x6c\x61\x62\x65\x6c\x6c\x65\x64\x62\x79\
\x3d\x22\x74\x72\x65\x6e\x64\x69\x6e\x67\x55\x70\x49\x63\x6f\x6e\
\x54\x69\x74\x6c\x65\x22\x20\x73\x74\x72\x6f\x6b\x65\x3d\x22\x23\
\x30\x30\x30\x22\x20\x73\x74\x72\x6f\x6b\x65\x2d\x77\x69\x64\x74\
\x68\x3d\x22\x31\x2e\x35\x22\x20\x73\x74\x72\x6f\x6b\x65\x2d\x6c\
\x69\x6e\x65\x63\x61\x70\x3d\x22\x73\x71\x75\x61\x72\x65\x22\x20\
\x73\x74\x72\x6f\x6b\x65\x2d\x6c\x69\x6e\x65\x6a\x6f\x69\x6e\x3d\
\x22\x6d\x69\x74\x65\x72\x22\x20\x66\x69\x6c\x6c\x3d\x22\x6e\x6f\
\x6e\x65\x22\x20\x63\x6f\x6c\x6f\x72\x3d\x22\x23\x30\x30\x30\x22\
\x3e\x20\x3c\x74\x69\x74\x6c\x65\x20\x69\x64\x3d\x22\x74\x72\x65\
\x6e\x64\x69\x6e\x67\x55\x70\x49\x63\x6f\x6e\x54\x69\x74\x6c\x65\
\x22\x3e\x54\x72\x65\x6e\x64\x69\x6e\x67\x20\x55\x70\x3c\x2f\x74\
\x69\x74\x6c\x65\x3e\x20\x3c\x70\x6f\x6c\x79\x6c\x69\x6e\x65\x20\
\x70\x6f\x69\x6e\x74\x73\x3d\x22\x33\x20\x31\x37\x20\x39\x20\x31\
\x31\x20\x31\x33\x20\x31\x35\x20\x32\x30\x2e\x34\x30\x35\x20\x37\
\x2e\x35\x39\x35\x22\x2f\x3e\x20\x3c\x70\x61\x74\x68\x20\x73\x74\
\x72\x6f\x6b\x65\x2d\x6c\x69\x6e\x65\x63\x61\x70\x3d\x22\x72\x6f\
\x75\x6e\x64\x22\x20\x64\x3d\x22\x4d\x32\x30\x2e\x34\x30\x35\x34\
\x36\x31\x33\x2c\x37\x2e\x35\x39\x34\x35\x33\x38\x37\x33\x20\x4c\
\x32\x31\x2c\x37\x22\x2f\x3e\x20\x3c\x70\x6f\x6c\x79\x6c\x69\x6e\
\x65\x20\x70\x6f\x69\x6e\x74\x73\x3d\x22\x32\x31\x20\x31\x30\x20\
\x32\x31\x20\x37\x20\x31\x38\x20\x37\x22\x2f\x3e\x20\x3c\x2f\x73\
\x76\x67\x3e\
\x00\x00\x02\x45\
\x3c\
\x73\x76\x67\x20\x72\x6f\x6c\x65\x3d\x22\x69\x6d\x67\x22\x20\x78\
\x6d\x6c\x6e\x73\x3d\x22\x68\x74\x74\x70\x3a\x2f\x2f\x77\x77\x77\
\x2e\x77\x33\x2e\x6f\x72\x67\x2f\x32\x30\x30\x30\x2f\x73\x76\x67\
\x22\x20\x77\x69\x64\x74\x68\x3d\x22\x33\x32\x70\x78\x22\x20\x68\
\x65\x69\x67\x68\x74\x3d\x22\x33\x32\x70\x78\x22\x20\x76\x69\x65\
\x77\x42\x6f\x78\x3d\x22\x30\x20\x30\x20\x32\x34\x20\x32\x34\x22\
\x20\x61\x72\x69\x61\x2d\x6c\x61\x62\x65\x6c\x6c\x65\x64\x62\x79\
\x3d\x22\x73\x68\x69\x65\x6c\x64\x49\x63\x6f\x6e\x54\x69\x74\x6c\
\x65\x22\x20\x73\x74\x72\x6f\x6b\x65\x3d\x22\x23\x30\x30\x30\x22\
\x20\x73\x74\x72\x6f\x6b\x65\x2d\x77\x69\x64\x74\x68\x3d\x22\x31\
\x2e\x35\x22\x20\x73\x74\x72\x6f\x6b\x65\x2d\x6c\x69\x6e\x65\x63\
\x61\x70\x3d\x22\x73\x71\x75\x61\x72\x65\x22\x20\x73\x74\x72\x6f\
\x6b\x65\x2d\x6c\x69\x6e\x65\x6a\x6f\x69\x6e\x3d\x22\x6d\x69\x74\
\x65\x72\x22\x20\x66\x69\x6c\x6c\x3d\x22\x6e\x6f\x6e\x65\x22\x20\
\x63\x6f\x6c\x6f\x72\x3d\x22\x23\x30\x30\x30\x22\x3e\x20\x3c\x74\
\x69\x74\x6c\x65\x20\x69\x64\x3d\x22\x73\x68\x69\x65\x6c\x64\x49\
\x63\x6f\x6e\x54\x69\x74\x6c\x65\x22\x3e\x53\x68\x69\x65\x6c\x64\
\x3c\x2f\x74\x69\x74\x6c\x65\x3e\x20\x3c\x70\x61\x74\x68\x20\x64\
\x3d\x22\x4d\x31\x39\x2c\x31\x34\x2e\x37\x33\x36\x38\x34\x32\x31\
\x20\x43\x31\x39\x2c\x31\x37\x2e\x31\x32\x32\x38\x30\x37\x20\x31\
\x36\x2e\x36\x36\x36\x36\x36\x36\x37\x2c\x31\x39\x2e\x32\x31\x30\
\x35\x32\x36\x33\x20\x31\x32\x2c\x32\x31\x20\x43\x37\x2e\x33\x33\
\x33\x33\x33\x33\x33\x33\x2c\x31\x39\x2e\x32\x31\x30\x35\x32\x36\
\x33\x20\x35\x2c\x31\x37\x2e\x31\x32\x32\x38\x30\x37\x20\x35\x2c\
\x31\x34\x2e\x37\x33\x36\x38\x34\x32\x31\x20\x43\x35\x2c\x31\x32\
\x2e\x33\x35\x30\x38\x37\x37\x32\x20\x35\x2c\x39\x2e\x33\x36\x38\
\x34\x32\x31\x30\x35\x20\x35\x2c\x35\x2e\x37\x38\x39\x34\x37\x33\
\x36\x38\x20\x43\x38\x2e\x31\x33\x36\x31\x31\x34\x38\x32\x2c\x34\
\x2e\x35\x39\x36\x34\x39\x31\x32\x33\x20\x31\x30\x2e\x34\x36\x39\
\x34\x34\x38\x31\x2c\x34\x20\x31\x32\x2c\x34\x20\x43\x31\x33\x2e\
\x35\x33\x30\x35\x35\x31\x39\x2c\x34\x20\x31\x35\x2e\x38\x36\x33\
\x38\x38\x35\x32\x2c\x34\x2e\x35\x39\x36\x34\x39\x31\x32\x33\x20\
\x31\x39\x2c\x35\x2e\x37\x38\x39\x34\x37\x33\x36\x38\x20\x43\x31\
\x39\x2c\x39\x2e\x33\x36\x38\x34\x32\x31\x30\x35\x20\x31\x39\x2c\
\x31\x32\x2e\x33\x35\x30\x38\x37\x37\x32\x20\x31\x39\x2c\x31\x34\
\x2e\x37\x33\x36\x38\x34\x32\x31\x20\x5a\x22\x2f\x3e\x20\x3c\x2f\
\x73\x76\x67\x3e\
\x00\x00\x01\x57\
\x3c\
\x73\x76\x67\x20\x72\x6f\x6c\x65\x3d\x22\x69\x6d\x67\x22\x20\x78\
\x6d\x6c\x6e\x73\x3d\x22\x68\x74\x74\x70\x3a\x2f\x2f\x77\x77\x77\
\x2e\x77\x33\x2e\x6f\x72\x67\x2f\x32\x30\x30\x30\x2f\x73\x76\x67\
\x22\x20\x77\x69\x64\x74\x68\x3d\x22\x33\x32\x70\x78\x22\x20\x68\
\x65\x69\x67\x68\x74\x3d\x22\x33\x32\x70\x78\x22\x20\x76\x69\x65\
\x77\x42\x6f\x78\x3d\x22\x30\x20\x30\x20\x32\x34\x20\x32\x34\x22\
\x20\x61\x72\x69\x61\x2d\x6c\x61\x62\x65\x6c\x6c\x65\x64\x62\x79\
\x3d\x22\x70\x72\x65\x76\x69\x6f\x75\x73\x49\x63\x6f\x6e\x54\x69\
\x74\x6c\x65\x22\x20\x73\x74\x72\x6f\x6b\x65\x3d\x22\x23\x30\x30\
\x30\x22\x20\x73\x74\x72\x6f\x6b\x65\x2d\x77\x69\x64\x74\x68\x3d\
\x22\x31\x2e\x35\x22\x20\x73\x74\x72\x6f\x6b\x65\x2d\x6c\x69\x6e\
\x65\x63\x61\x70\x3d\x22\x73\x71\x75\x61\x72\x65\x22\x20\x73\x74\
\x72\x6f\x6b\x65\x2d\x6c\x69\x6e\x65\x6a\x6f\x69\x6e\x3d\x22\x6d\
\x69\x74\x65\x72\x22\x20\x66\x69\x6c\x6c\x3d\x22\x6e\x6f\x6e\x65\
\x22\x20\x63\x6f\x6c\x6f\x72\x3d\x22\x23\x30\x30\x30\x22\x3e\x20\
\x3c\x74\x69\x74\x6c\x65\x20\x69\x64\x3d\x22\x70\x72\x65\x76\x69\
\x6f\x75\x73\x49\x63\x6f\x6e\x54\x69\x74\x6c\x65\x22\x3e\x50\x72\
\x65\x76\x69\x6f\x75\x73\x3c\x2f\x74\x69\x74\x6c\x65\x3e\x20\x3c\
\x70\x61\x74\x68\x20\x64\x3d\x22\x4d\x37\x20\x31\x31\x2e\x35\x4c\
\x31\x38\x20\x31\x38\x56\x35\x7a\x22\x2f\x3e\x20\x3c\x70\x61\x74\
\x68\x20\x64\x3d\x22\x4d\x36\x20\x31\x38\x56\x35\x22\x2f\x3e\x20\
\x3c\x2f\x73\x76\x67\x3e\
\x00\x00\x02\xea\
\x3c\
\x73\x76\x67\x20\x72\x6f\x6c\x65\x3d\x22\x69\x6d\x67\x22\x20\x78\
\x6d\x6c\x6e\x73\x3d\x22\x68\x74\x74\x70\x3a\x2f\x2f\x77\x77\x77\
\x2e\x77\x33\x2e\x6f\x72\x67\x2f\x32\x30\x30\x30\x2f\x73\x76\x67\
\x22\x20\x77\x69\x64\x74\x68\x3d\x22\x33\x32\x70\x78\x22\x20\x68\
\x65\x69\x67\x68\x74\x3d\x22\x33\x32\x70\x78\x22\x20\x76\x69\x65\
\x77\x42\x6f\x78\x3d\x22\x30\x20\x30\x20\x32\x34\x20\x32\x34\x22\
\x20\x61\x72\x69\x61\x2d\x6c\x61\x62\x65\x6c\x6c\x65\x64\x62\x79\
\x3d\x22\x74\x68\x75\x6e\x64\x65\x72\x49\x63\x6f\x6e\x54\x69\x74\
\x6c\x65\x22\x20\x73\x74\x72\x6f\x6b\x65\x3d\x22\x23\x30\x30\x30\
\x22\x20\x73\x74\x72\x6f\x6b\x65\x2d\x77\x69\x64\x74\x68\x3d\x22\
\x31\x2e\x35\x22\x20\x73\x74\x72\x6f\x6b\x65\x2d\x6c\x69\x6e\x65\
\x63\x61\x70\x3d\x22\x73\x71\x75\x61\x72\x65\x22\x20\x73\x74\x72\
\x6f\x6b\x65\x2d\x6c\x69\x6e\x65\x6a\x6f\x69\x6e\x3d\x22\x6d\x69\
\x74\x65\x72\x22\x20\x66\x69\x6c\x6c\x3d\x22\x6e\x6f\x6e\x65\x22\
\x20\x63\x6f\x6c\x6f\x72\x3d\x22\x23\x30\x30\x30\x22\x3e\x20\x3c\
\x74\x69\x74\x6c\x65\x20\x69\x64\x3d\x22\x74\x68\x75\x6e\x64\x65\
\x72\x49\x63\x6f\x6e\x54\x69\x74\x6c\x65\x22\x3e\x54\x68\x75\x6e\
\x64\x65\x72\x3c\x2f\x74\x69\x74\x6c\x65\x3e\x20\x3c\x70\x6f\x6c\
\x79\x6c\x69\x6e\x65\x20\x70\x6f\x69\x6e\x74\x73\x3d\x22\x31\x33\
\x20\x31\x35\x20\x31\x34\x20\x31\x38\x20\x31\x32\x20\x31\x38\x20\
\x31\x33\x20\x32\x31\x22\x2f\x3e\x20\x3c\x70\x61\x74\x68\x20\x64\
\x3d\x22\x4d\x31\x39\x2e\x30\x35\x31\x31\x37\x37\x2c\x31\x37\x2e\
\x39\x35\x36\x38\x34\x38\x32\x20\x43\x32\x30\x2e\x35\x2c\x31\x37\
\x2e\x39\x37\x30\x39\x32\x33\x34\x20\x32\x32\x2c\x31\x36\x2e\x32\
\x34\x35\x34\x36\x30\x34\x20\x32\x32\x2c\x31\x34\x2e\x35\x20\x43\
\x32\x32\x2c\x31\x32\x2e\x37\x30\x39\x35\x35\x32\x37\x20\x32\x30\
\x2e\x36\x35\x35\x35\x39\x32\x38\x2c\x31\x31\x2e\x32\x33\x33\x31\
\x30\x38\x35\x20\x31\x38\x2e\x39\x32\x31\x31\x39\x35\x31\x2c\x31\
\x31\x2e\x30\x32\x35\x30\x38\x34\x31\x20\x43\x31\x38\x2e\x34\x35\
\x35\x34\x39\x32\x37\x2c\x38\x2e\x31\x37\x35\x30\x33\x38\x39\x34\
\x20\x31\x35\x2e\x39\x38\x31\x37\x35\x30\x32\x2c\x36\x20\x31\x33\
\x2c\x36\x20\x43\x31\x30\x2e\x37\x31\x31\x38\x30\x31\x2c\x36\x20\
\x38\x2e\x37\x32\x32\x37\x37\x2c\x37\x2e\x32\x38\x30\x38\x39\x30\
\x38\x39\x20\x37\x2e\x37\x31\x30\x38\x31\x31\x34\x32\x2c\x39\x2e\
\x31\x36\x34\x37\x36\x38\x33\x38\x20\x43\x37\x2e\x33\x32\x35\x35\
\x36\x33\x38\x2c\x39\x2e\x30\x35\x37\x33\x39\x37\x38\x39\x20\x36\
\x2e\x39\x31\x39\x34\x38\x34\x39\x2c\x39\x20\x36\x2e\x35\x2c\x39\
\x20\x43\x34\x2e\x30\x31\x34\x37\x31\x38\x36\x33\x2c\x39\x20\x32\
\x2c\x31\x31\x2e\x30\x31\x34\x37\x31\x38\x36\x20\x32\x2c\x31\x33\
\x2e\x35\x20\x43\x32\x2c\x31\x35\x2e\x38\x31\x31\x33\x34\x32\x31\
\x20\x33\x2e\x35\x2c\x31\x37\x2e\x39\x37\x30\x39\x32\x33\x34\x20\
\x35\x2e\x39\x38\x35\x36\x32\x36\x34\x38\x2c\x31\x37\x2e\x39\x37\
\x30\x39\x32\x33\x34\x20\x43\x35\x2e\x39\x38\x35\x36\x32\x36\x34\
\x38\x2c\x31\x37\x2e\x39\x37\x30\x39\x32\x33\x34\x20\x36\x2e\x33\
\x32\x33\x37\x35\x30\x39\x39\x2c\x31\x37\x2e\x39\x37\x30\x39\x32\
\x33\x34\x20\x37\x2c\x31\x37\x2e\x39\x37\x30\x39\x32\x33\x34\x22\
\x2f\x3e\x20\x3c\x2f\x73\x76\x67\x3e\
\x00\x00\x01\xac\
\x3c\
\x73\x76\x67\x20\x72\x6f\x6c\x65\x3d\x22\x69\x6d\x67\x22\x20\x78\
\x6d\x6c\x6e\x73\x3d\x22\x68\x74\x74\x70\x3a\x2f\x2f\x77\x77\x77\
\x2e\x77\x33\x2e\x6f\x72\x67\x2f\x32\x30\x30\x30\x2f\x73\x76\x67\
\x22\x20\x77\x69\x64\x74\x68\x3d\x22\x33\x32\x70\x78\x22\x20\x68\
\x65\x69\x67\x68\x74\x3d\x22\x33\x32\x70\x78\x22\x20\x76\x69\x65\
\x77\x42\x6f\x78\x3d\x22\x30\x20\x30\x20\x32\x34\x20\x32\x34\x22\
\x20\x61\x72\x69\x61\x2d\x6c\x61\x62\x65\x6c\x6c\x65\x64\x62\x79\
\x3d\x22\x74\x75\x72\x6e\x52\x69\x67\x68\x74\x49\x63\x6f\x6e\x54\
\x69\x74\x6c\x65\x22\x20\x73\x74\x72\x6f\x6b\x65\x3d\x22\x23\x30\
\x30\x30\x22\x20\x73\x74\x72\x6f\x6b\x65\x2d\x77\x69\x64\x74\x68\
\x3d\x22\x31\x2e\x35\x22\x20\x73\x74\x72\x6f\x6b\x65\x2d\x6c\x69\
\x6e\x65\x63\x61\x70\x3d\x22\x73\x71\x75\x61\x72\x65\x22\x20\x73\
\x74\x72\x6f\x6b\x65\x2d\x6c\x69\x6e\x65\x6a\x6f\x69\x6e\x3d\x22\
\x6d\x69\x74\x65\x72\x22\x20\x66\x69\x6c\x6c\x3d\x22\x6e\x6f\x6e\
\x65\x22\x20\x63\x6f\x6c\x6f\x72\x3d\x22\x23\x30\x30\x30\x22\x3e\
\x20\x3c\x74\x69\x74\x6c\x65\x20\x69\x64\x3d\x22\x74\x75\x72\x6e\
\x52\x69\x67\x68\x74\x49\x63\x6f\x6e\x54\x69\x74\x6c\x65\x22\x3e\
\x54\x75\x72\x6e\x20\x52\x69\x67\x68\x74\x3c\x2f\x74\x69\x74\x6c\
\x65\x3e\x20\x3c\x70\x61\x74\x68\x20\x64\x3d\x22\x4d\x33\x2e\x37\
\x31\x34\x39\x33\x32\x31\x33\x2c\x31\x39\x2e\x33\x38\x37\x35\x20\
\x43\x33\x2e\x37\x31\x34\x39\x33\x32\x31\x33\x2c\x31\x33\x2e\x30\
\x39\x38\x33\x35\x37\x34\x20\x39\x2e\x30\x35\x39\x38\x36\x32\x31\
\x33\x2c\x39\x20\x31\x35\x2e\x36\x35\x33\x31\x36\x37\x34\x2c\x39\
\x20\x4c\x31\x39\x2c\x39\x22\x2f\x3e\x20\x3c\x70\x6f\x6c\x79\x6c\
\x69\x6e\x65\x20\x70\x6f\x69\x6e\x74\x73\x3d\x22\x31\x35\x20\x34\
\x20\x32\x30\x20\x39\x20\x31\x35\x20\x31\x34\x20\x31\x35\x20\x31\
\x34\x22\x2f\x3e\x20\x3c\x2f\x73\x76\x67\x3e\
\x00\x00\x01\x8c\
\x3c\
\x73\x76\x67\x20\x72\x6f\x6c\x65\x3d\x22\x69\x6d\x67\x22\x20\x78\
\x6d\x6c\x6e\x73\x3d\x22\x68\x74\x74\x70\x3a\x2f\x2f\x77\x77\x77\
\x2e\x77\x33\x2e\x6f\x72\x67\x2f\x32\x30\x30\x30\x2f\x73\x76\x67\
\x22\x20\x77\x69\x64\x74\x68\x3d\x22\x33\x32\x70\x78\x22\x20\x68\
\x65\x69\x67\x68\x74\x3d\x22\x33\x32\x70\x78\x22\x20\x76\x69\x65\
\x77\x42\x6f\x78\x3d\x22\x30\x20\x30\x20\x32\x34\x20\x32\x34\x22\
\x20\x61\x72\x69\x61\x2d\x6c\x61\x62\x65\x6c\x6c\x65\x64\x62\x79\
\x3d\x22\x63\x61\x72\x74\x49\x63\x6f\x6e\x54\x69\x74\x6c\x65\x22\
\x20\x73\x74\x72\x6f\x6b\x65\x3d\x22\x23\x30\x30\x30\x22\x20\x73\
\x74\x72\x6f\x6b\x65\x2d\x77\x69\x64\x74\x68\x3d\x22\x31\x2e\x35\
\x22\x20\x73\x74\x72\x6f\x6b\x65\x2d\x6c\x69\x6e\x65\x63\x61\x70\
\x3d\x22\x73\x71\x75\x61\x72\x65\x22\x20\x73\x74\x72\x6f\x6b\x65\
\x2d\x6c\x69\x6e\x65\x6a\x6f\x69\x6e\x3d\x22\x6d\x69\x74\x65\x72\
\x22\x20\x66\x69\x6c\x6c\x3d\x22\x6e\x6f\x6e\x65\x22\x20\x63\x6f\
\x6c\x6f\x72\x3d\x22\x23\x30\x30\x30\x22\x3e\x20\x3c\x74\x69\x74\
\x6c\x65\x20\x69\x64\x3d\x22\x63\x61\x72\x74\x49\x63\x6f\x6e\x54\
\x69\x74\x6c\x65\x22\x3e\x43\x61\x72\x74\x3c\x2f\x74\x69\x74\x6c\
\x65\x3e\x20\x3c\x70\x61\x74\x68\x20\x64\x3d\x22\x4d\x36\x20\x36\
\x68\x31\x35\x6c\x2d\x31\x2e\x35\x20\x39\x68\x2d\x31\x32\x7a\x22\
\x2f\x3e\x20\x3c\x63\x69\x72\x63\x6c\x65\x20\x63\x78\x3d\x22\x39\
\x22\x20\x63\x79\x3d\x22\x31\x39\x22\x20\x72\x3d\x22\x31\x22\x2f\
\x3e\x20\x3c\x63\x69\x72\x63\x6c\x65\x20\x63\x78\x3d\x22\x31\x38\
\x22\x20\x63\x79\x3d\x22\x31\x39\x22\x20\x72\x3d\x22\x31\x22\x2f\
\x3e\x20\x3c\x70\x61\x74\x68\x20\x64\x3d\x22\x4d\x36\x20\x36\x48\
\x33\x22\x2f\x3e\x20\x3c\x2f\x73\x76\x67\x3e\
\x00\x00\x01\xa9\
\x3c\
\x73\x76\x67\x20\x72\x6f\x6c\x65\x3d\x22\x69\x6d\x67\x22\x20\x78\
\x6d\x6c\x6e\x73\x3d\x22\x68\x74\x74\x70\x3a\x2f\x2f\x77\x77\x77\
\x2e\x77\x33\x2e\x6f\x72\x67\x2f\x32\x30\x30\x30\x2f\x73\x76\x67\
\x22\x20\x77\x69\x64\x74\x68\x3d\x22\x33\x32\x70\x78\x22\x20\x68\
\x65\x69\x67\x68\x74\x3d\x22\x33\x32\x70\x78\x22\x20\x76\x69\x65\
\x77\x42\x6f\x78\x3d\x22\x30\x20\x30\x20\x32\x34\x20\x32\x34\x22\
\x20\x61\x72\x69\x61\x2d\x6c\x61\x62\x65\x6c\x6c\x65\x64\x62\x79\
\x3d\x22\x61\x6e\x63\x68\x6f\x72\x49\x63\x6f\x6e\x54\x69\x74\x6c\
\x65\x22\x20\x73\x74\x72\x6f\x6b\x65\x3d\x22\x23\x30\x30\x30\x22\
\x20\x73\x74\x72\x6f\x6b\x65\x2d\x77\x69\x64\x74\x68\x3d\x22\x31\
\x2e\x35\x22\x20\x73\x74\x72\x6f\x6b\x65\x2d\x6c\x69\x6e\x65\x63\
\x61\x70\x3d\x22\x73\x71\x75\x61\x72\x65\x22\x20\x73\x74\x72\x6f\
\x6b\x65\x2d\x6c\x69\x6e\x65\x6a\x6f\x69\x6e\x3d\x22\x6d\x69\x74\
\x65\x72\x22\x20\x66\x69\x6c\x6c\x3d\x22\x6e\x6f\x6e\x65\x22\x20\
\x63\x6f\x6c\x6f\x72\x3d\x22\x23\x30\x30\x30\x22\x3e\x20\x3c\x74\
\x69\x74\x6c\x65\x20\x69\x64\x3d\x22\x61\x6e\x63\x68\x6f\x72\x49\
\x63\x6f\x6e\x54\x69\x74\x6c\x65\x22\x3e\x41\x6e\x63\x68\x6f\x72\
\x3c\x2f\x74\x69\x74\x6c\x65\x3e\x20\x3c\x70\x61\x74\x68\x20\x64\
\x3d\x22\x4d\x31\x32\x20\x32\x30\x4c\x31\x32\x20\x37\x4d\x39\x20\
\x31\x30\x4c\x31\x35\x20\x31\x30\x22\x2f\x3e\x20\x3c\x63\x69\x72\
\x63\x6c\x65\x20\x63\x78\x3d\x22\x31\x32\x22\x20\x63\x79\x3d\x22\
\x35\x22\x20\x72\x3d\x22\x32\x22\x2f\x3e\x20\x3c\x70\x61\x74\x68\
\x20\x64\x3d\x22\x4d\x32\x30\x2c\x31\x34\x20\x43\x31\x38\x2e\x36\
\x36\x36\x36\x36\x36\x37\x2c\x31\x38\x20\x31\x36\x2c\x32\x30\x20\
\x31\x32\x2c\x32\x30\x20\x43\x38\x2c\x32\x30\x20\x35\x2e\x33\x33\
\x33\x33\x33\x33\x33\x33\x2c\x31\x38\x20\x34\x2c\x31\x34\x22\x2f\
\x3e\x20\x3c\x2f\x73\x76\x67\x3e\
\x00\x00\x01\x95\
\x3c\
\x73\x76\x67\x20\x72\x6f\x6c\x65\x3d\x22\x69\x6d\x67\x22\x20\x78\
\x6d\x6c\x6e\x73\x3d\x22\x68\x74\x74\x70\x3a\x2f\x2f\x77\x77\x77\
\x2e\x77\x33\x2e\x6f\x72\x67\x2f\x32\x30\x30\x30\x2f\x73\x76\x67\
\x22\x20\x77\x69\x64\x74\x68\x3d\x22\x33\x32\x70\x78\x22\x20\x68\
\x65\x69\x67\x68\x74\x3d\x22\x33\x32\x70\x78\x22\x20\x76\x69\x65\
\x77\x42\x6f\x78\x3d\x22\x30\x20\x30\x20\x32\x34\x20\x32\x34\x22\
\x20\x61\x72\x69\x61\x2d\x6c\x61\x62\x65\x6c\x6c\x65\x64\x62\x79\
\x3d\x22\x64\x69\x72\x65\x63\x74\x69\x6f\x6e\x4c\x65\x66\x74\x49\
\x63\x6f\x6e\x54\x69\x74\x6c\x65\x22\x20\x73\x74\x72\x6f\x6b\x65\
\x3d\x22\x23\x30\x30\x30\x22\x20\x73\x74\x72\x6f\x6b\x65\x2d\x77\
\x69\x64\x74\x68\x3d\x22\x31\x2e\x35\x22\x20\x73\x74\x72\x6f\x6b\
\x65\x2d\x6c\x69\x6e\x65\x63\x61\x70\x3d\x22\x73\x71\x75\x61\x72\
\x65\x22\x20\x73\x74\x72\x6f\x6b\x65\x2d\x6c\x69\x6e\x65\x6a\x6f\
\x69\x6e\x3d\x22\x6d\x69\x74\x65\x72\x22\x20\x66\x69\x6c\x6c\x3d\
\x22\x6e\x6f\x6e\x65\x22\x20\x63\x6f\x6c\x6f\x72\x3d\x22\x23\x30\
\x30\x30\x22\x3e\x20\x3c\x74\x69\x74\x6c\x65\x20\x69\x64\x3d\x22\
\x64\x69\x72\x65\x63\x74\x69\x6f\x6e\x4c\x65\x66\x74\x49\x63\x6f\
\x6e\x54\x69\x74\x6c\x65\x22\x3e\x54\x75\x72\x6e\x20\x4c\x65\x66\
\x74\x3c\x2f\x74\x69\x74\x6c\x65\x3e\x20\x3c\x70\x61\x74\x68\x20\
\x64\x3d\x22\x4d\x36\x20\x37\x48\x31\x33\x2e\x31\x36\x36\x37\x43\
\x31\x33\x2e\x31\x36\x36\x37\x20\x37\x20\x31\x39\x20\x37\x20\x31\
\x39\x20\x31\x32\x2e\x38\x33\x33\x33\x43\x31\x39\x20\x31\x38\x2e\
\x36\x36\x36\x37\x20\x31\x39\x20\x32\x31\x20\x31\x39\x20\x32\x31\
\x22\x2f\x3e\x20\x3c\x70\x61\x74\x68\x20\x64\x3d\x22\x4d\x39\x20\
\x31\x31\x4c\x35\x20\x37\x4c\x39\x20\x33\x22\x2f\x3e\x20\x3c\x2f\
\x73\x76\x67\x3e\
\x00\x00\x02\x69\
\x3c\
\x73\x76\x67\x20\x72\x6f\x6c\x65\x3d\x22\x69\x6d\x67\x22\x20\x78\
\x6d\x6c\x6e\x73\x3d\x22\x68\x74\x74\x70\x3a\x2f\x2f\x77\x77\x77\
\x2e\x77\x33\x2e\x6f\x72\x67\x2f\x32\x30\x30\x30\x2f\x73\x76\x67\
\x22\x20\x77\x69\x64\x74\x68\x3d\x22\x33\x32\x70\x78\x22\x20\x68\
\x65\x69\x67\x68\x74\x3d\x22\x33\x32\x70\x78\x22\x20\x76\x69\x65\
\x77\x42\x6f\x78\x3d\x22\x30\x20\x30\x20\x32\x34\x20\x32\x34\x22\
\x20\x61\x72\x69\x61\x2d\x6c\x61\x62\x65\x6c\x6c\x65\x64\x62\x79\
\x3d\x22\x6d\x6f\x6f\x6e\x49\x63\x6f\x6e\x54\x69\x74\x6c\x65\x22\
\x20\x73\x74\x72\x6f\x6b\x65\x3d\x22\x23\x30\x30\x30\x22\x20\x73\
\x74\x72\x6f\x6b\x65\x2d\x77\x69\x64\x74\x68\x3d\x22\x31\x2e\x35\
\x22\x20\x73\x74\x72\x6f\x6b\x65\x2d\x6c\x69\x6e\x65\x63\x61\x70\
\x3d\x22\x73\x71\x75\x61\x72\x65\x22\x20\x73\x74\x72\x6f\x6b\x65\
\x2d\x6c\x69\x6e\x65\x6a\x6f\x69\x6e\x3d\x22\x6d\x69\x74\x65\x72\
\x22\x20\x66\x69\x6c\x6c\x3d\x22\x6e\x6f\x6e\x65\x22\x20\x63\x6f\
\x6c\x6f\x72\x3d\x22\x23\x30\x30\x30\x22\x3e\x20\x3c\x74\x69\x74\
\x6c\x65\x20\x69\x64\x3d\x22\x6d\x6f\x6f\x6e\x49\x63\x6f\x6e\x54\
\x69\x74\x6c\x65\x22\x3e\x4d\x6f\x6f\x6e\x3c\x2f\x74\x69\x74\x6c\
\x65\x3e\x20\x3c\x70\x61\x74\x68\x20\x64\x3d\x22\x4d\x31\x30\x2e\
\x34\x32\x33\x38\x33\x39\x2c\x33\x20\x43\x31\x30\x2e\x31\x34\x39\
\x30\x34\x37\x34\x2c\x33\x2e\x38\x30\x38\x33\x37\x32\x38\x39\x20\
\x31\x30\x2c\x34\x2e\x36\x37\x34\x38\x36\x30\x39\x39\x20\x31\x30\
\x2c\x35\x2e\x35\x37\x36\x31\x36\x30\x39\x38\x20\x43\x31\x30\x2c\
\x39\x2e\x39\x39\x34\x34\x33\x38\x39\x38\x20\x31\x33\x2e\x35\x38\
\x31\x37\x32\x32\x2c\x31\x33\x2e\x35\x37\x36\x31\x36\x31\x20\x31\
\x38\x2c\x31\x33\x2e\x35\x37\x36\x31\x36\x31\x20\x43\x31\x38\x2e\
\x39\x30\x31\x33\x2c\x31\x33\x2e\x35\x37\x36\x31\x36\x31\x20\x31\
\x39\x2e\x37\x36\x37\x37\x38\x38\x31\x2c\x31\x33\x2e\x34\x32\x37\
\x31\x31\x33\x35\x20\x32\x30\x2e\x35\x37\x36\x31\x36\x31\x2c\x31\
\x33\x2e\x31\x35\x32\x33\x32\x32\x20\x43\x31\x39\x2e\x35\x30\x33\
\x38\x39\x32\x31\x2c\x31\x36\x2e\x33\x30\x36\x36\x38\x37\x35\x20\
\x31\x36\x2e\x35\x31\x36\x39\x37\x38\x2c\x31\x38\x2e\x35\x37\x36\
\x31\x36\x31\x20\x31\x33\x2c\x31\x38\x2e\x35\x37\x36\x31\x36\x31\
\x20\x43\x38\x2e\x35\x38\x31\x37\x32\x32\x2c\x31\x38\x2e\x35\x37\
\x36\x31\x36\x31\x20\x35\x2c\x31\x34\x2e\x39\x39\x34\x34\x33\x39\
\x20\x35\x2c\x31\x30\x2e\x35\x37\x36\x31\x36\x31\x20\x43\x35\x2c\
\x37\x2e\x30\x35\x39\x31\x38\x32\x39\x37\x20\x37\x2e\x32\x36\x39\
\x34\x37\x33\x34\x33\x2c\x34\x2e\x30\x37\x32\x32\x36\x38\x38\x39\
\x20\x31\x30\x2e\x34\x32\x33\x38\x33\x39\x2c\x33\x20\x5a\x22\x2f\
\x3e\x20\x3c\x2f\x73\x76\x67\x3e\
\x00\x00\x04\x92\
\x3c\
\x73\x76\x67\x20\x72\x6f\x6c\x65\x3d\x22\x69\x6d\x67\x22\x20\x78\
\x6d\x6c\x6e\x73\x3d\x22\x68\x74\x74\x70\x3a\x2f\x2f\x77\x77\x77\
\x2e\x77\x33\x2e\x6f\x72\x67\x2f\x32\x30\x30\x30\x2f\x73\x76\x67\
\x22\x20\x77\x69\x64\x74\x68\x3d\x22\x33\x32\x70\x78\x22\x20\x68\
\x65\x69\x67\x68\x74\x3d\x22\x33\x32\x70\x78\x22\x20\x76\x69\x65\
\x77\x42\x6f\x78\x3d\x22\x30\x20\x30\x20\x32\x34\x20\x32\x34\x22\
\x20\x61\x72\x69\x61\x2d\x6c\x61\x62\x65\x6c\x6c\x65\x64\x62\x79\
\x3d\x22\x73\x65\x74\x74\x69\x6e\x67\x73\x49\x63\x6f\x6e\x54\x69\
\x74\x6c\x65\x22\x20\x73\x74\x72\x6f\x6b\x65\x3d\x22\x23\x30\x30\
\x30\x22\x20\x73\x74\x72\x6f\x6b\x65\x2d\x77\x69\x64\x74\x68\x3d\
\x22\x31\x2e\x35\x22\x20\x73\x74\x72\x6f\x6b\x65\x2d\x6c\x69\x6e\
\x65\x63\x61\x70\x3d\x22\x73\x71\x75\x61\x72\x65\x22\x20\x73\x74\
\x72\x6f\x6b\x65\x2d\x6c\x69\x6e\x65\x6a\x6f\x69\x6e\x3d\x22\x6d\
\x69\x74\x65\x72\x22\x20\x66\x69\x6c\x6c\x3d\x22\x6e\x6f\x6e\x65\
\x22\x20\x63\x6f\x6c\x6f\x72\x3d\x22\x23\x30\x30\x30\x22\x3e\x20\
\x3c\x74\x69\x74\x6c\x65\x20\x69\x64\x3d\x22\x73\x65\x74\x74\x69\
\x6e\x67\x73\x49\x63\x6f\x6e\x54\x69\x74\x6c\x65\x22\x3e\x53\x65\
\x74\x74\x69\x6e\x67\x73\x3c\x2f\x74\x69\x74\x6c\x65\x3e\x20\x3c\
\x70\x61\x74\x68\x20\x64\x3d\x22\x4d\x35\x2e\x30\x33\x35\x30\x36\
\x34\x32\x39\x2c\x31\x32\x2e\x37\x30\x35\x30\x33\x33\x39\x20\x43\
\x35\x2e\x30\x31\x31\x38\x37\x34\x38\x34\x2c\x31\x32\x2e\x34\x37\
\x33\x31\x36\x39\x36\x20\x35\x2c\x31\x32\x2e\x32\x33\x37\x39\x37\
\x31\x36\x20\x35\x2c\x31\x32\x20\x43\x35\x2c\x31\x31\x2e\x37\x36\
\x32\x30\x32\x38\x34\x20\x35\x2e\x30\x31\x31\x38\x37\x34\x38\x34\
\x2c\x31\x31\x2e\x35\x32\x36\x38\x33\x30\x34\x20\x35\x2e\x30\x33\
\x35\x30\x36\x34\x32\x39\x2c\x31\x31\x2e\x32\x39\x34\x39\x36\x36\
\x31\x20\x4c\x33\x2e\x32\x30\x35\x37\x37\x31\x33\x37\x2c\x39\x2e\
\x32\x33\x32\x30\x35\x30\x38\x31\x20\x4c\x35\x2e\x32\x30\x35\x37\
\x37\x31\x33\x37\x2c\x35\x2e\x37\x36\x37\x39\x34\x39\x31\x39\x20\
\x4c\x37\x2e\x39\x30\x36\x39\x37\x31\x33\x2c\x36\x2e\x33\x32\x30\
\x37\x30\x39\x30\x34\x20\x43\x38\x2e\x32\x38\x37\x32\x39\x31\x32\
\x33\x2c\x36\x2e\x30\x34\x36\x31\x33\x34\x32\x20\x38\x2e\x36\x39\
\x36\x32\x39\x32\x39\x38\x2c\x35\x2e\x38\x30\x38\x38\x32\x32\x31\
\x32\x20\x39\x2e\x31\x32\x38\x36\x32\x35\x33\x33\x2c\x35\x2e\x36\
\x31\x34\x31\x32\x34\x30\x32\x20\x4c\x31\x30\x2c\x33\x20\x4c\x31\
\x34\x2c\x33\x20\x4c\x31\x34\x2e\x38\x37\x31\x33\x37\x34\x37\x2c\
\x35\x2e\x36\x31\x34\x31\x32\x34\x30\x32\x20\x43\x31\x35\x2e\x33\
\x30\x33\x37\x30\x37\x2c\x35\x2e\x38\x30\x38\x38\x32\x32\x31\x32\
\x20\x31\x35\x2e\x37\x31\x32\x37\x30\x38\x38\x2c\x36\x2e\x30\x34\
\x36\x31\x33\x34\x32\x20\x31\x36\x2e\x30\x39\x33\x30\x32\x38\x37\
\x2c\x36\x2e\x33\x32\x30\x37\x30\x39\x30\x34\x20\x4c\x31\x38\x2e\
\x37\x39\x34\x32\x32\x38\x36\x2c\x35\x2e\x37\x36\x37\x39\x34\x39\
\x31\x39\x20\x4c\x32\x30\x2e\x37\x39\x34\x32\x32\x38\x36\x2c\x39\
\x2e\x32\x33\x32\x30\x35\x30\x38\x31\x20\x4c\x31\x38\x2e\x39\x36\
\x34\x39\x33\x35\x37\x2c\x31\x31\x2e\x32\x39\x34\x39\x36\x36\x31\
\x20\x43\x31\x38\x2e\x39\x38\x38\x31\x32\x35\x32\x2c\x31\x31\x2e\
\x35\x32\x36\x38\x33\x30\x34\x20\x31\x39\x2c\x31\x31\x2e\x37\x36\
\x32\x30\x32\x38\x34\x20\x31\x39\x2c\x31\x32\x20\x43\x31\x39\x2c\
\x31\x32\x2e\x32\x33\x37\x39\x37\x31\x36\x20\x31\x38\x2e\x39\x38\
\x38\x31\x32\x35\x32\x2c\x31\x32\x2e\x34\x37\x33\x31\x36\x39\x36\
\x20\x31\x38\x2e\x39\x36\x34\x39\x33\x35\x37\x2c\x31\x32\x2e\x37\
\x30\x35\x30\x33\x33\x39\x20\x4c\x32\x30\x2e\x37\x39\x34\x32\x32\
\x38\x36\x2c\x31\x34\x2e\x37\x36\x37\x39\x34\x39\x32\x20\x4c\x31\
\x38\x2e\x37\x39\x34\x32\x32\x38\x36\x2c\x31\x38\x2e\x32\x33\x32\
\x30\x35\x30\x38\x20\x4c\x31\x36\x2e\x30\x39\x33\x30\x32\x38\x37\
\x2c\x31\x37\x2e\x36\x37\x39\x32\x39\x31\x20\x43\x31\x35\x2e\x37\
\x31\x32\x37\x30\x38\x38\x2c\x31\x37\x2e\x39\x35\x33\x38\x36\x35\
\x38\x20\x31\x35\x2e\x33\x30\x33\x37\x30\x37\x2c\x31\x38\x2e\x31\
\x39\x31\x31\x37\x37\x39\x20\x31\x34\x2e\x38\x37\x31\x33\x37\x34\
\x37\x2c\x31\x38\x2e\x33\x38\x35\x38\x37\x36\x20\x4c\x31\x34\x2c\
\x32\x31\x20\x4c\x31\x30\x2c\x32\x31\x20\x4c\x39\x2e\x31\x32\x38\
\x36\x32\x35\x33\x33\x2c\x31\x38\x2e\x33\x38\x35\x38\x37\x36\x20\
\x43\x38\x2e\x36\x39\x36\x32\x39\x32\x39\x38\x2c\x31\x38\x2e\x31\
\x39\x31\x31\x37\x37\x39\x20\x38\x2e\x32\x38\x37\x32\x39\x31\x32\
\x33\x2c\x31\x37\x2e\x39\x35\x33\x38\x36\x35\x38\x20\x37\x2e\x39\
\x30\x36\x39\x37\x31\x33\x2c\x31\x37\x2e\x36\x37\x39\x32\x39\x31\
\x20\x4c\x35\x2e\x32\x30\x35\x37\x37\x31\x33\x37\x2c\x31\x38\x2e\
\x32\x33\x32\x30\x35\x30\x38\x20\x4c\x33\x2e\x32\x30\x35\x37\x37\
\x31\x33\x37\x2c\x31\x34\x2e\x37\x36\x37\x39\x34\x39\x32\x20\x4c\
\x35\x2e\x30\x33\x35\x30\x36\x34\x32\x39\x2c\x31\x32\x2e\x37\x30\
\x35\x30\x33\x33\x39\x20\x5a\x22\x2f\x3e\x20\x3c\x63\x69\x72\x63\
\x6c\x65\x20\x63\x78\x3d\x22\x31\x32\x22\x20\x63\x79\x3d\x22\x31\
\x32\x22\x20\x72\x3d\x22\x31\x22\x2f\x3e\x20\x3c\x2f\x73\x76\x67\
\x3e\
\x00\x00\x01\x63\
\x3c\
\x73\x76\x67\x20\x72\x6f\x6c\x65\x3d\x22\x69\x6d\x67\x22\x20\x78\
\x6d\x6c\x6e\x73\x3d\x22\x68\x74\x74\x70\x3a\x2f\x2f\x77\x77\x77\
\x2e\x77\x33\x2e\x6f\x72\x67\x2f\x32\x30\x30\x30\x2f\x73\x76\x67\
\x22\x20\x77\x69\x64\x74\x68\x3d\x22\x33\x32\x70\x78\x22\x20\x68\
\x65\x69\x67\x68\x74\x3d\x22\x33\x32\x70\x78\x22\x20\x76\x69\x65\
\x77\x42\x6f\x78\x3d\x22\x30\x20\x30\x20\x32\x34\x20\x32\x34\x22\
\x20\x61\x72\x69\x61\x2d\x6c\x61\x62\x65\x6c\x6c\x65\x64\x62\x79\
\x3d\x22\x76\x69\x64\x65\x6f\x49\x63\x6f\x6e\x54\x69\x74\x6c\x65\
\x22\x20\x73\x74\x72\x6f\x6b\x65\x3d\x22\x23\x30\x30\x30\x22\x20\
\x73\x74\x72\x6f\x6b\x65\x2d\x77\x69\x64\x74\x68\x3d\x22\x31\x2e\
\x35\x22\x20\x73\x74\x72\x6f\x6b\x65\x2d\x6c\x69\x6e\x65\x63\x61\
\x70\x3d\x22\x73\x71\x75\x61\x72\x65\x22\x20\x73\x74\x72\x6f\x6b\
\x65\x2d\x6c\x69\x6e\x65\x6a\x6f\x69\x6e\x3d\x22\x6d\x69\x74\x65\
\x72\x22\x20\x66\x69\x6c\x6c\x3d\x22\x6e\x6f\x6e\x65\x22\x20\x63\
\x6f\x6c\x6f\x72\x3d\x22\x23\x30\x30\x30\x22\x3e\x20\x3c\x74\x69\
\x74\x6c\x65\x20\x69\x64\x3d\x22\x76\x69\x64\x65\x6f\x49\x63\x6f\
\x6e\x54\x69\x74\x6c\x65\x22\x3e\x56\x69\x64\x65\x6f\x3c\x2f\x74\
\x69\x74\x6c\x65\x3e\x20\x3c\x70\x6f\x6c\x79\x67\x6f\x6e\x20\x70\
\x6f\x69\x6e\x74\x73\x3d\x22\x31\x38\x20\x31\x32\x20\x39\x20\x31\
\x36\x2e\x39\x20\x39\x20\x37\x22\x2f\x3e\x20\x3c\x63\x69\x72\x63\
\x6c\x65\x20\x63\x78\x3d\x22\x31\x32\x22\x20\x63\x79\x3d\x22\x31\
\x32\x22\x20\x72\x3d\x22\x31\x30\x22\x2f\x3e\x20\x3c\x2f\x73\x76\
\x67\x3e\
\x00\x00\x01\x89\
\x3c\
\x73\x76\x67\x20\x77\x69\x64\x74\x68\x3d\x22\x33\x32\x70\x78\x22\
\x20\x68\x65\x69\x67\x68\x74\x3d\x22\x33\x32\x70\x78\x22\x20\x76\
\x69\x65\x77\x42\x6f\x78\x3d\x22\x30\x20\x30\x20\x32\x34\x20\x32\
\x34\x22\x20\x78\x6d\x6c\x6e\x73\x3d\x22\x68\x74\x74\x70\x3a\x2f\
\x2f\x77\x77\x77\x2e\x77\x33\x2e\x6f\x72\x67\x2f\x32\x30\x30\x30\
\x2f\x73\x76\x67\x22\x20\x61\x72\x69\x61\x2d\x6c\x61\x62\x65\x6c\
\x6c\x65\x64\x62\x79\x3d\x22\x72\x65\x74\x77\x65\x65\x74\x49\x63\
\x6f\x6e\x54\x69\x74\x6c\x65\x22\x20\x73\x74\x72\x6f\x6b\x65\x3d\
\x22\x23\x30\x30\x30\x22\x20\x73\x74\x72\x6f\x6b\x65\x2d\x77\x69\
\x64\x74\x68\x3d\x22\x31\x2e\x35\x22\x20\x73\x74\x72\x6f\x6b\x65\
\x2d\x6c\x69\x6e\x65\x63\x61\x70\x3d\x22\x73\x71\x75\x61\x72\x65\
\x22\x20\x73\x74\x72\x6f\x6b\x65\x2d\x6c\x69\x6e\x65\x6a\x6f\x69\
\x6e\x3d\x22\x6d\x69\x74\x65\x72\x22\x20\x66\x69\x6c\x6c\x3d\x22\
\x6e\x6f\x6e\x65\x22\x20\x63\x6f\x6c\x6f\x72\x3d\x22\x23\x30\x30\
\x30\x22\x3e\x20\x3c\x74\x69\x74\x6c\x65\x20\x69\x64\x3d\x22\x72\
\x65\x74\x77\x65\x65\x74\x49\x63\x6f\x6e\x54\x69\x74\x6c\x65\x22\
\x3e\x52\x65\x74\x77\x65\x65\x74\x3c\x2f\x74\x69\x74\x6c\x65\x3e\
\x20\x3c\x70\x61\x74\x68\x20\x64\x3d\x22\x4d\x31\x33\x20\x31\x38\
\x4c\x36\x20\x31\x38\x4c\x36\x20\x37\x22\x2f\x3e\x20\x3c\x70\x61\
\x74\x68\x20\x64\x3d\x22\x4d\x33\x20\x39\x4c\x36\x20\x36\x4c\x39\
\x20\x39\x22\x2f\x3e\x20\x3c\x70\x61\x74\x68\x20\x64\x3d\x22\x4d\
\x31\x31\x20\x36\x4c\x31\x38\x20\x36\x4c\x31\x38\x20\x31\x37\x22\
\x2f\x3e\x20\x3c\x70\x61\x74\x68\x20\x64\x3d\x22\x4d\x32\x31\x20\
\x31\x35\x4c\x31\x38\x20\x31\x38\x4c\x31\x35\x20\x31\x35\x22\x2f\
\x3e\x20\x3c\x2f\x73\x76\x67\x3e\
\x00\x00\x01\x7e\
\x3c\
\x73\x76\x67\x20\x72\x6f\x6c\x65\x3d\x22\x69\x6d\x67\x22\x20\x78\
\x6d\x6c\x6e\x73\x3d\x22\x68\x74\x74\x70\x3a\x2f\x2f\x77\x77\x77\
\x2e\x77\x33\x2e\x6f\x72\x67\x2f\x32\x30\x30\x30\x2f\x73\x76\x67\
\x22\x20\x77\x69\x64\x74\x68\x3d\x22\x33\x32\x70\x78\x22\x20\x68\
\x65\x69\x67\x68\x74\x3d\x22\x33\x32\x70\x78\x22\x20\x76\x69\x65\
\x77\x42\x6f\x78\x3d\x22\x30\x20\x30\x20\x32\x34\x20\x32\x34\x22\
\x20\x61\x72\x69\x61\x2d\x6c\x61\x62\x65\x6c\x6c\x65\x64\x62\x79\
\x3d\x22\x66\x69\x6c\x6d\x49\x63\x6f\x6e\x54\x69\x74\x6c\x65\x22\
\x20\x73\x74\x72\x6f\x6b\x65\x3d\x22\x23\x30\x30\x30\x22\x20\x73\
\x74\x72\x6f\x6b\x65\x2d\x77\x69\x64\x74\x68\x3d\x22\x31\x2e\x35\
\x22\x20\x73\x74\x72\x6f\x6b\x65\x2d\x6c\x69\x6e\x65\x63\x61\x70\
\x3d\x22\x73\x71\x75\x61\x72\x65\x22\x20\x73\x74\x72\x6f\x6b\x65\
\x2d\x6c\x69\x6e\x65\x6a\x6f\x69\x6e\x3d\x22\x6d\x69\x74\x65\x72\
\x22\x20\x66\x69\x6c\x6c\x3d\x22\x6e\x6f\x6e\x65\x22\x20\x63\x6f\
\x6c\x6f\x72\x3d\x22\x23\x30\x30\x30\x22\x3e\x20\x3c\x74\x69\x74\
\x6c\x65\x20\x69\x64\x3d\x22\x66\x69\x6c\x6d\x49\x63\x6f\x6e\x54\
\x69\x74\x6c\x65\x22\x3e\x46\x69\x6c\x6d\x3c\x2f\x74\x69\x74\x6c\
\x65\x3e\x20\x3c\x70\x61\x74\x68\x20\x73\x74\x72\x6f\x6b\x65\x2d\
\x6c\x69\x6e\x65\x63\x61\x70\x3d\x22\x72\x6f\x75\x6e\x64\x22\x20\
\x64\x3d\x22\x4d\x31\x36\x20\x31\x30\x2e\x30\x38\x37\x6c\x35\x2d\
\x31\x2e\x35\x37\x38\x76\x37\x2e\x39\x39\x37\x6c\x2d\x34\x2e\x39\
\x39\x38\x2d\x31\x2e\x35\x37\x38\x22\x2f\x3e\x20\x3c\x70\x61\x74\
\x68\x20\x64\x3d\x22\x4d\x31\x36\x20\x37\x48\x33\x76\x31\x31\x68\
\x31\x33\x7a\x22\x2f\x3e\x20\x3c\x2f\x73\x76\x67\x3e\
\x00\x00\x02\x54\
\x3c\
\x73\x76\x67\x20\x77\x69\x64\x74\x68\x3d\x22\x33\x32\x70\x78\x22\
\x20\x68\x65\x69\x67\x68\x74\x3d\x22\x33\x32\x70\x78\x22\x20\x76\
\x69\x65\x77\x42\x6f\x78\x3d\x22\x30\x20\x30\x20\x32\x34\x20\x32\
\x34\x22\x20\x78\x6d\x6c\x6e\x73\x3d\x22\x68\x74\x74\x70\x3a\x2f\
\x2f\x77\x77\x77\x2e\x77\x33\x2e\x6f\x72\x67\x2f\x32\x30\x30\x30\
\x2f\x73\x76\x67\x22\x20\x61\x72\x69\x61\x2d\x6c\x61\x62\x65\x6c\
\x6c\x65\x64\x62\x79\x3d\x22\x73\x77\x69\x74\x63\x68\x4f\x6e\x49\
\x63\x6f\x6e\x54\x69\x74\x6c\x65\x22\x20\x73\x74\x72\x6f\x6b\x65\
\x3d\x22\x23\x30\x30\x30\x22\x20\x73\x74\x72\x6f\x6b\x65\x2d\x77\
\x69\x64\x74\x68\x3d\x22\x31\x2e\x35\x22\x20\x73\x74\x72\x6f\x6b\
\x65\x2d\x6c\x69\x6e\x65\x63\x61\x70\x3d\x22\x73\x71\x75\x61\x72\
\x65\x22\x20\x73\x74\x72\x6f\x6b\x65\x2d\x6c\x69\x6e\x65\x6a\x6f\
\x69\x6e\x3d\x22\x6d\x69\x74\x65\x72\x22\x20\x66\x69\x6c\x6c\x3d\
\x22\x6e\x6f\x6e\x65\x22\x20\x63\x6f\x6c\x6f\x72\x3d\x22\x23\x30\
\x30\x30\x22\x3e\x20\x3c\x74\x69\x74\x6c\x65\x20\x69\x64\x3d\x22\
\x73\x77\x69\x74\x63\x68\x4f\x6e\x49\x63\x6f\x6e\x54\x69\x74\x6c\
\x65\x22\x3e\x53\x77\x69\x74\x63\x68\x20\x6f\x6e\x3c\x2f\x74\x69\
\x74\x6c\x65\x3e\x20\x3c\x70\x61\x74\x68\x20\x66\x69\x6c\x6c\x2d\
\x72\x75\x6c\x65\x3d\x22\x65\x76\x65\x6e\x6f\x64\x64\x22\x20\x63\
\x6c\x69\x70\x2d\x72\x75\x6c\x65\x3d\x22\x65\x76\x65\x6e\x6f\x64\
\x64\x22\x20\x64\x3d\x22\x4d\x31\x37\x20\x31\x30\x43\x31\x38\x2e\
\x31\x30\x34\x36\x20\x31\x30\x20\x31\x39\x20\x31\x30\x2e\x38\x39\
\x35\x34\x20\x31\x39\x20\x31\x32\x43\x31\x39\x20\x31\x33\x2e\x31\
\x30\x34\x36\x20\x31\x38\x2e\x31\x30\x34\x36\x20\x31\x34\x20\x31\
\x37\x20\x31\x34\x43\x31\x35\x2e\x38\x39\x35\x34\x20\x31\x34\x20\
\x31\x35\x20\x31\x33\x2e\x31\x30\x34\x36\x20\x31\x35\x20\x31\x32\
\x43\x31\x35\x20\x31\x30\x2e\x38\x39\x35\x34\x20\x31\x35\x2e\x38\
\x39\x35\x34\x20\x31\x30\x20\x31\x37\x20\x31\x30\x5a\x22\x2f\x3e\
\x20\x3c\x70\x61\x74\x68\x20\x64\x3d\x22\x4d\x31\x37\x20\x37\x43\
\x31\x39\x2e\x37\x36\x31\x34\x20\x37\x20\x32\x32\x20\x39\x2e\x32\
\x33\x38\x35\x38\x20\x32\x32\x20\x31\x32\x56\x31\x32\x43\x32\x32\
\x20\x31\x34\x2e\x37\x36\x31\x34\x20\x31\x39\x2e\x37\x36\x31\x34\
\x20\x31\x37\x20\x31\x37\x20\x31\x37\x4c\x38\x20\x31\x37\x43\x35\
\x2e\x32\x33\x38\x35\x38\x20\x31\x37\x20\x33\x20\x31\x34\x2e\x37\
\x36\x31\x34\x20\x33\x20\x31\x32\x56\x31\x32\x43\x33\x20\x39\x2e\
\x32\x33\x38\x35\x38\x20\x35\x2e\x32\x33\x38\x35\x38\x20\x37\x20\
\x38\x20\x37\x4c\x31\x37\x20\x37\x5a\x22\x2f\x3e\x20\x3c\x2f\x73\
\x76\x67\x3e\
\x00\x00\x01\xbb\
\x3c\
\x73\x76\x67\x20\x72\x6f\x6c\x65\x3d\x22\x69\x6d\x67\x22\x20\x78\
\x6d\x6c\x6e\x73\x3d\x22\x68\x74\x74\x70\x3a\x2f\x2f\x77\x77\x77\
\x2e\x77\x33\x2e\x6f\x72\x67\x2f\x32\x30\x30\x30\x2f\x73\x76\x67\
\x22\x20\x77\x69\x64\x74\x68\x3d\x22\x33\x32\x70\x78\x22\x20\x68\
\x65\x69\x67\x68\x74\x3d\x22\x33\x32\x70\x78\x22\x20\x76\x69\x65\
\x77\x42\x6f\x78\x3d\x22\x30\x20\x30\x20\x32\x34\x20\x32\x34\x22\
\x20\x61\x72\x69\x61\x2d\x6c\x61\x62\x65\x6c\x6c\x65\x64\x62\x79\
\x3d\x22\x6d\x61\x78\x69\x6d\x69\x73\x65\x49\x63\x6f\x6e\x54\x69\
\x74\x6c\x65\x22\x20\x73\x74\x72\x6f\x6b\x65\x3d\x22\x23\x30\x30\
\x30\x22\x20\x73\x74\x72\x6f\x6b\x65\x2d\x77\x69\x64\x74\x68\x3d\
\x22\x31\x2e\x35\x22\x20\x73\x74\x72\x6f\x6b\x65\x2d\x6c\x69\x6e\
\x65\x63\x61\x70\x3d\x22\x73\x71\x75\x61\x72\x65\x22\x20\x73\x74\
\x72\x6f\x6b\x65\x2d\x6c\x69\x6e\x65\x6a\x6f\x69\x6e\x3d\x22\x6d\
\x69\x74\x65\x72\x22\x20\x66\x69\x6c\x6c\x3d\x22\x6e\x6f\x6e\x65\
\x22\x20\x63\x6f\x6c\x6f\x72\x3d\x22\x23\x30\x30\x30\x22\x3e\x20\
\x3c\x74\x69\x74\x6c\x65\x20\x69\x64\x3d\x22\x6d\x61\x78\x69\x6d\
\x69\x73\x65\x49\x63\x6f\x6e\x54\x69\x74\x6c\x65\x22\x3e\x4d\x61\
\x78\x69\x6d\x69\x73\x65\x20\x56\x69\x65\x77\x3c\x2f\x74\x69\x74\
\x6c\x65\x3e\x20\x3c\x70\x6f\x6c\x79\x6c\x69\x6e\x65\x20\x70\x6f\
\x69\x6e\x74\x73\x3d\x22\x32\x31\x20\x31\x36\x20\x32\x31\x20\x32\
\x31\x20\x31\x36\x20\x32\x31\x22\x2f\x3e\x20\x3c\x70\x6f\x6c\x79\
\x6c\x69\x6e\x65\x20\x70\x6f\x69\x6e\x74\x73\x3d\x22\x38\x20\x32\
\x31\x20\x33\x20\x32\x31\x20\x33\x20\x31\x36\x22\x2f\x3e\x20\x3c\
\x70\x6f\x6c\x79\x6c\x69\x6e\x65\x20\x70\x6f\x69\x6e\x74\x73\x3d\
\x22\x31\x36\x20\x33\x20\x32\x31\x20\x33\x20\x32\x31\x20\x38\x22\
\x2f\x3e\x20\x3c\x70\x6f\x6c\x79\x6c\x69\x6e\x65\x20\x70\x6f\x69\
\x6e\x74\x73\x3d\x22\x33\x20\x38\x20\x33\x20\x33\x20\x38\x20\x33\
\x22\x2f\x3e\x20\x3c\x2f\x73\x76\x67\x3e\
\x00\x00\x02\x31\
\x3c\
\x73\x76\x67\x20\x77\x69\x64\x74\x68\x3d\x22\x33\x32\x70\x78\x22\
\x20\x68\x65\x69\x67\x68\x74\x3d\x22\x33\x32\x70\x78\x22\x20\x76\
\x69\x65\x77\x42\x6f\x78\x3d\x22\x30\x20\x30\x20\x32\x34\x20\x32\
\x34\x22\x20\x66\x69\x6c\x6c\x3d\x22\x6e\x6f\x6e\x65\x22\x20\x78\
\x6d\x6c\x6e\x73\x3d\x22\x68\x74\x74\x70\x3a\x2f\x2f\x77\x77\x77\
\x2e\x77\x33\x2e\x6f\x72\x67\x2f\x32\x30\x30\x30\x2f\x73\x76\x67\
\x22\x20\x61\x72\x69\x61\x2d\x6c\x61\x62\x65\x6c\x6c\x65\x64\x62\
\x79\x3d\x22\x6f\x72\x69\x67\x69\x6e\x49\x63\x6f\x6e\x54\x69\x74\
\x6c\x65\x22\x20\x73\x74\x72\x6f\x6b\x65\x3d\x22\x23\x30\x30\x30\
\x22\x20\x73\x74\x72\x6f\x6b\x65\x2d\x77\x69\x64\x74\x68\x3d\x22\
\x31\x2e\x35\x22\x20\x73\x74\x72\x6f\x6b\x65\x2d\x6c\x69\x6e\x65\
\x63\x61\x70\x3d\x22\x73\x71\x75\x61\x72\x65\x22\x20\x73\x74\x72\
\x6f\x6b\x65\x2d\x6c\x69\x6e\x65\x6a\x6f\x69\x6e\x3d\x22\x6d\x69\
\x74\x65\x72\x22\x20\x63\x6f\x6c\x6f\x72\x3d\x22\x23\x30\x30\x30\
\x22\x3e\x20\x3c\x74\x69\x74\x6c\x65\x20\x69\x64\x3d\x22\x6f\x72\
\x69\x67\x69\x6e\x49\x63\x6f\x6e\x54\x69\x74\x6c\x65\x22\x3e\x4f\
\x72\x69\x67\x69\x6e\x3c\x2f\x74\x69\x74\x6c\x65\x3e\x20\x3c\x70\
\x61\x74\x68\x20\x66\x69\x6c\x6c\x2d\x72\x75\x6c\x65\x3d\x22\x65\
\x76\x65\x6e\x6f\x64\x64\x22\x20\x63\x6c\x69\x70\x2d\x72\x75\x6c\
\x65\x3d\x22\x65\x76\x65\x6e\x6f\x64\x64\x22\x20\x64\x3d\x22\x4d\
\x31\x32\x20\x31\x39\x43\x31\x35\x2e\x38\x36\x36\x20\x31\x39\x20\
\x31\x39\x20\x31\x35\x2e\x38\x36\x36\x20\x31\x39\x20\x31\x32\x43\
\x31\x39\x20\x38\x2e\x31\x33\x34\x30\x31\x20\x31\x35\x2e\x38\x36\
\x36\x20\x35\x20\x31\x32\x20\x35\x43\x38\x2e\x31\x33\x34\x30\x31\
\x20\x35\x20\x35\x20\x38\x2e\x31\x33\x34\x30\x31\x20\x35\x20\x31\
\x32\x43\x35\x20\x31\x35\x2e\x38\x36\x36\x20\x38\x2e\x31\x33\x34\
\x30\x31\x20\x31\x39\x20\x31\x32\x20\x31\x39\x5a\x22\x2f\x3e\x20\
\x3c\x70\x61\x74\x68\x20\x64\x3d\x22\x4d\x31\x32\x20\x32\x56\x38\
\x22\x2f\x3e\x20\x3c\x70\x61\x74\x68\x20\x64\x3d\x22\x4d\x31\x32\
\x20\x31\x36\x56\x32\x32\x22\x2f\x3e\x20\x3c\x70\x61\x74\x68\x20\
\x64\x3d\x22\x4d\x32\x20\x31\x32\x4c\x38\x20\x31\x32\x22\x2f\x3e\
\x20\x3c\x70\x61\x74\x68\x20\x64\x3d\x22\x4d\x31\x36\x20\x31\x32\
\x4c\x32\x32\x20\x31\x32\x22\x2f\x3e\x20\x3c\x63\x69\x72\x63\x6c\
\x65\x20\x63\x78\x3d\x22\x31\x32\x22\x20\x63\x79\x3d\x22\x31\x32\
\x22\x20\x72\x3d\x22\x31\x22\x2f\x3e\x20\x3c\x2f\x73\x76\x67\x3e\
\
\x00\x00\x02\x45\
\x3c\
\x73\x76\x67\x20\x72\x6f\x6c\x65\x3d\x22\x69\x6d\x67\x22\x20\x78\
\x6d\x6c\x6e\x73\x3d\x22\x68\x74\x74\x70\x3a\x2f\x2f\x77\x77\x77\
\x2e\x77\x33\x2e\x6f\x72\x67\x2f\x32\x30\x30\x30\x2f\x73\x76\x67\
\x22\x20\x77\x69\x64\x74\x68\x3d\x22\x33\x32\x70\x78\x22\x20\x68\
\x65\x69\x67\x68\x74\x3d\x22\x33\x32\x70\x78\x22\x20\x76\x69\x65\
\x77\x42\x6f\x78\x3d\x22\x30\x20\x30\x20\x32\x34\x20\x32\x34\x22\
\x20\x61\x72\x69\x61\x2d\x6c\x61\x62\x65\x6c\x6c\x65\x64\x62\x79\
\x3d\x22\x73\x61\x64\x46\x61\x63\x65\x49\x63\x6f\x6e\x54\x69\x74\
\x6c\x65\x22\x20\x73\x74\x72\x6f\x6b\x65\x3d\x22\x23\x30\x30\x30\
\x22\x20\x73\x74\x72\x6f\x6b\x65\x2d\x77\x69\x64\x74\x68\x3d\x22\
\x31\x2e\x35\x22\x20\x73\x74\x72\x6f\x6b\x65\x2d\x6c\x69\x6e\x65\
\x63\x61\x70\x3d\x22\x73\x71\x75\x61\x72\x65\x22\x20\x73\x74\x72\
\x6f\x6b\x65\x2d\x6c\x69\x6e\x65\x6a\x6f\x69\x6e\x3d\x22\x6d\x69\
\x74\x65\x72\x22\x20\x66\x69\x6c\x6c\x3d\x22\x6e\x6f\x6e\x65\x22\
\x20\x63\x6f\x6c\x6f\x72\x3d\x22\x23\x30\x30\x30\x22\x3e\x20\x3c\
\x74\x69\x74\x6c\x65\x20\x69\x64\x3d\x22\x73\x61\x64\x46\x61\x63\
\x65\x49\x63\x6f\x6e\x54\x69\x74\x6c\x65\x22\x3e\x73\x61\x64\x20\
\x46\x61\x63\x65\x3c\x2f\x74\x69\x74\x6c\x65\x3e\x20\x3c\x6c\x69\
\x6e\x65\x20\x73\x74\x72\x6f\x6b\x65\x2d\x6c\x69\x6e\x65\x63\x61\
\x70\x3d\x22\x72\x6f\x75\x6e\x64\x22\x20\x78\x31\x3d\x22\x39\x22\
\x20\x79\x31\x3d\x22\x39\x22\x20\x78\x32\x3d\x22\x39\x22\x20\x79\
\x32\x3d\x22\x39\x22\x2f\x3e\x20\x3c\x6c\x69\x6e\x65\x20\x73\x74\
\x72\x6f\x6b\x65\x2d\x6c\x69\x6e\x65\x63\x61\x70\x3d\x22\x72\x6f\
\x75\x6e\x64\x22\x20\x78\x31\x3d\x22\x31\x35\x22\x20\x79\x31\x3d\
\x22\x39\x22\x20\x78\x32\x3d\x22\x31\x35\x22\x20\x79\x32\x3d\x22\
\x39\x22\x2f\x3e\x20\x3c\x70\x61\x74\x68\x20\x64\x3d\x22\x4d\x38\
\x2c\x31\x36\x20\x43\x39\x2e\x33\x33\x33\x33\x33\x33\x33\x33\x2c\
\x31\x35\x2e\x33\x33\x33\x33\x33\x33\x33\x20\x31\x30\x2e\x36\x36\
\x35\x36\x30\x32\x38\x2c\x31\x35\x2e\x30\x30\x30\x33\x38\x32\x32\
\x20\x31\x31\x2e\x39\x39\x36\x38\x30\x38\x35\x2c\x31\x35\x2e\x30\
\x30\x31\x31\x34\x36\x36\x20\x43\x31\x33\x2e\x33\x33\x32\x32\x36\
\x39\x35\x2c\x31\x35\x2e\x30\x30\x30\x33\x38\x32\x32\x20\x31\x34\
\x2e\x36\x36\x36\x36\x36\x36\x37\x2c\x31\x35\x2e\x33\x33\x33\x33\
\x33\x33\x33\x20\x31\x36\x2c\x31\x36\x22\x2f\x3e\x20\x3c\x63\x69\
\x72\x63\x6c\x65\x20\x63\x78\x3d\x22\x31\x32\x22\x20\x63\x79\x3d\
\x22\x31\x32\x22\x20\x72\x3d\x22\x31\x30\x22\x2f\x3e\x20\x3c\x2f\
\x73\x76\x67\x3e\
\x00\x00\x01\xe9\
\x3c\
\x73\x76\x67\x20\x77\x69\x64\x74\x68\x3d\x22\x33\x32\x70\x78\x22\
\x20\x68\x65\x69\x67\x68\x74\x3d\x22\x33\x32\x70\x78\x22\x20\x76\
\x69\x65\x77\x42\x6f\x78\x3d\x22\x30\x20\x30\x20\x32\x34\x20\x32\
\x34\x22\x20\x66\x69\x6c\x6c\x3d\x22\x6e\x6f\x6e\x65\x22\x20\x78\
\x6d\x6c\x6e\x73\x3d\x22\x68\x74\x74\x70\x3a\x2f\x2f\x77\x77\x77\
\x2e\x77\x33\x2e\x6f\x72\x67\x2f\x32\x30\x30\x30\x2f\x73\x76\x67\
\x22\x20\x61\x72\x69\x61\x2d\x6c\x61\x62\x65\x6c\x6c\x65\x64\x62\
\x79\x3d\x22\x70\x69\x65\x43\x68\x61\x72\x74\x49\x63\x6f\x6e\x54\
\x69\x74\x6c\x65\x22\x20\x73\x74\x72\x6f\x6b\x65\x3d\x22\x23\x30\
\x30\x30\x22\x20\x73\x74\x72\x6f\x6b\x65\x2d\x77\x69\x64\x74\x68\
\x3d\x22\x31\x2e\x35\x22\x20\x73\x74\x72\x6f\x6b\x65\x2d\x6c\x69\
\x6e\x65\x63\x61\x70\x3d\x22\x73\x71\x75\x61\x72\x65\x22\x20\x73\
\x74\x72\x6f\x6b\x65\x2d\x6c\x69\x6e\x65\x6a\x6f\x69\x6e\x3d\x22\
\x6d\x69\x74\x65\x72\x22\x20\x63\x6f\x6c\x6f\x72\x3d\x22\x23\x30\
\x30\x30\x22\x3e\x20\x3c\x74\x69\x74\x6c\x65\x20\x69\x64\x3d\x22\
\x70\x69\x65\x43\x68\x61\x72\x74\x49\x63\x6f\x6e\x54\x69\x74\x6c\
\x65\x22\x3e\x50\x69\x65\x20\x43\x68\x61\x72\x74\x3c\x2f\x74\x69\
\x74\x6c\x65\x3e\x20\x3c\x70\x61\x74\x68\x20\x66\x69\x6c\x6c\x2d\
\x72\x75\x6c\x65\x3d\x22\x65\x76\x65\x6e\x6f\x64\x64\x22\x20\x63\
\x6c\x69\x70\x2d\x72\x75\x6c\x65\x3d\x22\x65\x76\x65\x6e\x6f\x64\
\x64\x22\x20\x64\x3d\x22\x4d\x31\x32\x20\x32\x32\x43\x31\x37\x2e\
\x35\x32\x32\x38\x20\x32\x32\x20\x32\x32\x20\x31\x37\x2e\x35\x32\
\x32\x38\x20\x32\x32\x20\x31\x32\x43\x32\x32\x20\x36\x2e\x34\x37\
\x37\x31\x35\x20\x31\x37\x2e\x35\x32\x32\x38\x20\x32\x20\x31\x32\
\x20\x32\x43\x36\x2e\x34\x37\x37\x31\x35\x20\x32\x20\x32\x20\x36\
\x2e\x34\x37\x37\x31\x35\x20\x32\x20\x31\x32\x43\x32\x20\x31\x37\
\x2e\x35\x32\x32\x38\x20\x36\x2e\x34\x37\x37\x31\x35\x20\x32\x32\
\x20\x31\x32\x20\x32\x32\x5a\x22\x2f\x3e\x20\x3c\x70\x61\x74\x68\
\x20\x64\x3d\x22\x4d\x31\x32\x20\x32\x56\x31\x32\x4d\x31\x32\x20\
\x32\x32\x56\x31\x32\x4d\x31\x32\x20\x31\x32\x48\x32\x32\x22\x2f\
\x3e\x20\x3c\x2f\x73\x76\x67\x3e\
\x00\x00\x02\xc8\
\x3c\
\x73\x76\x67\x20\x72\x6f\x6c\x65\x3d\x22\x69\x6d\x67\x22\x20\x78\
\x6d\x6c\x6e\x73\x3d\x22\x68\x74\x74\x70\x3a\x2f\x2f\x77\x77\x77\
\x2e\x77\x33\x2e\x6f\x72\x67\x2f\x32\x30\x30\x30\x2f\x73\x76\x67\
\x22\x20\x77\x69\x64\x74\x68\x3d\x22\x33\x32\x70\x78\x22\x20\x68\
\x65\x69\x67\x68\x74\x3d\x22\x33\x32\x70\x78\x22\x20\x76\x69\x65\
\x77\x42\x6f\x78\x3d\x22\x30\x20\x30\x20\x32\x34\x20\x32\x34\x22\
\x20\x61\x72\x69\x61\x2d\x6c\x61\x62\x65\x6c\x6c\x65\x64\x62\x79\
\x3d\x22\x68\x6f\x75\x72\x67\x6c\x61\x73\x73\x49\x63\x6f\x6e\x54\
\x69\x74\x6c\x65\x22\x20\x73\x74\x72\x6f\x6b\x65\x3d\x22\x23\x30\
\x30\x30\x22\x20\x73\x74\x72\x6f\x6b\x65\x2d\x77\x69\x64\x74\x68\
\x3d\x22\x31\x2e\x35\x22\x20\x73\x74\x72\x6f\x6b\x65\x2d\x6c\x69\
\x6e\x65\x63\x61\x70\x3d\x22\x73\x71\x75\x61\x72\x65\x22\x20\x73\
\x74\x72\x6f\x6b\x65\x2d\x6c\x69\x6e\x65\x6a\x6f\x69\x6e\x3d\x22\
\x6d\x69\x74\x65\x72\x22\x20\x66\x69\x6c\x6c\x3d\x22\x6e\x6f\x6e\
\x65\x22\x20\x63\x6f\x6c\x6f\x72\x3d\x22\x23\x30\x30\x30\x22\x3e\
\x20\x3c\x74\x69\x74\x6c\x65\x20\x69\x64\x3d\x22\x68\x6f\x75\x72\
\x67\x6c\x61\x73\x73\x49\x63\x6f\x6e\x54\x69\x74\x6c\x65\x22\x3e\
\x48\x6f\x75\x72\x67\x6c\x61\x73\x73\x3c\x2f\x74\x69\x74\x6c\x65\
\x3e\x20\x3c\x70\x61\x74\x68\x20\x64\x3d\x22\x4d\x31\x36\x2e\x37\
\x36\x34\x37\x30\x35\x39\x2c\x37\x2e\x38\x32\x31\x30\x38\x30\x35\
\x36\x20\x4c\x31\x36\x2e\x37\x36\x34\x37\x30\x35\x39\x2c\x35\x20\
\x43\x31\x36\x2e\x37\x36\x34\x37\x30\x35\x39\x2c\x33\x2e\x38\x39\
\x35\x34\x33\x30\x35\x20\x31\x35\x2e\x38\x36\x39\x32\x37\x35\x34\
\x2c\x33\x20\x31\x34\x2e\x37\x36\x34\x37\x30\x35\x39\x2c\x33\x20\
\x4c\x39\x2e\x32\x33\x35\x32\x39\x34\x31\x32\x2c\x33\x20\x43\x38\
\x2e\x31\x33\x30\x37\x32\x34\x36\x32\x2c\x33\x20\x37\x2e\x32\x33\
\x35\x32\x39\x34\x31\x32\x2c\x33\x2e\x38\x39\x35\x34\x33\x30\x35\
\x20\x37\x2e\x32\x33\x35\x32\x39\x34\x31\x32\x2c\x35\x20\x4c\x37\
\x2e\x32\x33\x35\x32\x39\x34\x31\x32\x2c\x37\x2e\x38\x32\x31\x30\
\x38\x30\x35\x36\x20\x4c\x31\x31\x2e\x34\x31\x34\x32\x31\x33\x36\
\x2c\x31\x32\x20\x4c\x37\x2e\x32\x33\x35\x32\x39\x34\x31\x32\x2c\
\x31\x36\x2e\x31\x37\x38\x39\x31\x39\x34\x20\x4c\x37\x2e\x32\x33\
\x35\x32\x39\x34\x31\x32\x2c\x31\x39\x20\x43\x37\x2e\x32\x33\x35\
\x32\x39\x34\x31\x32\x2c\x32\x30\x2e\x31\x30\x34\x35\x36\x39\x35\
\x20\x38\x2e\x31\x33\x30\x37\x32\x34\x36\x32\x2c\x32\x31\x20\x39\
\x2e\x32\x33\x35\x32\x39\x34\x31\x32\x2c\x32\x31\x20\x4c\x31\x34\
\x2e\x37\x36\x34\x37\x30\x35\x39\x2c\x32\x31\x20\x43\x31\x35\x2e\
\x38\x36\x39\x32\x37\x35\x34\x2c\x32\x31\x20\x31\x36\x2e\x37\x36\
\x34\x37\x30\x35\x39\x2c\x32\x30\x2e\x31\x30\x34\x35\x36\x39\x35\
\x20\x31\x36\x2e\x37\x36\x34\x37\x30\x35\x39\x2c\x31\x39\x20\x4c\
\x31\x36\x2e\x37\x36\x34\x37\x30\x35\x39\x2c\x31\x36\x2e\x31\x37\
\x38\x39\x31\x39\x34\x20\x4c\x31\x32\x2e\x35\x38\x35\x37\x38\x36\
\x34\x2c\x31\x32\x20\x4c\x31\x36\x2e\x37\x36\x34\x37\x30\x35\x39\
\x2c\x37\x2e\x38\x32\x31\x30\x38\x30\x35\x36\x20\x5a\x22\x2f\x3e\
\x20\x3c\x2f\x73\x76\x67\x3e\
\x00\x00\x01\xc5\
\x3c\
\x73\x76\x67\x20\x72\x6f\x6c\x65\x3d\x22\x69\x6d\x67\x22\x20\x78\
\x6d\x6c\x6e\x73\x3d\x22\x68\x74\x74\x70\x3a\x2f\x2f\x77\x77\x77\
\x2e\x77\x33\x2e\x6f\x72\x67\x2f\x32\x30\x30\x30\x2f\x73\x76\x67\
\x22\x20\x77\x69\x64\x74\x68\x3d\x22\x33\x32\x70\x78\x22\x20\x68\
\x65\x69\x67\x68\x74\x3d\x22\x33\x32\x70\x78\x22\x20\x76\x69\x65\
\x77\x42\x6f\x78\x3d\x22\x30\x20\x30\x20\x32\x34\x20\x32\x34\x22\
\x20\x61\x72\x69\x61\x2d\x6c\x61\x62\x65\x6c\x6c\x65\x64\x62\x79\
\x3d\x22\x6e\x65\x77\x73\x49\x63\x6f\x6e\x54\x69\x74\x6c\x65\x22\
\x20\x73\x74\x72\x6f\x6b\x65\x3d\x22\x23\x30\x30\x30\x22\x20\x73\
\x74\x72\x6f\x6b\x65\x2d\x77\x69\x64\x74\x68\x3d\x22\x31\x2e\x35\
\x22\x20\x73\x74\x72\x6f\x6b\x65\x2d\x6c\x69\x6e\x65\x63\x61\x70\
\x3d\x22\x73\x71\x75\x61\x72\x65\x22\x20\x73\x74\x72\x6f\x6b\x65\
\x2d\x6c\x69\x6e\x65\x6a\x6f\x69\x6e\x3d\x22\x6d\x69\x74\x65\x72\
\x22\x20\x66\x69\x6c\x6c\x3d\x22\x6e\x6f\x6e\x65\x22\x20\x63\x6f\
\x6c\x6f\x72\x3d\x22\x23\x30\x30\x30\x22\x3e\x20\x3c\x74\x69\x74\
\x6c\x65\x20\x69\x64\x3d\x22\x6e\x65\x77\x73\x49\x63\x6f\x6e\x54\
\x69\x74\x6c\x65\x22\x3e\x4e\x65\x77\x73\x3c\x2f\x74\x69\x74\x6c\
\x65\x3e\x20\x3c\x70\x61\x74\x68\x20\x64\x3d\x22\x4d\x32\x32\x20\
\x35\x4c\x32\x32\x20\x31\x37\x43\x32\x32\x20\x31\x38\x2e\x33\x33\
\x33\x33\x33\x33\x33\x20\x32\x31\x2e\x33\x33\x33\x33\x33\x33\x33\
\x20\x31\x39\x20\x32\x30\x20\x31\x39\x20\x31\x38\x2e\x36\x36\x36\
\x36\x36\x36\x37\x20\x31\x39\x20\x31\x38\x20\x31\x38\x2e\x33\x33\
\x33\x33\x33\x33\x33\x20\x31\x38\x20\x31\x37\x4c\x31\x38\x20\x35\
\x20\x32\x20\x35\x20\x32\x20\x31\x36\x43\x32\x20\x31\x38\x20\x33\
\x20\x31\x39\x20\x35\x20\x31\x39\x20\x37\x20\x31\x39\x20\x31\x32\
\x20\x31\x39\x20\x32\x30\x20\x31\x39\x4d\x36\x20\x31\x34\x4c\x37\
\x20\x31\x34\x4d\x31\x31\x20\x31\x34\x4c\x31\x34\x20\x31\x34\x4d\
\x36\x20\x31\x30\x4c\x31\x34\x20\x31\x30\x22\x2f\x3e\x20\x3c\x2f\
\x73\x76\x67\x3e\
\x00\x00\x01\x5f\
\x3c\
\x73\x76\x67\x20\x77\x69\x64\x74\x68\x3d\x22\x33\x32\x70\x78\x22\
\x20\x68\x65\x69\x67\x68\x74\x3d\x22\x33\x32\x70\x78\x22\x20\x76\
\x69\x65\x77\x42\x6f\x78\x3d\x22\x30\x20\x30\x20\x32\x34\x20\x32\
\x34\x22\x20\x66\x69\x6c\x6c\x3d\x22\x6e\x6f\x6e\x65\x22\x20\x78\
\x6d\x6c\x6e\x73\x3d\x22\x68\x74\x74\x70\x3a\x2f\x2f\x77\x77\x77\
\x2e\x77\x33\x2e\x6f\x72\x67\x2f\x32\x30\x30\x30\x2f\x73\x76\x67\
\x22\x20\x61\x72\x69\x61\x2d\x6c\x61\x62\x65\x6c\x6c\x65\x64\x62\
\x79\x3d\x22\x74\x79\x70\x6f\x67\x72\x61\x70\x68\x79\x49\x63\x6f\
\x6e\x54\x69\x74\x6c\x65\x22\x20\x73\x74\x72\x6f\x6b\x65\x3d\x22\
\x23\x30\x30\x30\x22\x20\x73\x74\x72\x6f\x6b\x65\x2d\x77\x69\x64\
\x74\x68\x3d\x22\x31\x2e\x35\x22\x20\x73\x74\x72\x6f\x6b\x65\x2d\
\x6c\x69\x6e\x65\x63\x61\x70\x3d\x22\x73\x71\x75\x61\x72\x65\x22\
\x20\x73\x74\x72\x6f\x6b\x65\x2d\x6c\x69\x6e\x65\x6a\x6f\x69\x6e\
\x3d\x22\x6d\x69\x74\x65\x72\x22\x20\x63\x6f\x6c\x6f\x72\x3d\x22\
\x23\x30\x30\x30\x22\x3e\x20\x3c\x74\x69\x74\x6c\x65\x20\x69\x64\
\x3d\x22\x74\x79\x70\x6f\x67\x72\x61\x70\x68\x79\x49\x63\x6f\x6e\
\x54\x69\x74\x6c\x65\x22\x3e\x54\x79\x70\x6f\x67\x72\x61\x70\x68\
\x79\x3c\x2f\x74\x69\x74\x6c\x65\x3e\x20\x3c\x70\x61\x74\x68\x20\
\x64\x3d\x22\x4d\x34\x20\x38\x4c\x35\x20\x34\x48\x31\x32\x4d\x32\
\x30\x20\x38\x4c\x31\x39\x20\x34\x48\x31\x32\x4d\x31\x32\x20\x34\
\x56\x32\x30\x4d\x31\x32\x20\x32\x30\x48\x38\x4d\x31\x32\x20\x32\
\x30\x48\x31\x36\x22\x2f\x3e\x20\x3c\x2f\x73\x76\x67\x3e\
\x00\x00\x01\x7f\
\x3c\
\x73\x76\x67\x20\x72\x6f\x6c\x65\x3d\x22\x69\x6d\x67\x22\x20\x78\
\x6d\x6c\x6e\x73\x3d\x22\x68\x74\x74\x70\x3a\x2f\x2f\x77\x77\x77\
\x2e\x77\x33\x2e\x6f\x72\x67\x2f\x32\x30\x30\x30\x2f\x73\x76\x67\
\x22\x20\x77\x69\x64\x74\x68\x3d\x22\x33\x32\x70\x78\x22\x20\x68\
\x65\x69\x67\x68\x74\x3d\x22\x33\x32\x70\x78\x22\x20\x76\x69\x65\
\x77\x42\x6f\x78\x3d\x22\x30\x20\x30\x20\x32\x34\x20\x32\x34\x22\
\x20\x61\x72\x69\x61\x2d\x6c\x61\x62\x65\x6c\x6c\x65\x64\x62\x79\
\x3d\x22\x61\x72\x72\x6f\x77\x55\x70\x49\x63\x6f\x6e\x54\x69\x74\
\x6c\x65\x22\x20\x73\x74\x72\x6f\x6b\x65\x3d\x22\x23\x30\x30\x30\
\x22\x20\x73\x74\x72\x6f\x6b\x65\x2d\x77\x69\x64\x74\x68\x3d\x22\
\x31\x2e\x35\x22\x20\x73\x74\x72\x6f\x6b\x65\x2d\x6c\x69\x6e\x65\
\x63\x61\x70\x3d\x22\x73\x71\x75\x61\x72\x65\x22\x20\x73\x74\x72\
\x6f\x6b\x65\x2d\x6c\x69\x6e\x65\x6a\x6f\x69\x6e\x3d\x22\x6d\x69\
\x74\x65\x72\x22\x20\x66\x69\x6c\x6c\x3d\x22\x6e\x6f\x6e\x65\x22\
\x20\x63\x6f\x6c\x6f\x72\x3d\x22\x23\x30\x30\x30\x22\x3e\x20\x3c\
\x74\x69\x74\x6c\x65\x20\x69\x64\x3d\x22\x61\x72\x72\x6f\x77\x55\
\x70\x49\x63\x6f\x6e\x54\x69\x74\x6c\x65\x22\x3e\x41\x72\x72\x6f\
\x77\x20\x55\x70\x3c\x2f\x74\x69\x74\x6c\x65\x3e\x20\x3c\x70\x61\
\x74\x68\x20\x64\x3d\x22\x4d\x31\x38\x20\x39\x6c\x2d\x36\x2d\x36\
\x2d\x36\x20\x36\x22\x2f\x3e\x20\x3c\x70\x61\x74\x68\x20\x64\x3d\
\x22\x4d\x31\x32\x20\x32\x31\x56\x34\x22\x2f\x3e\x20\x3c\x70\x61\
\x74\x68\x20\x73\x74\x72\x6f\x6b\x65\x2d\x6c\x69\x6e\x65\x63\x61\
\x70\x3d\x22\x72\x6f\x75\x6e\x64\x22\x20\x64\x3d\x22\x4d\x31\x32\
\x20\x33\x76\x31\x22\x2f\x3e\x20\x3c\x2f\x73\x76\x67\x3e\
\x00\x00\x01\x61\
\x3c\
\x73\x76\x67\x20\x72\x6f\x6c\x65\x3d\x22\x69\x6d\x67\x22\x20\x78\
\x6d\x6c\x6e\x73\x3d\x22\x68\x74\x74\x70\x3a\x2f\x2f\x77\x77\x77\
\x2e\x77\x33\x2e\x6f\x72\x67\x2f\x32\x30\x30\x30\x2f\x73\x76\x67\
\x22\x20\x77\x69\x64\x74\x68\x3d\x22\x33\x32\x70\x78\x22\x20\x68\
\x65\x69\x67\x68\x74\x3d\x22\x33\x32\x70\x78\x22\x20\x76\x69\x65\
\x77\x42\x6f\x78\x3d\x22\x30\x20\x30\x20\x32\x34\x20\x32\x34\x22\
\x20\x61\x72\x69\x61\x2d\x6c\x61\x62\x65\x6c\x6c\x65\x64\x62\x79\
\x3d\x22\x62\x61\x67\x49\x63\x6f\x6e\x54\x69\x74\x6c\x65\x22\x20\
\x73\x74\x72\x6f\x6b\x65\x3d\x22\x23\x30\x30\x30\x22\x20\x73\x74\
\x72\x6f\x6b\x65\x2d\x77\x69\x64\x74\x68\x3d\x22\x31\x2e\x35\x22\
\x20\x73\x74\x72\x6f\x6b\x65\x2d\x6c\x69\x6e\x65\x63\x61\x70\x3d\
\x22\x73\x71\x75\x61\x72\x65\x22\x20\x73\x74\x72\x6f\x6b\x65\x2d\
\x6c\x69\x6e\x65\x6a\x6f\x69\x6e\x3d\x22\x6d\x69\x74\x65\x72\x22\
\x20\x66\x69\x6c\x6c\x3d\x22\x6e\x6f\x6e\x65\x22\x20\x63\x6f\x6c\
\x6f\x72\x3d\x22\x23\x30\x30\x30\x22\x3e\x20\x3c\x74\x69\x74\x6c\
\x65\x20\x69\x64\x3d\x22\x62\x61\x67\x49\x63\x6f\x6e\x54\x69\x74\
\x6c\x65\x22\x3e\x42\x61\x67\x3c\x2f\x74\x69\x74\x6c\x65\x3e\x20\
\x3c\x72\x65\x63\x74\x20\x77\x69\x64\x74\x68\x3d\x22\x31\x34\x22\
\x20\x68\x65\x69\x67\x68\x74\x3d\x22\x31\x32\x22\x20\x78\x3d\x22\
\x35\x22\x20\x79\x3d\x22\x37\x22\x2f\x3e\x20\x3c\x70\x61\x74\x68\
\x20\x64\x3d\x22\x4d\x38\x20\x37\x61\x34\x20\x34\x20\x30\x20\x31\
\x20\x31\x20\x38\x20\x30\x22\x2f\x3e\x20\x3c\x2f\x73\x76\x67\x3e\
\
\x00\x00\x01\x76\
\x3c\
\x73\x76\x67\x20\x72\x6f\x6c\x65\x3d\x22\x69\x6d\x67\x22\x20\x78\
\x6d\x6c\x6e\x73\x3d\x22\x68\x74\x74\x70\x3a\x2f\x2f\x77\x77\x77\
\x2e\x77\x33\x2e\x6f\x72\x67\x2f\x32\x30\x30\x30\x2f\x73\x76\x67\
\x22\x20\x77\x69\x64\x74\x68\x3d\x22\x33\x32\x70\x78\x22\x20\x68\
\x65\x69\x67\x68\x74\x3d\x22\x33\x32\x70\x78\x22\x20\x76\x69\x65\
\x77\x42\x6f\x78\x3d\x22\x30\x20\x30\x20\x32\x34\x20\x32\x34\x22\
\x20\x61\x72\x69\x61\x2d\x6c\x61\x62\x65\x6c\x6c\x65\x64\x62\x79\
\x3d\x22\x62\x6f\x6f\x6b\x49\x63\x6f\x6e\x54\x69\x74\x6c\x65\x22\
\x20\x73\x74\x72\x6f\x6b\x65\x3d\x22\x23\x30\x30\x30\x22\x20\x73\
\x74\x72\x6f\x6b\x65\x2d\x77\x69\x64\x74\x68\x3d\x22\x31\x2e\x35\
\x22\x20\x73\x74\x72\x6f\x6b\x65\x2d\x6c\x69\x6e\x65\x63\x61\x70\
\x3d\x22\x73\x71\x75\x61\x72\x65\x22\x20\x73\x74\x72\x6f\x6b\x65\
\x2d\x6c\x69\x6e\x65\x6a\x6f\x69\x6e\x3d\x22\x6d\x69\x74\x65\x72\
\x22\x20\x66\x69\x6c\x6c\x3d\x22\x6e\x6f\x6e\x65\x22\x20\x63\x6f\
\x6c\x6f\x72\x3d\x22\x23\x30\x30\x30\x22\x3e\x20\x3c\x74\x69\x74\
\x6c\x65\x20\x69\x64\x3d\x22\x62\x6f\x6f\x6b\x49\x63\x6f\x6e\x54\
\x69\x74\x6c\x65\x22\x3e\x42\x6f\x6f\x6b\x3c\x2f\x74\x69\x74\x6c\
\x65\x3e\x20\x3c\x70\x61\x74\x68\x20\x64\x3d\x22\x4d\x31\x39\x20\
\x33\x76\x31\x38\x48\x38\x61\x33\x20\x33\x20\x30\x20\x30\x20\x31\
\x2d\x33\x2d\x33\x56\x36\x61\x33\x20\x33\x20\x30\x20\x30\x20\x31\
\x20\x33\x2d\x33\x68\x31\x31\x7a\x22\x2f\x3e\x20\x3c\x70\x61\x74\
\x68\x20\x64\x3d\x22\x4d\x35\x20\x31\x38\x61\x33\x20\x33\x20\x30\
\x20\x30\x20\x31\x20\x33\x2d\x33\x68\x31\x31\x22\x2f\x3e\x20\x3c\
\x2f\x73\x76\x67\x3e\
\x00\x00\x01\x5a\
\x3c\
\x73\x76\x67\x20\x72\x6f\x6c\x65\x3d\x22\x69\x6d\x67\x22\x20\x78\
\x6d\x6c\x6e\x73\x3d\x22\x68\x74\x74\x70\x3a\x2f\x2f\x77\x77\x77\
\x2e\x77\x33\x2e\x6f\x72\x67\x2f\x32\x30\x30\x30\x2f\x73\x76\x67\
\x22\x20\x77\x69\x64\x74\x68\x3d\x22\x33\x32\x70\x78\x22\x20\x68\
\x65\x69\x67\x68\x74\x3d\x22\x33\x32\x70\x78\x22\x20\x76\x69\x65\
\x77\x42\x6f\x78\x3d\x22\x30\x20\x30\x20\x32\x34\x20\x32\x34\x22\
\x20\x61\x72\x69\x61\x2d\x6c\x61\x62\x65\x6c\x6c\x65\x64\x62\x79\
\x3d\x22\x66\x6f\x72\x77\x61\x72\x64\x49\x63\x6f\x6e\x54\x69\x74\
\x6c\x65\x22\x20\x73\x74\x72\x6f\x6b\x65\x3d\x22\x23\x30\x30\x30\
\x22\x20\x73\x74\x72\x6f\x6b\x65\x2d\x77\x69\x64\x74\x68\x3d\x22\
\x31\x2e\x35\x22\x20\x73\x74\x72\x6f\x6b\x65\x2d\x6c\x69\x6e\x65\
\x63\x61\x70\x3d\x22\x73\x71\x75\x61\x72\x65\x22\x20\x73\x74\x72\
\x6f\x6b\x65\x2d\x6c\x69\x6e\x65\x6a\x6f\x69\x6e\x3d\x22\x6d\x69\
\x74\x65\x72\x22\x20\x66\x69\x6c\x6c\x3d\x22\x6e\x6f\x6e\x65\x22\
\x20\x63\x6f\x6c\x6f\x72\x3d\x22\x23\x30\x30\x30\x22\x3e\x20\x3c\
\x74\x69\x74\x6c\x65\x20\x69\x64\x3d\x22\x66\x6f\x72\x77\x61\x72\
\x64\x49\x63\x6f\x6e\x54\x69\x74\x6c\x65\x22\x3e\x46\x6f\x72\x77\
\x61\x72\x64\x3c\x2f\x74\x69\x74\x6c\x65\x3e\x20\x3c\x70\x61\x74\
\x68\x20\x64\x3d\x22\x4d\x31\x30\x20\x31\x34\x2e\x37\x34\x4c\x33\
\x20\x31\x39\x56\x35\x6c\x37\x20\x34\x2e\x32\x36\x56\x35\x6c\x31\
\x32\x20\x37\x2d\x31\x32\x20\x37\x76\x2d\x34\x2e\x32\x36\x7a\x22\
\x2f\x3e\x20\x3c\x2f\x73\x76\x67\x3e\
\x00\x00\x02\x56\
\x3c\
\x73\x76\x67\x20\x72\x6f\x6c\x65\x3d\x22\x69\x6d\x67\x22\x20\x78\
\x6d\x6c\x6e\x73\x3d\x22\x68\x74\x74\x70\x3a\x2f\x2f\x77\x77\x77\
\x2e\x77\x33\x2e\x6f\x72\x67\x2f\x32\x30\x30\x30\x2f\x73\x76\x67\
\x22\x20\x77\x69\x64\x74\x68\x3d\x22\x33\x32\x70\x78\x22\x20\x68\
\x65\x69\x67\x68\x74\x3d\x22\x33\x32\x70\x78\x22\x20\x76\x69\x65\
\x77\x42\x6f\x78\x3d\x22\x30\x20\x30\x20\x32\x34\x20\x32\x34\x22\
\x20\x61\x72\x69\x61\x2d\x6c\x61\x62\x65\x6c\x6c\x65\x64\x62\x79\
\x3d\x22\x73\x61\x76\x65\x49\x63\x6f\x6e\x54\x69\x74\x6c\x65\x22\
\x20\x73\x74\x72\x6f\x6b\x65\x3d\x22\x23\x30\x30\x30\x22\x20\x73\
\x74\x72\x6f\x6b\x65\x2d\x77\x69\x64\x74\x68\x3d\x22\x31\x2e\x35\
\x22\x20\x73\x74\x72\x6f\x6b\x65\x2d\x6c\x69\x6e\x65\x63\x61\x70\
\x3d\x22\x73\x71\x75\x61\x72\x65\x22\x20\x73\x74\x72\x6f\x6b\x65\
\x2d\x6c\x69\x6e\x65\x6a\x6f\x69\x6e\x3d\x22\x6d\x69\x74\x65\x72\
\x22\x20\x66\x69\x6c\x6c\x3d\x22\x6e\x6f\x6e\x65\x22\x20\x63\x6f\
\x6c\x6f\x72\x3d\x22\x23\x30\x30\x30\x22\x3e\x20\x3c\x74\x69\x74\
\x6c\x65\x20\x69\x64\x3d\x22\x73\x61\x76\x65\x49\x63\x6f\x6e\x54\
\x69\x74\x6c\x65\x22\x3e\x53\x61\x76\x65\x3c\x2f\x74\x69\x74\x6c\
\x65\x3e\x20\x3c\x70\x61\x74\x68\x20\x64\x3d\x22\x4d\x31\x37\x2e\
\x32\x39\x32\x38\x39\x33\x32\x2c\x33\x2e\x32\x39\x32\x38\x39\x33\
\x32\x32\x20\x4c\x32\x31\x2c\x37\x20\x4c\x32\x31\x2c\x32\x30\x20\
\x43\x32\x31\x2c\x32\x30\x2e\x35\x35\x32\x32\x38\x34\x37\x20\x32\
\x30\x2e\x35\x35\x32\x32\x38\x34\x37\x2c\x32\x31\x20\x32\x30\x2c\
\x32\x31\x20\x4c\x34\x2c\x32\x31\x20\x43\x33\x2e\x34\x34\x37\x37\
\x31\x35\x32\x35\x2c\x32\x31\x20\x33\x2c\x32\x30\x2e\x35\x35\x32\
\x32\x38\x34\x37\x20\x33\x2c\x32\x30\x20\x4c\x33\x2c\x34\x20\x43\
\x33\x2c\x33\x2e\x34\x34\x37\x37\x31\x35\x32\x35\x20\x33\x2e\x34\
\x34\x37\x37\x31\x35\x32\x35\x2c\x33\x20\x34\x2c\x33\x20\x4c\x31\
\x36\x2e\x35\x38\x35\x37\x38\x36\x34\x2c\x33\x20\x43\x31\x36\x2e\
\x38\x35\x31\x30\x30\x32\x39\x2c\x33\x20\x31\x37\x2e\x31\x30\x35\
\x33\x35\x36\x38\x2c\x33\x2e\x31\x30\x35\x33\x35\x36\x38\x34\x20\
\x31\x37\x2e\x32\x39\x32\x38\x39\x33\x32\x2c\x33\x2e\x32\x39\x32\
\x38\x39\x33\x32\x32\x20\x5a\x22\x2f\x3e\x20\x3c\x72\x65\x63\x74\
\x20\x77\x69\x64\x74\x68\x3d\x22\x31\x30\x22\x20\x68\x65\x69\x67\
\x68\x74\x3d\x22\x38\x22\x20\x78\x3d\x22\x37\x22\x20\x79\x3d\x22\
\x31\x33\x22\x2f\x3e\x20\x3c\x72\x65\x63\x74\x20\x77\x69\x64\x74\
\x68\x3d\x22\x38\x22\x20\x68\x65\x69\x67\x68\x74\x3d\x22\x35\x22\
\x20\x78\x3d\x22\x38\x22\x20\x79\x3d\x22\x33\x22\x2f\x3e\x20\x3c\
\x2f\x73\x76\x67\x3e\
\x00\x00\x02\x1c\
\x3c\
\x73\x76\x67\x20\x72\x6f\x6c\x65\x3d\x22\x69\x6d\x67\x22\x20\x78\
\x6d\x6c\x6e\x73\x3d\x22\x68\x74\x74\x70\x3a\x2f\x2f\x77\x77\x77\
\x2e\x77\x33\x2e\x6f\x72\x67\x2f\x32\x30\x30\x30\x2f\x73\x76\x67\
\x22\x20\x77\x69\x64\x74\x68\x3d\x22\x33\x32\x70\x78\x22\x20\x68\
\x65\x69\x67\x68\x74\x3d\x22\x33\x32\x70\x78\x22\x20\x76\x69\x65\
\x77\x42\x6f\x78\x3d\x22\x30\x20\x30\x20\x32\x34\x20\x32\x34\x22\
\x20\x61\x72\x69\x61\x2d\x6c\x61\x62\x65\x6c\x6c\x65\x64\x62\x79\
\x3d\x22\x63\x68\x61\x74\x49\x63\x6f\x6e\x54\x69\x74\x6c\x65\x22\
\x20\x73\x74\x72\x6f\x6b\x65\x3d\x22\x23\x30\x30\x30\x22\x20\x73\
\x74\x72\x6f\x6b\x65\x2d\x77\x69\x64\x74\x68\x3d\x22\x31\x2e\x35\
\x22\x20\x73\x74\x72\x6f\x6b\x65\x2d\x6c\x69\x6e\x65\x63\x61\x70\
\x3d\x22\x73\x71\x75\x61\x72\x65\x22\x20\x73\x74\x72\x6f\x6b\x65\
\x2d\x6c\x69\x6e\x65\x6a\x6f\x69\x6e\x3d\x22\x6d\x69\x74\x65\x72\
\x22\x20\x66\x69\x6c\x6c\x3d\x22\x6e\x6f\x6e\x65\x22\x20\x63\x6f\
\x6c\x6f\x72\x3d\x22\x23\x30\x30\x30\x22\x3e\x20\x3c\x74\x69\x74\
\x6c\x65\x20\x69\x64\x3d\x22\x63\x68\x61\x74\x49\x63\x6f\x6e\x54\
\x69\x74\x6c\x65\x22\x3e\x43\x68\x61\x74\x3c\x2f\x74\x69\x74\x6c\
\x65\x3e\x20\x3c\x70\x61\x74\x68\x20\x64\x3d\x22\x4d\x38\x2e\x38\
\x32\x33\x38\x38\x34\x35\x35\x2c\x31\x38\x2e\x35\x38\x38\x30\x35\
\x37\x37\x20\x4c\x34\x2c\x32\x31\x20\x4c\x34\x2e\x36\x35\x33\x32\
\x32\x39\x34\x34\x2c\x31\x36\x2e\x34\x32\x37\x33\x39\x33\x39\x20\
\x43\x33\x2e\x30\x30\x36\x32\x39\x32\x31\x31\x2c\x31\x35\x2e\x30\
\x30\x31\x33\x20\x32\x2c\x31\x33\x2e\x30\x39\x34\x36\x36\x32\x38\
\x20\x32\x2c\x31\x31\x20\x43\x32\x2c\x36\x2e\x35\x38\x31\x37\x32\
\x32\x20\x36\x2e\x34\x37\x37\x31\x35\x32\x35\x2c\x33\x20\x31\x32\
\x2c\x33\x20\x43\x31\x37\x2e\x35\x32\x32\x38\x34\x37\x35\x2c\x33\
\x20\x32\x32\x2c\x36\x2e\x35\x38\x31\x37\x32\x32\x20\x32\x32\x2c\
\x31\x31\x20\x43\x32\x32\x2c\x31\x35\x2e\x34\x31\x38\x32\x37\x38\
\x20\x31\x37\x2e\x35\x32\x32\x38\x34\x37\x35\x2c\x31\x39\x20\x31\
\x32\x2c\x31\x39\x20\x43\x31\x30\x2e\x38\x38\x39\x37\x34\x32\x35\
\x2c\x31\x39\x20\x39\x2e\x38\x32\x31\x37\x34\x34\x37\x32\x2c\x31\
\x38\x2e\x38\x35\x35\x32\x35\x31\x38\x20\x38\x2e\x38\x32\x33\x38\
\x38\x34\x35\x35\x2c\x31\x38\x2e\x35\x38\x38\x30\x35\x37\x37\x20\
\x5a\x22\x2f\x3e\x20\x3c\x2f\x73\x76\x67\x3e\
\x00\x00\x02\x57\
\x3c\
\x73\x76\x67\x20\x72\x6f\x6c\x65\x3d\x22\x69\x6d\x67\x22\x20\x78\
\x6d\x6c\x6e\x73\x3d\x22\x68\x74\x74\x70\x3a\x2f\x2f\x77\x77\x77\
\x2e\x77\x33\x2e\x6f\x72\x67\x2f\x32\x30\x30\x30\x2f\x73\x76\x67\
\x22\x20\x77\x69\x64\x74\x68\x3d\x22\x33\x32\x70\x78\x22\x20\x68\
\x65\x69\x67\x68\x74\x3d\x22\x33\x32\x70\x78\x22\x20\x76\x69\x65\
\x77\x42\x6f\x78\x3d\x22\x30\x20\x30\x20\x32\x34\x20\x32\x34\x22\
\x20\x61\x72\x69\x61\x2d\x6c\x61\x62\x65\x6c\x6c\x65\x64\x62\x79\
\x3d\x22\x63\x75\x70\x49\x63\x6f\x6e\x54\x69\x74\x6c\x65\x22\x20\
\x73\x74\x72\x6f\x6b\x65\x3d\x22\x23\x30\x30\x30\x22\x20\x73\x74\
\x72\x6f\x6b\x65\x2d\x77\x69\x64\x74\x68\x3d\x22\x31\x2e\x35\x22\
\x20\x73\x74\x72\x6f\x6b\x65\x2d\x6c\x69\x6e\x65\x63\x61\x70\x3d\
\x22\x73\x71\x75\x61\x72\x65\x22\x20\x73\x74\x72\x6f\x6b\x65\x2d\
\x6c\x69\x6e\x65\x6a\x6f\x69\x6e\x3d\x22\x6d\x69\x74\x65\x72\x22\
\x20\x66\x69\x6c\x6c\x3d\x22\x6e\x6f\x6e\x65\x22\x20\x63\x6f\x6c\
\x6f\x72\x3d\x22\x23\x30\x30\x30\x22\x3e\x20\x3c\x74\x69\x74\x6c\
\x65\x20\x69\x64\x3d\x22\x63\x75\x70\x49\x63\x6f\x6e\x54\x69\x74\
\x6c\x65\x22\x3e\x54\x72\x6f\x70\x68\x79\x3c\x2f\x74\x69\x74\x6c\
\x65\x3e\x20\x3c\x70\x61\x74\x68\x20\x64\x3d\x22\x4d\x36\x20\x32\
\x4c\x31\x38\x20\x32\x20\x31\x38\x20\x31\x31\x43\x31\x38\x20\x31\
\x34\x2e\x33\x31\x33\x37\x30\x38\x35\x20\x31\x35\x2e\x33\x31\x33\
\x37\x30\x38\x35\x20\x31\x37\x20\x31\x32\x20\x31\x37\x20\x38\x2e\
\x36\x38\x36\x32\x39\x31\x35\x20\x31\x37\x20\x36\x20\x31\x34\x2e\
\x33\x31\x33\x37\x30\x38\x35\x20\x36\x20\x31\x31\x4c\x36\x20\x32\
\x7a\x4d\x37\x20\x32\x31\x4c\x31\x37\x20\x32\x31\x22\x2f\x3e\x20\
\x3c\x70\x61\x74\x68\x20\x64\x3d\x22\x4d\x31\x32\x2c\x31\x37\x20\
\x4c\x31\x32\x2c\x32\x31\x22\x2f\x3e\x20\x3c\x70\x61\x74\x68\x20\
\x64\x3d\x22\x4d\x36\x20\x35\x4c\x36\x20\x31\x31\x20\x35\x20\x31\
\x31\x43\x33\x2e\x33\x34\x33\x31\x34\x35\x37\x35\x20\x31\x31\x20\
\x32\x20\x39\x2e\x36\x35\x36\x38\x35\x34\x32\x35\x20\x32\x20\x38\
\x20\x32\x20\x36\x2e\x33\x34\x33\x31\x34\x35\x37\x35\x20\x33\x2e\
\x33\x34\x33\x31\x34\x35\x37\x35\x20\x35\x20\x35\x20\x35\x4c\x36\
\x20\x35\x7a\x4d\x31\x38\x20\x31\x31\x4c\x31\x38\x20\x35\x20\x31\
\x39\x20\x35\x43\x32\x30\x2e\x36\x35\x36\x38\x35\x34\x32\x20\x35\
\x20\x32\x32\x20\x36\x2e\x33\x34\x33\x31\x34\x35\x37\x35\x20\x32\
\x32\x20\x38\x20\x32\x32\x20\x39\x2e\x36\x35\x36\x38\x35\x34\x32\
\x35\x20\x32\x30\x2e\x36\x35\x36\x38\x35\x34\x32\x20\x31\x31\x20\
\x31\x39\x20\x31\x31\x4c\x31\x38\x20\x31\x31\x7a\x22\x2f\x3e\x20\
\x3c\x2f\x73\x76\x67\x3e\
\x00\x00\x07\xb7\
\x3c\
\x73\x76\x67\x20\x77\x69\x64\x74\x68\x3d\x22\x33\x32\x70\x78\x22\
\x20\x68\x65\x69\x67\x68\x74\x3d\x22\x33\x32\x70\x78\x22\x20\x76\
\x69\x65\x77\x42\x6f\x78\x3d\x22\x30\x20\x30\x20\x32\x34\x20\x32\
\x34\x22\x20\x78\x6d\x6c\x6e\x73\x3d\x22\x68\x74\x74\x70\x3a\x2f\
\x2f\x77\x77\x77\x2e\x77\x33\x2e\x6f\x72\x67\x2f\x32\x30\x30\x30\
\x2f\x73\x76\x67\x22\x20\x61\x72\x69\x61\x2d\x6c\x61\x62\x65\x6c\
\x6c\x65\x64\x62\x79\x3d\x22\x73\x69\x67\x6e\x4c\x61\x6e\x67\x75\
\x61\x67\x65\x49\x63\x6f\x6e\x54\x69\x74\x6c\x65\x22\x20\x73\x74\
\x72\x6f\x6b\x65\x3d\x22\x23\x30\x30\x30\x22\x20\x73\x74\x72\x6f\
\x6b\x65\x2d\x77\x69\x64\x74\x68\x3d\x22\x31\x2e\x35\x22\x20\x73\
\x74\x72\x6f\x6b\x65\x2d\x6c\x69\x6e\x65\x63\x61\x70\x3d\x22\x73\
\x71\x75\x61\x72\x65\x22\x20\x73\x74\x72\x6f\x6b\x65\x2d\x6c\x69\
\x6e\x65\x6a\x6f\x69\x6e\x3d\x22\x6d\x69\x74\x65\x72\x22\x20\x66\
\x69\x6c\x6c\x3d\x22\x6e\x6f\x6e\x65\x22\x20\x63\x6f\x6c\x6f\x72\
\x3d\x22\x23\x30\x30\x30\x22\x3e\x20\x3c\x74\x69\x74\x6c\x65\x20\
\x69\x64\x3d\x22\x73\x69\x67\x6e\x4c\x61\x6e\x67\x75\x61\x67\x65\
\x49\x63\x6f\x6e\x54\x69\x74\x6c\x65\x22\x3e\x53\x69\x67\x6e\x20\
\x6c\x61\x6e\x67\x75\x61\x67\x65\x3c\x2f\x74\x69\x74\x6c\x65\x3e\
\x20\x3c\x70\x61\x74\x68\x20\x64\x3d\x22\x4d\x31\x30\x2e\x35\x34\
\x34\x38\x20\x31\x32\x2e\x33\x32\x32\x43\x31\x30\x2e\x31\x34\x36\
\x20\x31\x31\x2e\x35\x39\x37\x20\x39\x2e\x33\x37\x34\x39\x36\x20\
\x31\x31\x2e\x31\x30\x35\x38\x20\x38\x2e\x34\x38\x39\x31\x33\x20\
\x31\x31\x2e\x31\x30\x35\x38\x43\x38\x2e\x30\x38\x30\x33\x34\x20\
\x31\x31\x2e\x31\x30\x35\x38\x20\x37\x2e\x36\x39\x35\x39\x38\x20\
\x31\x31\x2e\x32\x31\x30\x34\x20\x37\x2e\x33\x36\x31\x33\x37\x20\
\x31\x31\x2e\x33\x39\x34\x33\x4d\x31\x30\x2e\x35\x34\x34\x38\x20\
\x31\x34\x2e\x35\x37\x38\x35\x43\x31\x30\x2e\x31\x34\x36\x20\x31\
\x35\x2e\x33\x30\x33\x35\x20\x39\x2e\x33\x37\x34\x39\x36\x20\x31\
\x35\x2e\x37\x39\x34\x38\x20\x38\x2e\x34\x38\x39\x31\x33\x20\x31\
\x35\x2e\x37\x39\x34\x38\x43\x37\x2e\x38\x39\x37\x37\x31\x20\x31\
\x35\x2e\x37\x39\x34\x38\x20\x37\x2e\x33\x35\x37\x34\x33\x20\x31\
\x35\x2e\x35\x37\x35\x38\x20\x36\x2e\x39\x34\x34\x39\x37\x20\x31\
\x35\x2e\x32\x31\x34\x35\x4d\x36\x2e\x39\x34\x34\x39\x37\x20\x31\
\x35\x2e\x32\x31\x34\x35\x43\x36\x2e\x34\x35\x34\x34\x31\x20\x31\
\x34\x2e\x37\x38\x34\x37\x20\x36\x2e\x31\x34\x34\x36\x34\x20\x31\
\x34\x2e\x31\x35\x33\x37\x20\x36\x2e\x31\x34\x34\x36\x34\x20\x31\
\x33\x2e\x34\x35\x30\x33\x43\x36\x2e\x31\x34\x34\x36\x34\x20\x31\
\x32\x2e\x35\x36\x34\x32\x20\x36\x2e\x36\x33\x36\x31\x34\x20\x31\
\x31\x2e\x37\x39\x33\x20\x37\x2e\x33\x36\x31\x33\x37\x20\x31\x31\
\x2e\x33\x39\x34\x33\x4d\x36\x2e\x39\x34\x34\x39\x37\x20\x31\x35\
\x2e\x32\x31\x34\x35\x48\x36\x2e\x30\x31\x36\x34\x32\x43\x35\x2e\
\x37\x35\x31\x32\x20\x31\x35\x2e\x32\x31\x34\x35\x20\x35\x2e\x34\
\x39\x36\x38\x35\x20\x31\x35\x2e\x33\x31\x39\x38\x20\x35\x2e\x33\
\x30\x39\x33\x31\x20\x31\x35\x2e\x35\x30\x37\x33\x4c\x34\x2e\x37\
\x31\x33\x20\x31\x36\x2e\x31\x30\x33\x37\x43\x34\x2e\x33\x32\x32\
\x34\x38\x20\x31\x36\x2e\x34\x39\x34\x32\x20\x33\x2e\x36\x38\x39\
\x33\x31\x20\x31\x36\x2e\x34\x39\x34\x32\x20\x33\x2e\x32\x39\x38\
\x37\x39\x20\x31\x36\x2e\x31\x30\x33\x37\x4c\x31\x2e\x38\x37\x36\
\x33\x20\x31\x34\x2e\x36\x38\x31\x32\x43\x31\x2e\x34\x38\x35\x37\
\x37\x20\x31\x34\x2e\x32\x39\x30\x36\x20\x31\x2e\x34\x38\x35\x37\
\x37\x20\x31\x33\x2e\x36\x35\x37\x35\x20\x31\x2e\x38\x37\x36\x33\
\x20\x31\x33\x2e\x32\x36\x37\x4c\x32\x2e\x36\x39\x30\x37\x33\x20\
\x31\x32\x2e\x34\x35\x32\x35\x43\x32\x2e\x37\x34\x30\x34\x34\x20\
\x31\x32\x2e\x34\x30\x32\x38\x20\x32\x2e\x37\x38\x34\x37\x37\x20\
\x31\x32\x2e\x33\x34\x38\x20\x32\x2e\x38\x32\x32\x39\x38\x20\x31\
\x32\x2e\x32\x38\x39\x4c\x34\x2e\x38\x38\x39\x34\x39\x20\x39\x2e\
\x30\x39\x38\x30\x36\x4d\x34\x2e\x38\x38\x39\x34\x39\x20\x39\x2e\
\x30\x39\x38\x30\x36\x43\x35\x2e\x30\x36\x34\x30\x31\x20\x37\x2e\
\x37\x35\x34\x31\x39\x20\x36\x2e\x31\x34\x34\x36\x34\x20\x35\x2e\
\x38\x35\x38\x35\x33\x20\x37\x2e\x36\x37\x39\x30\x39\x20\x35\x2e\
\x32\x33\x30\x32\x32\x4d\x34\x2e\x38\x38\x39\x34\x39\x20\x39\x2e\
\x30\x39\x38\x30\x36\x4c\x37\x2e\x33\x36\x31\x33\x37\x20\x31\x31\
\x2e\x33\x39\x34\x33\x4d\x35\x2e\x37\x39\x30\x36\x34\x20\x39\x2e\
\x39\x33\x35\x31\x39\x43\x36\x2e\x32\x30\x34\x30\x32\x20\x39\x2e\
\x30\x31\x36\x32\x39\x20\x38\x2e\x35\x36\x39\x31\x38\x20\x37\x2e\
\x30\x38\x37\x32\x20\x39\x2e\x38\x32\x35\x37\x38\x20\x37\x2e\x31\
\x31\x35\x31\x33\x4d\x36\x2e\x35\x35\x35\x35\x37\x20\x31\x30\x2e\
\x36\x34\x35\x38\x43\x37\x2e\x33\x35\x32\x36\x20\x39\x2e\x37\x33\
\x38\x32\x20\x39\x2e\x35\x35\x37\x30\x31\x20\x38\x2e\x39\x31\x39\
\x37\x34\x20\x31\x31\x2e\x34\x31\x34\x20\x39\x2e\x34\x33\x36\x33\
\x34\x22\x2f\x3e\x20\x3c\x70\x61\x74\x68\x20\x64\x3d\x22\x4d\x31\
\x33\x2e\x34\x35\x35\x32\x20\x31\x32\x2e\x39\x30\x38\x37\x43\x31\
\x33\x2e\x38\x35\x34\x20\x31\x33\x2e\x36\x33\x33\x37\x20\x31\x34\
\x2e\x36\x32\x35\x20\x31\x34\x2e\x31\x32\x34\x39\x20\x31\x35\x2e\
\x35\x31\x30\x39\x20\x31\x34\x2e\x31\x32\x34\x39\x43\x31\x35\x2e\
\x39\x31\x39\x37\x20\x31\x34\x2e\x31\x32\x34\x39\x20\x31\x36\x2e\
\x33\x30\x34\x20\x31\x34\x2e\x30\x32\x30\x33\x20\x31\x36\x2e\x36\
\x33\x38\x36\x20\x31\x33\x2e\x38\x33\x36\x34\x4d\x31\x33\x2e\x34\
\x35\x35\x32\x20\x31\x30\x2e\x36\x35\x32\x32\x43\x31\x33\x2e\x38\
\x35\x34\x20\x39\x2e\x39\x32\x37\x32\x32\x20\x31\x34\x2e\x36\x32\
\x35\x20\x39\x2e\x34\x33\x35\x39\x35\x20\x31\x35\x2e\x35\x31\x30\
\x39\x20\x39\x2e\x34\x33\x35\x39\x35\x43\x31\x36\x2e\x31\x30\x32\
\x33\x20\x39\x2e\x34\x33\x35\x39\x35\x20\x31\x36\x2e\x36\x34\x32\
\x36\x20\x39\x2e\x36\x35\x34\x39\x34\x20\x31\x37\x2e\x30\x35\x35\
\x20\x31\x30\x2e\x30\x31\x36\x33\x4d\x31\x37\x2e\x30\x35\x35\x20\
\x31\x30\x2e\x30\x31\x36\x33\x43\x31\x37\x2e\x35\x34\x35\x36\x20\
\x31\x30\x2e\x34\x34\x36\x20\x31\x37\x2e\x38\x35\x35\x34\x20\x31\
\x31\x2e\x30\x37\x37\x20\x31\x37\x2e\x38\x35\x35\x34\x20\x31\x31\
\x2e\x37\x38\x30\x34\x43\x31\x37\x2e\x38\x35\x35\x34\x20\x31\x32\
\x2e\x36\x36\x36\x35\x20\x31\x37\x2e\x33\x36\x33\x39\x20\x31\x33\
\x2e\x34\x33\x37\x37\x20\x31\x36\x2e\x36\x33\x38\x36\x20\x31\x33\
\x2e\x38\x33\x36\x34\x4d\x31\x37\x2e\x30\x35\x35\x20\x31\x30\x2e\
\x30\x31\x36\x33\x4c\x31\x37\x2e\x39\x38\x33\x36\x20\x31\x30\x2e\
\x30\x31\x36\x33\x43\x31\x38\x2e\x32\x34\x38\x38\x20\x31\x30\x2e\
\x30\x31\x36\x33\x20\x31\x38\x2e\x35\x30\x33\x32\x20\x39\x2e\x39\
\x31\x30\x39\x20\x31\x38\x2e\x36\x39\x30\x37\x20\x39\x2e\x37\x32\
\x33\x33\x36\x4c\x31\x39\x2e\x32\x38\x37\x20\x39\x2e\x31\x32\x37\
\x30\x35\x43\x31\x39\x2e\x36\x37\x37\x35\x20\x38\x2e\x37\x33\x36\
\x35\x33\x20\x32\x30\x2e\x33\x31\x30\x37\x20\x38\x2e\x37\x33\x36\
\x35\x33\x20\x32\x30\x2e\x37\x30\x31\x32\x20\x39\x2e\x31\x32\x37\
\x30\x35\x4c\x32\x32\x2e\x31\x32\x33\x37\x20\x31\x30\x2e\x35\x34\
\x39\x35\x43\x32\x32\x2e\x35\x31\x34\x32\x20\x31\x30\x2e\x39\x34\
\x30\x31\x20\x32\x32\x2e\x35\x31\x34\x32\x20\x31\x31\x2e\x35\x37\
\x33\x32\x20\x32\x32\x2e\x31\x32\x33\x37\x20\x31\x31\x2e\x39\x36\
\x33\x38\x4c\x32\x31\x2e\x33\x30\x39\x33\x20\x31\x32\x2e\x37\x37\
\x38\x32\x43\x32\x31\x2e\x32\x35\x39\x36\x20\x31\x32\x2e\x38\x32\
\x37\x39\x20\x32\x31\x2e\x32\x31\x35\x32\x20\x31\x32\x2e\x38\x38\
\x32\x37\x20\x32\x31\x2e\x31\x37\x37\x20\x31\x32\x2e\x39\x34\x31\
\x37\x4c\x31\x39\x2e\x31\x31\x30\x35\x20\x31\x36\x2e\x31\x33\x32\
\x37\x4d\x31\x39\x2e\x31\x31\x30\x35\x20\x31\x36\x2e\x31\x33\x32\
\x37\x43\x31\x38\x2e\x39\x33\x36\x20\x31\x37\x2e\x34\x37\x36\x35\
\x20\x31\x37\x2e\x38\x35\x35\x34\x20\x31\x39\x2e\x33\x37\x32\x32\
\x20\x31\x36\x2e\x33\x32\x30\x39\x20\x32\x30\x2e\x30\x30\x30\x35\
\x4d\x31\x39\x2e\x31\x31\x30\x35\x20\x31\x36\x2e\x31\x33\x32\x37\
\x4c\x31\x36\x2e\x36\x33\x38\x36\x20\x31\x33\x2e\x38\x33\x36\x34\
\x4d\x31\x38\x2e\x32\x30\x39\x34\x20\x31\x35\x2e\x32\x39\x35\x35\
\x43\x31\x37\x2e\x37\x39\x36\x20\x31\x36\x2e\x32\x31\x34\x34\x20\
\x31\x35\x2e\x34\x33\x30\x38\x20\x31\x38\x2e\x31\x34\x33\x35\x20\
\x31\x34\x2e\x31\x37\x34\x32\x20\x31\x38\x2e\x31\x31\x35\x36\x4d\
\x31\x37\x2e\x34\x34\x34\x34\x20\x31\x34\x2e\x35\x38\x34\x39\x43\
\x31\x36\x2e\x36\x34\x37\x34\x20\x31\x35\x2e\x34\x39\x32\x35\x20\
\x31\x34\x2e\x34\x34\x33\x20\x31\x36\x2e\x33\x31\x31\x20\x31\x32\
\x2e\x35\x38\x36\x20\x31\x35\x2e\x37\x39\x34\x34\x22\x2f\x3e\x20\
\x3c\x2f\x73\x76\x67\x3e\
\x00\x00\x01\xb3\
\x3c\
\x73\x76\x67\x20\x72\x6f\x6c\x65\x3d\x22\x69\x6d\x67\x22\x20\x78\
\x6d\x6c\x6e\x73\x3d\x22\x68\x74\x74\x70\x3a\x2f\x2f\x77\x77\x77\
\x2e\x77\x33\x2e\x6f\x72\x67\x2f\x32\x30\x30\x30\x2f\x73\x76\x67\
\x22\x20\x77\x69\x64\x74\x68\x3d\x22\x33\x32\x70\x78\x22\x20\x68\
\x65\x69\x67\x68\x74\x3d\x22\x33\x32\x70\x78\x22\x20\x76\x69\x65\
\x77\x42\x6f\x78\x3d\x22\x30\x20\x30\x20\x32\x34\x20\x32\x34\x22\
\x20\x61\x72\x69\x61\x2d\x6c\x61\x62\x65\x6c\x6c\x65\x64\x62\x79\
\x3d\x22\x6c\x6f\x63\x6b\x49\x63\x6f\x6e\x54\x69\x74\x6c\x65\x22\
\x20\x73\x74\x72\x6f\x6b\x65\x3d\x22\x23\x30\x30\x30\x22\x20\x73\
\x74\x72\x6f\x6b\x65\x2d\x77\x69\x64\x74\x68\x3d\x22\x31\x2e\x35\
\x22\x20\x73\x74\x72\x6f\x6b\x65\x2d\x6c\x69\x6e\x65\x63\x61\x70\
\x3d\x22\x73\x71\x75\x61\x72\x65\x22\x20\x73\x74\x72\x6f\x6b\x65\
\x2d\x6c\x69\x6e\x65\x6a\x6f\x69\x6e\x3d\x22\x6d\x69\x74\x65\x72\
\x22\x20\x66\x69\x6c\x6c\x3d\x22\x6e\x6f\x6e\x65\x22\x20\x63\x6f\
\x6c\x6f\x72\x3d\x22\x23\x30\x30\x30\x22\x3e\x20\x3c\x74\x69\x74\
\x6c\x65\x20\x69\x64\x3d\x22\x6c\x6f\x63\x6b\x49\x63\x6f\x6e\x54\
\x69\x74\x6c\x65\x22\x3e\x4c\x6f\x63\x6b\x3c\x2f\x74\x69\x74\x6c\
\x65\x3e\x20\x3c\x72\x65\x63\x74\x20\x77\x69\x64\x74\x68\x3d\x22\
\x31\x34\x22\x20\x68\x65\x69\x67\x68\x74\x3d\x22\x31\x30\x22\x20\
\x78\x3d\x22\x35\x22\x20\x79\x3d\x22\x31\x31\x22\x2f\x3e\x20\x3c\
\x70\x61\x74\x68\x20\x64\x3d\x22\x4d\x31\x32\x2c\x33\x20\x4c\x31\
\x32\x2c\x33\x20\x43\x31\x34\x2e\x37\x36\x31\x34\x32\x33\x37\x2c\
\x33\x20\x31\x37\x2c\x35\x2e\x32\x33\x38\x35\x37\x36\x32\x35\x20\
\x31\x37\x2c\x38\x20\x4c\x31\x37\x2c\x31\x31\x20\x4c\x37\x2c\x31\
\x31\x20\x4c\x37\x2c\x38\x20\x43\x37\x2c\x35\x2e\x32\x33\x38\x35\
\x37\x36\x32\x35\x20\x39\x2e\x32\x33\x38\x35\x37\x36\x32\x35\x2c\
\x33\x20\x31\x32\x2c\x33\x20\x5a\x22\x2f\x3e\x20\x3c\x2f\x73\x76\
\x67\x3e\
\x00\x00\x01\x61\
\x3c\
\x73\x76\x67\x20\x72\x6f\x6c\x65\x3d\x22\x69\x6d\x67\x22\x20\x78\
\x6d\x6c\x6e\x73\x3d\x22\x68\x74\x74\x70\x3a\x2f\x2f\x77\x77\x77\
\x2e\x77\x33\x2e\x6f\x72\x67\x2f\x32\x30\x30\x30\x2f\x73\x76\x67\
\x22\x20\x77\x69\x64\x74\x68\x3d\x22\x33\x32\x70\x78\x22\x20\x68\
\x65\x69\x67\x68\x74\x3d\x22\x33\x32\x70\x78\x22\x20\x76\x69\x65\
\x77\x42\x6f\x78\x3d\x22\x30\x20\x30\x20\x32\x34\x20\x32\x34\x22\
\x20\x61\x72\x69\x61\x2d\x6c\x61\x62\x65\x6c\x6c\x65\x64\x62\x79\
\x3d\x22\x74\x69\x6d\x65\x49\x63\x6f\x6e\x54\x69\x74\x6c\x65\x22\
\x20\x73\x74\x72\x6f\x6b\x65\x3d\x22\x23\x30\x30\x30\x22\x20\x73\
\x74\x72\x6f\x6b\x65\x2d\x77\x69\x64\x74\x68\x3d\x22\x31\x2e\x35\
\x22\x20\x73\x74\x72\x6f\x6b\x65\x2d\x6c\x69\x6e\x65\x63\x61\x70\
\x3d\x22\x73\x71\x75\x61\x72\x65\x22\x20\x73\x74\x72\x6f\x6b\x65\
\x2d\x6c\x69\x6e\x65\x6a\x6f\x69\x6e\x3d\x22\x6d\x69\x74\x65\x72\
\x22\x20\x66\x69\x6c\x6c\x3d\x22\x6e\x6f\x6e\x65\x22\x20\x63\x6f\
\x6c\x6f\x72\x3d\x22\x23\x30\x30\x30\x22\x3e\x20\x3c\x74\x69\x74\
\x6c\x65\x20\x69\x64\x3d\x22\x74\x69\x6d\x65\x49\x63\x6f\x6e\x54\
\x69\x74\x6c\x65\x22\x3e\x54\x69\x6d\x65\x3c\x2f\x74\x69\x74\x6c\
\x65\x3e\x20\x3c\x63\x69\x72\x63\x6c\x65\x20\x63\x78\x3d\x22\x31\
\x32\x22\x20\x63\x79\x3d\x22\x31\x32\x22\x20\x72\x3d\x22\x31\x30\
\x22\x2f\x3e\x20\x3c\x70\x6f\x6c\x79\x6c\x69\x6e\x65\x20\x70\x6f\
\x69\x6e\x74\x73\x3d\x22\x31\x32\x20\x35\x20\x31\x32\x20\x31\x32\
\x20\x31\x36\x20\x31\x36\x22\x2f\x3e\x20\x3c\x2f\x73\x76\x67\x3e\
\
\x00\x00\x01\x99\
\x3c\
\x73\x76\x67\x20\x77\x69\x64\x74\x68\x3d\x22\x33\x32\x70\x78\x22\
\x20\x68\x65\x69\x67\x68\x74\x3d\x22\x33\x32\x70\x78\x22\x20\x76\
\x69\x65\x77\x42\x6f\x78\x3d\x22\x30\x20\x30\x20\x32\x34\x20\x32\
\x34\x22\x20\x66\x69\x6c\x6c\x3d\x22\x6e\x6f\x6e\x65\x22\x20\x78\
\x6d\x6c\x6e\x73\x3d\x22\x68\x74\x74\x70\x3a\x2f\x2f\x77\x77\x77\
\x2e\x77\x33\x2e\x6f\x72\x67\x2f\x32\x30\x30\x30\x2f\x73\x76\x67\
\x22\x20\x61\x72\x69\x61\x2d\x6c\x61\x62\x65\x6c\x6c\x65\x64\x62\
\x79\x3d\x22\x62\x69\x6b\x65\x49\x63\x6f\x6e\x54\x69\x74\x6c\x65\
\x22\x20\x73\x74\x72\x6f\x6b\x65\x3d\x22\x23\x30\x30\x30\x22\x20\
\x73\x74\x72\x6f\x6b\x65\x2d\x77\x69\x64\x74\x68\x3d\x22\x31\x2e\
\x35\x22\x20\x73\x74\x72\x6f\x6b\x65\x2d\x6c\x69\x6e\x65\x63\x61\
\x70\x3d\x22\x73\x71\x75\x61\x72\x65\x22\x20\x73\x74\x72\x6f\x6b\
\x65\x2d\x6c\x69\x6e\x65\x6a\x6f\x69\x6e\x3d\x22\x6d\x69\x74\x65\
\x72\x22\x20\x63\x6f\x6c\x6f\x72\x3d\x22\x23\x30\x30\x30\x22\x3e\
\x20\x3c\x74\x69\x74\x6c\x65\x20\x69\x64\x3d\x22\x62\x69\x6b\x65\
\x49\x63\x6f\x6e\x54\x69\x74\x6c\x65\x22\x3e\x42\x69\x6b\x65\x3c\
\x2f\x74\x69\x74\x6c\x65\x3e\x20\x3c\x63\x69\x72\x63\x6c\x65\x20\
\x63\x78\x3d\x22\x31\x34\x22\x20\x63\x79\x3d\x22\x36\x22\x20\x72\
\x3d\x22\x31\x22\x2f\x3e\x20\x3c\x70\x61\x74\x68\x20\x64\x3d\x22\
\x4d\x31\x32\x20\x31\x38\x56\x31\x34\x4c\x39\x20\x31\x32\x4c\x31\
\x32\x20\x39\x4c\x31\x34\x20\x31\x31\x4c\x31\x36\x20\x31\x32\x22\
\x2f\x3e\x20\x3c\x63\x69\x72\x63\x6c\x65\x20\x63\x78\x3d\x22\x36\
\x22\x20\x63\x79\x3d\x22\x31\x37\x22\x20\x72\x3d\x22\x33\x22\x2f\
\x3e\x20\x3c\x63\x69\x72\x63\x6c\x65\x20\x63\x78\x3d\x22\x31\x38\
\x22\x20\x63\x79\x3d\x22\x31\x37\x22\x20\x72\x3d\x22\x33\x22\x2f\
\x3e\x20\x3c\x2f\x73\x76\x67\x3e\
\x00\x00\x01\xb9\
\x3c\
\x73\x76\x67\x20\x72\x6f\x6c\x65\x3d\x22\x69\x6d\x67\x22\x20\x78\
\x6d\x6c\x6e\x73\x3d\x22\x68\x74\x74\x70\x3a\x2f\x2f\x77\x77\x77\
\x2e\x77\x33\x2e\x6f\x72\x67\x2f\x32\x30\x30\x30\x2f\x73\x76\x67\
\x22\x20\x77\x69\x64\x74\x68\x3d\x22\x33\x32\x70\x78\x22\x20\x68\
\x65\x69\x67\x68\x74\x3d\x22\x33\x32\x70\x78\x22\x20\x76\x69\x65\
\x77\x42\x6f\x78\x3d\x22\x30\x20\x30\x20\x32\x34\x20\x32\x34\x22\
\x20\x61\x72\x69\x61\x2d\x6c\x61\x62\x65\x6c\x6c\x65\x64\x62\x79\
\x3d\x22\x63\x69\x72\x63\x6c\x65\x41\x72\x72\x6f\x77\x4c\x65\x66\
\x74\x49\x63\x6f\x6e\x54\x69\x74\x6c\x65\x22\x20\x73\x74\x72\x6f\
\x6b\x65\x3d\x22\x23\x30\x30\x30\x22\x20\x73\x74\x72\x6f\x6b\x65\
\x2d\x77\x69\x64\x74\x68\x3d\x22\x31\x2e\x35\x22\x20\x73\x74\x72\
\x6f\x6b\x65\x2d\x6c\x69\x6e\x65\x63\x61\x70\x3d\x22\x73\x71\x75\
\x61\x72\x65\x22\x20\x73\x74\x72\x6f\x6b\x65\x2d\x6c\x69\x6e\x65\
\x6a\x6f\x69\x6e\x3d\x22\x6d\x69\x74\x65\x72\x22\x20\x66\x69\x6c\
\x6c\x3d\x22\x6e\x6f\x6e\x65\x22\x20\x63\x6f\x6c\x6f\x72\x3d\x22\
\x23\x30\x30\x30\x22\x3e\x20\x3c\x74\x69\x74\x6c\x65\x20\x69\x64\
\x3d\x22\x63\x69\x72\x63\x6c\x65\x41\x72\x72\x6f\x77\x4c\x65\x66\
\x74\x49\x63\x6f\x6e\x54\x69\x74\x6c\x65\x22\x3e\x41\x72\x72\x6f\
\x77\x20\x4c\x65\x66\x74\x3c\x2f\x74\x69\x74\x6c\x65\x3e\x20\x3c\
\x70\x61\x74\x68\x20\x64\x3d\x22\x4d\x31\x30\x2e\x35\x20\x31\x35\
\x6c\x2d\x33\x2d\x33\x20\x33\x2d\x33\x22\x2f\x3e\x20\x3c\x70\x61\
\x74\x68\x20\x64\x3d\x22\x4d\x31\x36\x2e\x35\x20\x31\x32\x48\x39\
\x22\x2f\x3e\x20\x3c\x70\x61\x74\x68\x20\x73\x74\x72\x6f\x6b\x65\
\x2d\x6c\x69\x6e\x65\x63\x61\x70\x3d\x22\x72\x6f\x75\x6e\x64\x22\
\x20\x64\x3d\x22\x4d\x37\x2e\x35\x20\x31\x32\x48\x39\x22\x2f\x3e\
\x20\x3c\x63\x69\x72\x63\x6c\x65\x20\x63\x78\x3d\x22\x31\x32\x22\
\x20\x63\x79\x3d\x22\x31\x32\x22\x20\x72\x3d\x22\x31\x30\x22\x2f\
\x3e\x20\x3c\x2f\x73\x76\x67\x3e\
\x00\x00\x01\x8b\
\x3c\
\x73\x76\x67\x20\x72\x6f\x6c\x65\x3d\x22\x69\x6d\x67\x22\x20\x78\
\x6d\x6c\x6e\x73\x3d\x22\x68\x74\x74\x70\x3a\x2f\x2f\x77\x77\x77\
\x2e\x77\x33\x2e\x6f\x72\x67\x2f\x32\x30\x30\x30\x2f\x73\x76\x67\
\x22\x20\x77\x69\x64\x74\x68\x3d\x22\x33\x32\x70\x78\x22\x20\x68\
\x65\x69\x67\x68\x74\x3d\x22\x33\x32\x70\x78\x22\x20\x76\x69\x65\
\x77\x42\x6f\x78\x3d\x22\x30\x20\x30\x20\x32\x34\x20\x32\x34\x22\
\x20\x61\x72\x69\x61\x2d\x6c\x61\x62\x65\x6c\x6c\x65\x64\x62\x79\
\x3d\x22\x6e\x6f\x45\x6e\x74\x72\x79\x49\x63\x6f\x6e\x54\x69\x74\
\x6c\x65\x22\x20\x73\x74\x72\x6f\x6b\x65\x3d\x22\x23\x30\x30\x30\
\x22\x20\x73\x74\x72\x6f\x6b\x65\x2d\x77\x69\x64\x74\x68\x3d\x22\
\x31\x2e\x35\x22\x20\x73\x74\x72\x6f\x6b\x65\x2d\x6c\x69\x6e\x65\
\x63\x61\x70\x3d\x22\x73\x71\x75\x61\x72\x65\x22\x20\x73\x74\x72\
\x6f\x6b\x65\x2d\x6c\x69\x6e\x65\x6a\x6f\x69\x6e\x3d\x22\x6d\x69\
\x74\x65\x72\x22\x20\x66\x69\x6c\x6c\x3d\x22\x6e\x6f\x6e\x65\x22\
\x20\x63\x6f\x6c\x6f\x72\x3d\x22\x23\x30\x30\x30\x22\x3e\x20\x3c\
\x74\x69\x74\x6c\x65\x20\x69\x64\x3d\x22\x6e\x6f\x45\x6e\x74\x72\
\x79\x49\x63\x6f\x6e\x54\x69\x74\x6c\x65\x22\x3e\x4e\x6f\x20\x45\
\x6e\x74\x72\x79\x3c\x2f\x74\x69\x74\x6c\x65\x3e\x20\x3c\x70\x6f\
\x6c\x79\x67\x6f\x6e\x20\x70\x6f\x69\x6e\x74\x73\x3d\x22\x31\x36\
\x20\x33\x20\x32\x31\x20\x38\x20\x32\x31\x20\x31\x36\x20\x31\x36\
\x20\x32\x31\x20\x38\x20\x32\x31\x20\x33\x20\x31\x36\x20\x33\x20\
\x38\x20\x38\x20\x33\x22\x2f\x3e\x20\x3c\x72\x65\x63\x74\x20\x77\
\x69\x64\x74\x68\x3d\x22\x31\x30\x22\x20\x68\x65\x69\x67\x68\x74\
\x3d\x22\x34\x22\x20\x78\x3d\x22\x37\x22\x20\x79\x3d\x22\x31\x30\
\x22\x2f\x3e\x20\x3c\x2f\x73\x76\x67\x3e\
\x00\x00\x01\x67\
\x3c\
\x73\x76\x67\x20\x72\x6f\x6c\x65\x3d\x22\x69\x6d\x67\x22\x20\x78\
\x6d\x6c\x6e\x73\x3d\x22\x68\x74\x74\x70\x3a\x2f\x2f\x77\x77\x77\
\x2e\x77\x33\x2e\x6f\x72\x67\x2f\x32\x30\x30\x30\x2f\x73\x76\x67\
\x22\x20\x77\x69\x64\x74\x68\x3d\x22\x33\x32\x70\x78\x22\x20\x68\
\x65\x69\x67\x68\x74\x3d\x22\x33\x32\x70\x78\x22\x20\x76\x69\x65\
\x77\x42\x6f\x78\x3d\x22\x30\x20\x30\x20\x32\x34\x20\x32\x34\x22\
\x20\x61\x72\x69\x61\x2d\x6c\x61\x62\x65\x6c\x6c\x65\x64\x62\x79\
\x3d\x22\x61\x6c\x69\x67\x6e\x43\x65\x6e\x74\x65\x72\x49\x63\x6f\
\x6e\x54\x69\x74\x6c\x65\x22\x20\x73\x74\x72\x6f\x6b\x65\x3d\x22\
\x23\x30\x30\x30\x22\x20\x73\x74\x72\x6f\x6b\x65\x2d\x77\x69\x64\
\x74\x68\x3d\x22\x31\x2e\x35\x22\x20\x73\x74\x72\x6f\x6b\x65\x2d\
\x6c\x69\x6e\x65\x63\x61\x70\x3d\x22\x73\x71\x75\x61\x72\x65\x22\
\x20\x73\x74\x72\x6f\x6b\x65\x2d\x6c\x69\x6e\x65\x6a\x6f\x69\x6e\
\x3d\x22\x6d\x69\x74\x65\x72\x22\x20\x66\x69\x6c\x6c\x3d\x22\x6e\
\x6f\x6e\x65\x22\x20\x63\x6f\x6c\x6f\x72\x3d\x22\x23\x30\x30\x30\
\x22\x3e\x20\x3c\x74\x69\x74\x6c\x65\x20\x69\x64\x3d\x22\x61\x6c\
\x69\x67\x6e\x43\x65\x6e\x74\x65\x72\x49\x63\x6f\x6e\x54\x69\x74\
\x6c\x65\x22\x3e\x41\x6c\x69\x67\x6e\x20\x43\x65\x6e\x74\x65\x72\
\x3c\x2f\x74\x69\x74\x6c\x65\x3e\x20\x3c\x70\x61\x74\x68\x20\x64\
\x3d\x22\x4d\x38\x20\x31\x30\x4c\x31\x36\x20\x31\x30\x4d\x36\x20\
\x36\x4c\x31\x38\x20\x36\x4d\x36\x20\x31\x34\x4c\x31\x38\x20\x31\
\x34\x4d\x38\x20\x31\x38\x4c\x31\x36\x20\x31\x38\x22\x2f\x3e\x20\
\x3c\x2f\x73\x76\x67\x3e\
\x00\x00\x01\x76\
\x3c\
\x73\x76\x67\x20\x72\x6f\x6c\x65\x3d\x22\x69\x6d\x67\x22\x20\x78\
\x6d\x6c\x6e\x73\x3d\x22\x68\x74\x74\x70\x3a\x2f\x2f\x77\x77\x77\
\x2e\x77\x33\x2e\x6f\x72\x67\x2f\x32\x30\x30\x30\x2f\x73\x76\x67\
\x22\x20\x77\x69\x64\x74\x68\x3d\x22\x33\x32\x70\x78\x22\x20\x68\
\x65\x69\x67\x68\x74\x3d\x22\x33\x32\x70\x78\x22\x20\x76\x69\x65\
\x77\x42\x6f\x78\x3d\x22\x30\x20\x30\x20\x32\x34\x20\x32\x34\x22\
\x20\x61\x72\x69\x61\x2d\x6c\x61\x62\x65\x6c\x6c\x65\x64\x62\x79\
\x3d\x22\x6c\x61\x70\x74\x6f\x70\x49\x63\x6f\x6e\x54\x69\x74\x6c\
\x65\x22\x20\x73\x74\x72\x6f\x6b\x65\x3d\x22\x23\x30\x30\x30\x22\
\x20\x73\x74\x72\x6f\x6b\x65\x2d\x77\x69\x64\x74\x68\x3d\x22\x31\
\x2e\x35\x22\x20\x73\x74\x72\x6f\x6b\x65\x2d\x6c\x69\x6e\x65\x63\
\x61\x70\x3d\x22\x73\x71\x75\x61\x72\x65\x22\x20\x73\x74\x72\x6f\
\x6b\x65\x2d\x6c\x69\x6e\x65\x6a\x6f\x69\x6e\x3d\x22\x6d\x69\x74\
\x65\x72\x22\x20\x66\x69\x6c\x6c\x3d\x22\x6e\x6f\x6e\x65\x22\x20\
\x63\x6f\x6c\x6f\x72\x3d\x22\x23\x30\x30\x30\x22\x3e\x20\x3c\x74\
\x69\x74\x6c\x65\x20\x69\x64\x3d\x22\x6c\x61\x70\x74\x6f\x70\x49\
\x63\x6f\x6e\x54\x69\x74\x6c\x65\x22\x3e\x4c\x61\x70\x74\x6f\x70\
\x3c\x2f\x74\x69\x74\x6c\x65\x3e\x20\x3c\x70\x61\x74\x68\x20\x64\
\x3d\x22\x4d\x32\x30\x20\x37\x76\x31\x31\x48\x34\x56\x37\x61\x31\
\x20\x31\x20\x30\x20\x30\x20\x31\x20\x31\x2d\x31\x68\x31\x34\x61\
\x31\x20\x31\x20\x30\x20\x30\x20\x31\x20\x31\x20\x31\x7a\x22\x2f\
\x3e\x20\x3c\x70\x61\x74\x68\x20\x64\x3d\x22\x4d\x32\x20\x31\x38\
\x68\x32\x30\x4d\x34\x20\x31\x37\x68\x31\x36\x22\x2f\x3e\x20\x3c\
\x2f\x73\x76\x67\x3e\
\x00\x00\x03\x31\
\x3c\
\x73\x76\x67\x20\x72\x6f\x6c\x65\x3d\x22\x69\x6d\x67\x22\x20\x78\
\x6d\x6c\x6e\x73\x3d\x22\x68\x74\x74\x70\x3a\x2f\x2f\x77\x77\x77\
\x2e\x77\x33\x2e\x6f\x72\x67\x2f\x32\x30\x30\x30\x2f\x73\x76\x67\
\x22\x20\x77\x69\x64\x74\x68\x3d\x22\x33\x32\x70\x78\x22\x20\x68\
\x65\x69\x67\x68\x74\x3d\x22\x33\x32\x70\x78\x22\x20\x76\x69\x65\
\x77\x42\x6f\x78\x3d\x22\x30\x20\x30\x20\x32\x34\x20\x32\x34\x22\
\x20\x61\x72\x69\x61\x2d\x6c\x61\x62\x65\x6c\x6c\x65\x64\x62\x79\
\x3d\x22\x64\x61\x6e\x67\x65\x72\x49\x63\x6f\x6e\x54\x69\x74\x6c\
\x65\x22\x20\x73\x74\x72\x6f\x6b\x65\x3d\x22\x23\x30\x30\x30\x22\
\x20\x73\x74\x72\x6f\x6b\x65\x2d\x77\x69\x64\x74\x68\x3d\x22\x31\
\x2e\x35\x22\x20\x73\x74\x72\x6f\x6b\x65\x2d\x6c\x69\x6e\x65\x63\
\x61\x70\x3d\x22\x73\x71\x75\x61\x72\x65\x22\x20\x73\x74\x72\x6f\
\x6b\x65\x2d\x6c\x69\x6e\x65\x6a\x6f\x69\x6e\x3d\x22\x6d\x69\x74\
\x65\x72\x22\x20\x66\x69\x6c\x6c\x3d\x22\x6e\x6f\x6e\x65\x22\x20\
\x63\x6f\x6c\x6f\x72\x3d\x22\x23\x30\x30\x30\x22\x3e\x20\x3c\x74\
\x69\x74\x6c\x65\x20\x69\x64\x3d\x22\x64\x61\x6e\x67\x65\x72\x49\
\x63\x6f\x6e\x54\x69\x74\x6c\x65\x22\x3e\x44\x61\x6e\x67\x65\x72\
\x3c\x2f\x74\x69\x74\x6c\x65\x3e\x20\x3c\x70\x61\x74\x68\x20\x64\
\x3d\x22\x4d\x31\x32\x20\x31\x30\x4c\x31\x32\x20\x31\x33\x22\x2f\
\x3e\x20\x3c\x6c\x69\x6e\x65\x20\x78\x31\x3d\x22\x31\x32\x22\x20\
\x79\x31\x3d\x22\x31\x36\x22\x20\x78\x32\x3d\x22\x31\x32\x22\x20\
\x79\x32\x3d\x22\x31\x36\x22\x2f\x3e\x20\x3c\x70\x61\x74\x68\x20\
\x64\x3d\x22\x4d\x31\x32\x2e\x38\x36\x31\x39\x33\x34\x32\x2c\x34\
\x2e\x34\x36\x35\x32\x38\x38\x31\x37\x20\x4c\x32\x31\x2e\x31\x31\
\x33\x35\x31\x37\x36\x2c\x31\x38\x2e\x34\x39\x32\x39\x37\x39\x39\
\x20\x43\x32\x31\x2e\x33\x39\x33\x35\x33\x37\x31\x2c\x31\x38\x2e\
\x39\x36\x39\x30\x31\x33\x20\x32\x31\x2e\x32\x33\x34\x36\x33\x36\
\x36\x2c\x31\x39\x2e\x35\x38\x31\x39\x31\x34\x37\x20\x32\x30\x2e\
\x37\x35\x38\x36\x30\x33\x35\x2c\x31\x39\x2e\x38\x36\x31\x39\x33\
\x34\x32\x20\x43\x32\x30\x2e\x36\x30\x34\x39\x32\x36\x38\x2c\x31\
\x39\x2e\x39\x35\x32\x33\x33\x32\x32\x20\x32\x30\x2e\x34\x32\x39\
\x38\x37\x36\x31\x2c\x32\x30\x20\x32\x30\x2e\x32\x35\x31\x35\x38\
\x33\x34\x2c\x32\x30\x20\x4c\x33\x2e\x37\x34\x38\x34\x31\x36\x36\
\x34\x2c\x32\x30\x20\x43\x33\x2e\x31\x39\x36\x31\x33\x31\x38\x39\
\x2c\x32\x30\x20\x32\x2e\x37\x34\x38\x34\x31\x36\x36\x34\x2c\x31\
\x39\x2e\x35\x35\x32\x32\x38\x34\x37\x20\x32\x2e\x37\x34\x38\x34\
\x31\x36\x36\x34\x2c\x31\x39\x20\x43\x32\x2e\x37\x34\x38\x34\x31\
\x36\x36\x34\x2c\x31\x38\x2e\x38\x32\x31\x37\x30\x37\x32\x20\x32\
\x2e\x37\x39\x36\x30\x38\x34\x34\x2c\x31\x38\x2e\x36\x34\x36\x36\
\x35\x36\x35\x20\x32\x2e\x38\x38\x36\x34\x38\x32\x34\x33\x2c\x31\
\x38\x2e\x34\x39\x32\x39\x37\x39\x39\x20\x4c\x31\x31\x2e\x31\x33\
\x38\x30\x36\x35\x38\x2c\x34\x2e\x34\x36\x35\x32\x38\x38\x31\x37\
\x20\x43\x31\x31\x2e\x34\x31\x38\x30\x38\x35\x33\x2c\x33\x2e\x39\
\x38\x39\x32\x35\x35\x30\x34\x20\x31\x32\x2e\x30\x33\x30\x39\x38\
\x37\x2c\x33\x2e\x38\x33\x30\x33\x35\x34\x35\x39\x20\x31\x32\x2e\
\x35\x30\x37\x30\x32\x30\x31\x2c\x34\x2e\x31\x31\x30\x33\x37\x34\
\x30\x38\x20\x43\x31\x32\x2e\x36\x35\x33\x35\x37\x33\x38\x2c\x34\
\x2e\x31\x39\x36\x35\x38\x32\x31\x32\x20\x31\x32\x2e\x37\x37\x35\
\x37\x32\x36\x32\x2c\x34\x2e\x33\x31\x38\x37\x33\x34\x35\x20\x31\
\x32\x2e\x38\x36\x31\x39\x33\x34\x32\x2c\x34\x2e\x34\x36\x35\x32\
\x38\x38\x31\x37\x20\x5a\x22\x2f\x3e\x20\x3c\x2f\x73\x76\x67\x3e\
\
\x00\x00\x01\x4c\
\x3c\
\x73\x76\x67\x20\x72\x6f\x6c\x65\x3d\x22\x69\x6d\x67\x22\x20\x78\
\x6d\x6c\x6e\x73\x3d\x22\x68\x74\x74\x70\x3a\x2f\x2f\x77\x77\x77\
\x2e\x77\x33\x2e\x6f\x72\x67\x2f\x32\x30\x30\x30\x2f\x73\x76\x67\
\x22\x20\x77\x69\x64\x74\x68\x3d\x22\x33\x32\x70\x78\x22\x20\x68\
\x65\x69\x67\x68\x74\x3d\x22\x33\x32\x70\x78\x22\x20\x76\x69\x65\
\x77\x42\x6f\x78\x3d\x22\x30\x20\x30\x20\x32\x34\x20\x32\x34\x22\
\x20\x61\x72\x69\x61\x2d\x6c\x61\x62\x65\x6c\x6c\x65\x64\x62\x79\
\x3d\x22\x6e\x65\x78\x74\x49\x63\x6f\x6e\x54\x69\x74\x6c\x65\x22\
\x20\x73\x74\x72\x6f\x6b\x65\x3d\x22\x23\x30\x30\x30\x22\x20\x73\
\x74\x72\x6f\x6b\x65\x2d\x77\x69\x64\x74\x68\x3d\x22\x31\x2e\x35\
\x22\x20\x73\x74\x72\x6f\x6b\x65\x2d\x6c\x69\x6e\x65\x63\x61\x70\
\x3d\x22\x73\x71\x75\x61\x72\x65\x22\x20\x73\x74\x72\x6f\x6b\x65\
\x2d\x6c\x69\x6e\x65\x6a\x6f\x69\x6e\x3d\x22\x6d\x69\x74\x65\x72\
\x22\x20\x66\x69\x6c\x6c\x3d\x22\x6e\x6f\x6e\x65\x22\x20\x63\x6f\
\x6c\x6f\x72\x3d\x22\x23\x30\x30\x30\x22\x3e\x20\x3c\x74\x69\x74\
\x6c\x65\x20\x69\x64\x3d\x22\x6e\x65\x78\x74\x49\x63\x6f\x6e\x54\
\x69\x74\x6c\x65\x22\x3e\x4e\x65\x78\x74\x3c\x2f\x74\x69\x74\x6c\
\x65\x3e\x20\x3c\x70\x61\x74\x68\x20\x64\x3d\x22\x4d\x31\x37\x20\
\x31\x31\x2e\x35\x4c\x36\x20\x31\x38\x56\x35\x7a\x22\x2f\x3e\x20\
\x3c\x70\x61\x74\x68\x20\x64\x3d\x22\x4d\x31\x38\x20\x31\x38\x56\
\x35\x22\x2f\x3e\x20\x3c\x2f\x73\x76\x67\x3e\
\x00\x00\x03\x17\
\x3c\
\x73\x76\x67\x20\x72\x6f\x6c\x65\x3d\x22\x69\x6d\x67\x22\x20\x78\
\x6d\x6c\x6e\x73\x3d\x22\x68\x74\x74\x70\x3a\x2f\x2f\x77\x77\x77\
\x2e\x77\x33\x2e\x6f\x72\x67\x2f\x32\x30\x30\x30\x2f\x73\x76\x67\
\x22\x20\x77\x69\x64\x74\x68\x3d\x22\x33\x32\x70\x78\x22\x20\x68\
\x65\x69\x67\x68\x74\x3d\x22\x33\x32\x70\x78\x22\x20\x76\x69\x65\
\x77\x42\x6f\x78\x3d\x22\x30\x20\x30\x20\x32\x34\x20\x32\x34\x22\
\x20\x61\x72\x69\x61\x2d\x6c\x61\x62\x65\x6c\x6c\x65\x64\x62\x79\
\x3d\x22\x63\x6f\x6e\x74\x61\x63\x74\x42\x6f\x6f\x6b\x49\x63\x6f\
\x6e\x54\x69\x74\x6c\x65\x22\x20\x73\x74\x72\x6f\x6b\x65\x3d\x22\
\x23\x30\x30\x30\x22\x20\x73\x74\x72\x6f\x6b\x65\x2d\x77\x69\x64\
\x74\x68\x3d\x22\x31\x2e\x35\x22\x20\x73\x74\x72\x6f\x6b\x65\x2d\
\x6c\x69\x6e\x65\x63\x61\x70\x3d\x22\x73\x71\x75\x61\x72\x65\x22\
\x20\x73\x74\x72\x6f\x6b\x65\x2d\x6c\x69\x6e\x65\x6a\x6f\x69\x6e\
\x3d\x22\x6d\x69\x74\x65\x72\x22\x20\x66\x69\x6c\x6c\x3d\x22\x6e\
\x6f\x6e\x65\x22\x20\x63\x6f\x6c\x6f\x72\x3d\x22\x23\x30\x30\x30\
\x22\x3e\x20\x3c\x74\x69\x74\x6c\x65\x20\x69\x64\x3d\x22\x63\x6f\
\x6e\x74\x61\x63\x74\x42\x6f\x6f\x6b\x49\x63\x6f\x6e\x54\x69\x74\
\x6c\x65\x22\x3e\x43\x6f\x6e\x74\x61\x63\x74\x20\x42\x6f\x6f\x6b\
\x3c\x2f\x74\x69\x74\x6c\x65\x3e\x20\x3c\x70\x61\x74\x68\x20\x64\
\x3d\x22\x4d\x38\x2c\x33\x20\x4c\x38\x2c\x32\x31\x22\x2f\x3e\x20\
\x3c\x70\x61\x74\x68\x20\x64\x3d\x22\x4d\x32\x30\x2c\x32\x2e\x39\
\x39\x39\x39\x39\x38\x39\x39\x20\x4c\x32\x30\x2c\x32\x31\x20\x4c\
\x36\x2c\x32\x31\x20\x43\x34\x2e\x38\x39\x35\x34\x33\x30\x35\x2c\
\x32\x31\x20\x34\x2c\x32\x30\x2e\x31\x30\x34\x35\x36\x39\x35\x20\
\x34\x2c\x31\x39\x20\x4c\x34\x2c\x34\x2e\x39\x39\x39\x39\x39\x38\
\x39\x39\x20\x43\x34\x2c\x33\x2e\x38\x39\x35\x34\x32\x39\x34\x39\
\x20\x34\x2e\x38\x39\x35\x34\x33\x30\x35\x2c\x32\x2e\x39\x39\x39\
\x39\x39\x38\x39\x39\x20\x36\x2c\x32\x2e\x39\x39\x39\x39\x39\x38\
\x39\x39\x20\x4c\x32\x30\x2c\x32\x2e\x39\x39\x39\x39\x39\x38\x39\
\x39\x20\x5a\x22\x2f\x3e\x20\x3c\x70\x61\x74\x68\x20\x64\x3d\x22\
\x4d\x38\x2c\x31\x37\x20\x43\x38\x2c\x31\x35\x20\x31\x31\x2e\x33\
\x33\x33\x33\x33\x33\x33\x2c\x31\x35\x2e\x33\x33\x33\x33\x33\x33\
\x33\x20\x31\x32\x2e\x36\x36\x36\x36\x36\x36\x37\x2c\x31\x34\x20\
\x43\x31\x33\x2e\x33\x33\x33\x33\x33\x33\x33\x2c\x31\x33\x2e\x33\
\x33\x33\x33\x33\x33\x33\x20\x31\x31\x2e\x33\x33\x33\x33\x33\x33\
\x33\x2c\x31\x33\x2e\x33\x33\x33\x33\x33\x33\x33\x20\x31\x31\x2e\
\x33\x33\x33\x33\x33\x33\x33\x2c\x31\x30\x20\x43\x31\x31\x2e\x33\
\x33\x33\x33\x33\x33\x33\x2c\x37\x2e\x37\x37\x38\x20\x31\x32\x2e\
\x32\x32\x32\x2c\x36\x2e\x36\x36\x36\x36\x36\x36\x36\x37\x20\x31\
\x34\x2c\x36\x2e\x36\x36\x36\x36\x36\x36\x36\x37\x20\x43\x31\x35\
\x2e\x37\x37\x38\x2c\x36\x2e\x36\x36\x36\x36\x36\x36\x36\x37\x20\
\x31\x36\x2e\x36\x36\x36\x36\x36\x36\x37\x2c\x37\x2e\x37\x37\x38\
\x20\x31\x36\x2e\x36\x36\x36\x36\x36\x36\x37\x2c\x31\x30\x20\x43\
\x31\x36\x2e\x36\x36\x36\x36\x36\x36\x37\x2c\x31\x33\x2e\x33\x33\
\x33\x33\x33\x33\x33\x20\x31\x34\x2e\x36\x36\x36\x36\x36\x36\x37\
\x2c\x31\x33\x2e\x33\x33\x33\x33\x33\x33\x33\x20\x31\x35\x2e\x33\
\x33\x33\x33\x33\x33\x33\x2c\x31\x34\x20\x43\x31\x36\x2e\x36\x36\
\x36\x36\x36\x36\x37\x2c\x31\x35\x2e\x33\x33\x33\x33\x33\x33\x33\
\x20\x32\x30\x2c\x31\x35\x20\x32\x30\x2c\x31\x37\x22\x2f\x3e\x20\
\x3c\x2f\x73\x76\x67\x3e\
\x00\x00\x01\x7c\
\x3c\
\x73\x76\x67\x20\x72\x6f\x6c\x65\x3d\x22\x69\x6d\x67\x22\x20\x78\
\x6d\x6c\x6e\x73\x3d\x22\x68\x74\x74\x70\x3a\x2f\x2f\x77\x77\x77\
\x2e\x77\x33\x2e\x6f\x72\x67\x2f\x32\x30\x30\x30\x2f\x73\x76\x67\
\x22\x20\x77\x69\x64\x74\x68\x3d\x22\x33\x32\x70\x78\x22\x20\x68\
\x65\x69\x67\x68\x74\x3d\x22\x33\x32\x70\x78\x22\x20\x76\x69\x65\
\x77\x42\x6f\x78\x3d\x22\x30\x20\x30\x20\x32\x34\x20\x32\x34\x22\
\x20\x61\x72\x69\x61\x2d\x6c\x61\x62\x65\x6c\x6c\x65\x64\x62\x79\
\x3d\x22\x74\x61\x67\x41\x6c\x74\x49\x63\x6f\x6e\x54\x69\x74\x6c\
\x65\x22\x20\x73\x74\x72\x6f\x6b\x65\x3d\x22\x23\x30\x30\x30\x22\
\x20\x73\x74\x72\x6f\x6b\x65\x2d\x77\x69\x64\x74\x68\x3d\x22\x31\
\x2e\x35\x22\x20\x73\x74\x72\x6f\x6b\x65\x2d\x6c\x69\x6e\x65\x63\
\x61\x70\x3d\x22\x73\x71\x75\x61\x72\x65\x22\x20\x73\x74\x72\x6f\
\x6b\x65\x2d\x6c\x69\x6e\x65\x6a\x6f\x69\x6e\x3d\x22\x6d\x69\x74\
\x65\x72\x22\x20\x66\x69\x6c\x6c\x3d\x22\x6e\x6f\x6e\x65\x22\x20\
\x63\x6f\x6c\x6f\x72\x3d\x22\x23\x30\x30\x30\x22\x3e\x20\x3c\x74\
\x69\x74\x6c\x65\x20\x69\x64\x3d\x22\x74\x61\x67\x41\x6c\x74\x49\
\x63\x6f\x6e\x54\x69\x74\x6c\x65\x22\x3e\x54\x61\x67\x3c\x2f\x74\
\x69\x74\x6c\x65\x3e\x20\x3c\x63\x69\x72\x63\x6c\x65\x20\x63\x78\
\x3d\x22\x31\x30\x22\x20\x63\x79\x3d\x22\x31\x32\x22\x20\x72\x3d\
\x22\x31\x22\x2f\x3e\x20\x3c\x70\x61\x74\x68\x20\x64\x3d\x22\x4d\
\x38\x20\x31\x38\x6c\x2d\x36\x2d\x36\x20\x36\x2d\x36\x68\x31\x32\
\x61\x32\x20\x32\x20\x30\x20\x30\x20\x31\x20\x32\x20\x32\x76\x38\
\x61\x32\x20\x32\x20\x30\x20\x30\x20\x31\x2d\x32\x20\x32\x48\x38\
\x7a\x22\x2f\x3e\x20\x3c\x2f\x73\x76\x67\x3e\
\x00\x00\x01\x77\
\x3c\
\x73\x76\x67\x20\x72\x6f\x6c\x65\x3d\x22\x69\x6d\x67\x22\x20\x78\
\x6d\x6c\x6e\x73\x3d\x22\x68\x74\x74\x70\x3a\x2f\x2f\x77\x77\x77\
\x2e\x77\x33\x2e\x6f\x72\x67\x2f\x32\x30\x30\x30\x2f\x73\x76\x67\
\x22\x20\x77\x69\x64\x74\x68\x3d\x22\x33\x32\x70\x78\x22\x20\x68\
\x65\x69\x67\x68\x74\x3d\x22\x33\x32\x70\x78\x22\x20\x76\x69\x65\
\x77\x42\x6f\x78\x3d\x22\x30\x20\x30\x20\x32\x34\x20\x32\x34\x22\
\x20\x61\x72\x69\x61\x2d\x6c\x61\x62\x65\x6c\x6c\x65\x64\x62\x79\
\x3d\x22\x6c\x61\x79\x6f\x75\x74\x4c\x65\x66\x74\x49\x63\x6f\x6e\
\x54\x69\x74\x6c\x65\x22\x20\x73\x74\x72\x6f\x6b\x65\x3d\x22\x23\
\x30\x30\x30\x22\x20\x73\x74\x72\x6f\x6b\x65\x2d\x77\x69\x64\x74\
\x68\x3d\x22\x31\x2e\x35\x22\x20\x73\x74\x72\x6f\x6b\x65\x2d\x6c\
\x69\x6e\x65\x63\x61\x70\x3d\x22\x73\x71\x75\x61\x72\x65\x22\x20\
\x73\x74\x72\x6f\x6b\x65\x2d\x6c\x69\x6e\x65\x6a\x6f\x69\x6e\x3d\
\x22\x6d\x69\x74\x65\x72\x22\x20\x66\x69\x6c\x6c\x3d\x22\x6e\x6f\
\x6e\x65\x22\x20\x63\x6f\x6c\x6f\x72\x3d\x22\x23\x30\x30\x30\x22\
\x3e\x20\x3c\x74\x69\x74\x6c\x65\x20\x69\x64\x3d\x22\x6c\x61\x79\
\x6f\x75\x74\x4c\x65\x66\x74\x49\x63\x6f\x6e\x54\x69\x74\x6c\x65\
\x22\x3e\x4c\x61\x79\x6f\x75\x74\x20\x4c\x65\x66\x74\x3c\x2f\x74\
\x69\x74\x6c\x65\x3e\x20\x3c\x72\x65\x63\x74\x20\x77\x69\x64\x74\
\x68\x3d\x22\x31\x38\x22\x20\x68\x65\x69\x67\x68\x74\x3d\x22\x31\
\x38\x22\x20\x78\x3d\x22\x33\x22\x20\x79\x3d\x22\x33\x22\x2f\x3e\
\x20\x3c\x70\x61\x74\x68\x20\x64\x3d\x22\x4d\x33\x20\x38\x4c\x32\
\x31\x20\x38\x4d\x39\x20\x38\x4c\x39\x20\x32\x31\x22\x2f\x3e\x20\
\x3c\x2f\x73\x76\x67\x3e\
\x00\x00\x01\xb9\
\x3c\
\x73\x76\x67\x20\x77\x69\x64\x74\x68\x3d\x22\x33\x32\x70\x78\x22\
\x20\x68\x65\x69\x67\x68\x74\x3d\x22\x33\x32\x70\x78\x22\x20\x76\
\x69\x65\x77\x42\x6f\x78\x3d\x22\x30\x20\x30\x20\x32\x34\x20\x32\
\x34\x22\x20\x66\x69\x6c\x6c\x3d\x22\x6e\x6f\x6e\x65\x22\x20\x78\
\x6d\x6c\x6e\x73\x3d\x22\x68\x74\x74\x70\x3a\x2f\x2f\x77\x77\x77\
\x2e\x77\x33\x2e\x6f\x72\x67\x2f\x32\x30\x30\x30\x2f\x73\x76\x67\
\x22\x20\x61\x72\x69\x61\x2d\x6c\x61\x62\x65\x6c\x6c\x65\x64\x62\
\x79\x3d\x22\x66\x69\x74\x49\x63\x6f\x6e\x54\x69\x74\x6c\x65\x22\
\x20\x73\x74\x72\x6f\x6b\x65\x3d\x22\x23\x30\x30\x30\x22\x20\x73\
\x74\x72\x6f\x6b\x65\x2d\x77\x69\x64\x74\x68\x3d\x22\x31\x2e\x35\
\x22\x20\x73\x74\x72\x6f\x6b\x65\x2d\x6c\x69\x6e\x65\x63\x61\x70\
\x3d\x22\x73\x71\x75\x61\x72\x65\x22\x20\x73\x74\x72\x6f\x6b\x65\
\x2d\x6c\x69\x6e\x65\x6a\x6f\x69\x6e\x3d\x22\x6d\x69\x74\x65\x72\
\x22\x20\x63\x6f\x6c\x6f\x72\x3d\x22\x23\x30\x30\x30\x22\x3e\x20\
\x3c\x74\x69\x74\x6c\x65\x20\x69\x64\x3d\x22\x66\x69\x74\x49\x63\
\x6f\x6e\x54\x69\x74\x6c\x65\x22\x3e\x46\x69\x74\x3c\x2f\x74\x69\
\x74\x6c\x65\x3e\x20\x3c\x6c\x69\x6e\x65\x20\x78\x31\x3d\x22\x36\
\x22\x20\x79\x31\x3d\x22\x37\x22\x20\x78\x32\x3d\x22\x36\x22\x20\
\x79\x32\x3d\x22\x31\x39\x22\x2f\x3e\x20\x3c\x6c\x69\x6e\x65\x20\
\x78\x31\x3d\x22\x31\x38\x22\x20\x79\x31\x3d\x22\x37\x22\x20\x78\
\x32\x3d\x22\x31\x38\x22\x20\x79\x32\x3d\x22\x31\x39\x22\x2f\x3e\
\x20\x3c\x6c\x69\x6e\x65\x20\x78\x31\x3d\x22\x32\x31\x22\x20\x79\
\x31\x3d\x22\x39\x22\x20\x78\x32\x3d\x22\x32\x31\x22\x20\x79\x32\
\x3d\x22\x31\x37\x22\x2f\x3e\x20\x3c\x6c\x69\x6e\x65\x20\x78\x31\
\x3d\x22\x33\x22\x20\x79\x31\x3d\x22\x39\x22\x20\x78\x32\x3d\x22\
\x33\x22\x20\x79\x32\x3d\x22\x31\x37\x22\x2f\x3e\x20\x3c\x70\x61\
\x74\x68\x20\x64\x3d\x22\x4d\x36\x20\x31\x33\x48\x31\x38\x22\x2f\
\x3e\x20\x3c\x2f\x73\x76\x67\x3e\
\x00\x00\x02\x11\
\x3c\
\x73\x76\x67\x20\x77\x69\x64\x74\x68\x3d\x22\x33\x32\x70\x78\x22\
\x20\x68\x65\x69\x67\x68\x74\x3d\x22\x33\x32\x70\x78\x22\x20\x76\
\x69\x65\x77\x42\x6f\x78\x3d\x22\x30\x20\x30\x20\x32\x34\x20\x32\
\x34\x22\x20\x78\x6d\x6c\x6e\x73\x3d\x22\x68\x74\x74\x70\x3a\x2f\
\x2f\x77\x77\x77\x2e\x77\x33\x2e\x6f\x72\x67\x2f\x32\x30\x30\x30\
\x2f\x73\x76\x67\x22\x20\x61\x72\x69\x61\x2d\x6c\x61\x62\x65\x6c\
\x6c\x65\x64\x62\x79\x3d\x22\x77\x68\x65\x65\x6c\x63\x68\x61\x69\
\x72\x49\x63\x6f\x6e\x54\x69\x74\x6c\x65\x22\x20\x73\x74\x72\x6f\
\x6b\x65\x3d\x22\x23\x30\x30\x30\x22\x20\x73\x74\x72\x6f\x6b\x65\
\x2d\x77\x69\x64\x74\x68\x3d\x22\x31\x2e\x35\x22\x20\x73\x74\x72\
\x6f\x6b\x65\x2d\x6c\x69\x6e\x65\x63\x61\x70\x3d\x22\x73\x71\x75\
\x61\x72\x65\x22\x20\x73\x74\x72\x6f\x6b\x65\x2d\x6c\x69\x6e\x65\
\x6a\x6f\x69\x6e\x3d\x22\x6d\x69\x74\x65\x72\x22\x20\x66\x69\x6c\
\x6c\x3d\x22\x6e\x6f\x6e\x65\x22\x20\x63\x6f\x6c\x6f\x72\x3d\x22\
\x23\x30\x30\x30\x22\x3e\x20\x3c\x74\x69\x74\x6c\x65\x20\x69\x64\
\x3d\x22\x77\x68\x65\x65\x6c\x43\x68\x61\x69\x72\x49\x63\x6f\x6e\
\x54\x69\x74\x6c\x65\x22\x3e\x41\x63\x63\x65\x73\x73\x69\x62\x69\
\x6c\x69\x74\x79\x20\x28\x77\x68\x65\x65\x6c\x63\x68\x61\x69\x72\
\x29\x3c\x2f\x74\x69\x74\x6c\x65\x3e\x20\x3c\x70\x61\x74\x68\x20\
\x64\x3d\x22\x4d\x31\x35\x20\x31\x37\x43\x31\x35\x20\x31\x39\x2e\
\x37\x36\x31\x34\x20\x31\x32\x2e\x37\x36\x31\x34\x20\x32\x32\x20\
\x31\x30\x20\x32\x32\x43\x37\x2e\x32\x33\x38\x35\x38\x20\x32\x32\
\x20\x35\x20\x31\x39\x2e\x37\x36\x31\x34\x20\x35\x20\x31\x37\x43\
\x35\x20\x31\x34\x2e\x39\x34\x39\x37\x20\x36\x2e\x32\x33\x34\x31\
\x20\x31\x33\x2e\x31\x38\x37\x36\x20\x38\x20\x31\x32\x2e\x34\x31\
\x36\x22\x2f\x3e\x20\x3c\x63\x69\x72\x63\x6c\x65\x20\x63\x78\x3d\
\x22\x31\x31\x22\x20\x63\x79\x3d\x22\x33\x22\x20\x72\x3d\x22\x31\
\x22\x2f\x3e\x20\x3c\x70\x61\x74\x68\x20\x64\x3d\x22\x4d\x31\x39\
\x20\x32\x31\x2e\x35\x4c\x31\x37\x2e\x33\x39\x35\x39\x20\x31\x35\
\x2e\x34\x38\x34\x37\x43\x31\x37\x2e\x31\x36\x32\x34\x20\x31\x34\
\x2e\x36\x30\x39\x32\x20\x31\x36\x2e\x33\x36\x39\x35\x20\x31\x34\
\x20\x31\x35\x2e\x34\x36\x33\x34\x20\x31\x34\x48\x31\x31\x56\x37\
\x4c\x31\x37\x20\x31\x30\x22\x2f\x3e\x20\x3c\x2f\x73\x76\x67\x3e\
\
\x00\x00\x01\xa3\
\x3c\
\x73\x76\x67\x20\x72\x6f\x6c\x65\x3d\x22\x69\x6d\x67\x22\x20\x78\
\x6d\x6c\x6e\x73\x3d\x22\x68\x74\x74\x70\x3a\x2f\x2f\x77\x77\x77\
\x2e\x77\x33\x2e\x6f\x72\x67\x2f\x32\x30\x30\x30\x2f\x73\x76\x67\
\x22\x20\x77\x69\x64\x74\x68\x3d\x22\x33\x32\x70\x78\x22\x20\x68\
\x65\x69\x67\x68\x74\x3d\x22\x33\x32\x70\x78\x22\x20\x76\x69\x65\
\x77\x42\x6f\x78\x3d\x22\x30\x20\x30\x20\x32\x34\x20\x32\x34\x22\
\x20\x61\x72\x69\x61\x2d\x6c\x61\x62\x65\x6c\x6c\x65\x64\x62\x79\
\x3d\x22\x64\x72\x6f\x70\x49\x63\x6f\x6e\x54\x69\x74\x6c\x65\x22\
\x20\x73\x74\x72\x6f\x6b\x65\x3d\x22\x23\x30\x30\x30\x22\x20\x73\
\x74\x72\x6f\x6b\x65\x2d\x77\x69\x64\x74\x68\x3d\x22\x31\x2e\x35\
\x22\x20\x73\x74\x72\x6f\x6b\x65\x2d\x6c\x69\x6e\x65\x63\x61\x70\
\x3d\x22\x73\x71\x75\x61\x72\x65\x22\x20\x73\x74\x72\x6f\x6b\x65\
\x2d\x6c\x69\x6e\x65\x6a\x6f\x69\x6e\x3d\x22\x6d\x69\x74\x65\x72\
\x22\x20\x66\x69\x6c\x6c\x3d\x22\x6e\x6f\x6e\x65\x22\x20\x63\x6f\
\x6c\x6f\x72\x3d\x22\x23\x30\x30\x30\x22\x3e\x20\x3c\x74\x69\x74\
\x6c\x65\x20\x69\x64\x3d\x22\x64\x72\x6f\x70\x49\x63\x6f\x6e\x54\
\x69\x74\x6c\x65\x22\x3e\x44\x72\x6f\x70\x3c\x2f\x74\x69\x74\x6c\
\x65\x3e\x20\x3c\x70\x61\x74\x68\x20\x64\x3d\x22\x4d\x31\x32\x2c\
\x32\x31\x20\x43\x31\x35\x2e\x33\x31\x33\x37\x30\x38\x35\x2c\x32\
\x31\x20\x31\x38\x2c\x31\x38\x2e\x33\x39\x30\x34\x31\x34\x37\x20\
\x31\x38\x2c\x31\x35\x20\x43\x31\x38\x2c\x31\x31\x2e\x36\x36\x36\
\x36\x36\x36\x37\x20\x31\x36\x2c\x38\x20\x31\x32\x2c\x34\x20\x43\
\x38\x2c\x38\x20\x36\x2c\x31\x31\x2e\x36\x36\x36\x36\x36\x36\x37\
\x20\x36\x2c\x31\x35\x20\x43\x36\x2c\x31\x38\x2e\x33\x39\x30\x34\
\x31\x34\x37\x20\x38\x2e\x36\x38\x36\x32\x39\x31\x35\x2c\x32\x31\
\x20\x31\x32\x2c\x32\x31\x20\x5a\x22\x2f\x3e\x20\x3c\x2f\x73\x76\
\x67\x3e\
\x00\x00\x02\x1e\
\x3c\
\x73\x76\x67\x20\x72\x6f\x6c\x65\x3d\x22\x69\x6d\x67\x22\x20\x78\
\x6d\x6c\x6e\x73\x3d\x22\x68\x74\x74\x70\x3a\x2f\x2f\x77\x77\x77\
\x2e\x77\x33\x2e\x6f\x72\x67\x2f\x32\x30\x30\x30\x2f\x73\x76\x67\
\x22\x20\x77\x69\x64\x74\x68\x3d\x22\x33\x32\x70\x78\x22\x20\x68\
\x65\x69\x67\x68\x74\x3d\x22\x33\x32\x70\x78\x22\x20\x76\x69\x65\
\x77\x42\x6f\x78\x3d\x22\x30\x20\x30\x20\x32\x34\x20\x32\x34\x22\
\x20\x61\x72\x69\x61\x2d\x6c\x61\x62\x65\x6c\x6c\x65\x64\x62\x79\
\x3d\x22\x63\x72\x6f\x73\x73\x69\x6e\x67\x49\x63\x6f\x6e\x54\x69\
\x74\x6c\x65\x22\x20\x73\x74\x72\x6f\x6b\x65\x3d\x22\x23\x30\x30\
\x30\x22\x20\x73\x74\x72\x6f\x6b\x65\x2d\x77\x69\x64\x74\x68\x3d\
\x22\x31\x2e\x35\x22\x20\x73\x74\x72\x6f\x6b\x65\x2d\x6c\x69\x6e\
\x65\x63\x61\x70\x3d\x22\x73\x71\x75\x61\x72\x65\x22\x20\x73\x74\
\x72\x6f\x6b\x65\x2d\x6c\x69\x6e\x65\x6a\x6f\x69\x6e\x3d\x22\x6d\
\x69\x74\x65\x72\x22\x20\x66\x69\x6c\x6c\x3d\x22\x6e\x6f\x6e\x65\
\x22\x20\x63\x6f\x6c\x6f\x72\x3d\x22\x23\x30\x30\x30\x22\x3e\x20\
\x3c\x74\x69\x74\x6c\x65\x20\x69\x64\x3d\x22\x63\x72\x6f\x73\x73\
\x69\x6e\x67\x49\x63\x6f\x6e\x54\x69\x74\x6c\x65\x22\x3e\x43\x72\
\x6f\x73\x73\x69\x6e\x67\x3c\x2f\x74\x69\x74\x6c\x65\x3e\x20\x3c\
\x70\x61\x74\x68\x20\x64\x3d\x22\x4d\x35\x2e\x37\x31\x34\x39\x20\
\x32\x30\x2e\x33\x38\x37\x35\x4c\x31\x34\x2e\x34\x35\x32\x32\x20\
\x39\x2e\x34\x39\x36\x38\x39\x43\x31\x35\x2e\x32\x31\x31\x34\x20\
\x38\x2e\x35\x35\x30\x36\x20\x31\x36\x2e\x33\x35\x39\x20\x38\x20\
\x31\x37\x2e\x35\x37\x32\x32\x20\x38\x4c\x32\x31\x20\x38\x56\x38\
\x22\x2f\x3e\x20\x3c\x70\x61\x74\x68\x20\x64\x3d\x22\x4d\x31\x38\
\x20\x34\x4c\x32\x32\x20\x38\x4c\x31\x38\x20\x31\x32\x22\x2f\x3e\
\x20\x3c\x70\x61\x74\x68\x20\x64\x3d\x22\x4d\x33\x2e\x30\x30\x30\
\x30\x33\x20\x38\x2e\x30\x30\x30\x30\x31\x4c\x36\x2e\x34\x32\x37\
\x37\x38\x20\x38\x2e\x30\x30\x30\x30\x31\x43\x37\x2e\x36\x34\x30\
\x39\x37\x20\x38\x2e\x30\x30\x30\x30\x31\x20\x38\x2e\x37\x38\x38\
\x35\x39\x20\x38\x2e\x35\x35\x30\x36\x31\x20\x39\x2e\x35\x34\x37\
\x37\x38\x20\x39\x2e\x34\x39\x36\x39\x4c\x31\x38\x2e\x32\x38\x35\
\x31\x20\x32\x30\x2e\x33\x38\x37\x35\x22\x2f\x3e\x20\x3c\x70\x61\
\x74\x68\x20\x64\x3d\x22\x4d\x36\x20\x31\x32\x4c\x32\x20\x38\x4c\
\x36\x20\x34\x22\x2f\x3e\x20\x3c\x2f\x73\x76\x67\x3e\
\x00\x00\x02\x4e\
\x3c\
\x73\x76\x67\x20\x77\x69\x64\x74\x68\x3d\x22\x33\x32\x70\x78\x22\
\x20\x68\x65\x69\x67\x68\x74\x3d\x22\x33\x32\x70\x78\x22\x20\x76\
\x69\x65\x77\x42\x6f\x78\x3d\x22\x30\x20\x30\x20\x32\x34\x20\x32\
\x34\x22\x20\x78\x6d\x6c\x6e\x73\x3d\x22\x68\x74\x74\x70\x3a\x2f\
\x2f\x77\x77\x77\x2e\x77\x33\x2e\x6f\x72\x67\x2f\x32\x30\x30\x30\
\x2f\x73\x76\x67\x22\x20\x61\x72\x69\x61\x2d\x6c\x61\x62\x65\x6c\
\x6c\x65\x64\x62\x79\x3d\x22\x73\x77\x69\x74\x63\x68\x4f\x66\x66\
\x49\x63\x6f\x6e\x54\x69\x74\x6c\x65\x22\x20\x73\x74\x72\x6f\x6b\
\x65\x3d\x22\x23\x30\x30\x30\x22\x20\x73\x74\x72\x6f\x6b\x65\x2d\
\x77\x69\x64\x74\x68\x3d\x22\x31\x2e\x35\x22\x20\x73\x74\x72\x6f\
\x6b\x65\x2d\x6c\x69\x6e\x65\x63\x61\x70\x3d\x22\x73\x71\x75\x61\
\x72\x65\x22\x20\x73\x74\x72\x6f\x6b\x65\x2d\x6c\x69\x6e\x65\x6a\
\x6f\x69\x6e\x3d\x22\x6d\x69\x74\x65\x72\x22\x20\x66\x69\x6c\x6c\
\x3d\x22\x6e\x6f\x6e\x65\x22\x20\x63\x6f\x6c\x6f\x72\x3d\x22\x23\
\x30\x30\x30\x22\x3e\x20\x3c\x74\x69\x74\x6c\x65\x20\x69\x64\x3d\
\x22\x73\x77\x69\x74\x63\x68\x4f\x66\x66\x49\x63\x6f\x6e\x54\x69\
\x74\x6c\x65\x22\x3e\x53\x77\x69\x74\x63\x68\x20\x6f\x66\x66\x3c\
\x2f\x74\x69\x74\x6c\x65\x3e\x20\x3c\x70\x61\x74\x68\x20\x66\x69\
\x6c\x6c\x2d\x72\x75\x6c\x65\x3d\x22\x65\x76\x65\x6e\x6f\x64\x64\
\x22\x20\x63\x6c\x69\x70\x2d\x72\x75\x6c\x65\x3d\x22\x65\x76\x65\
\x6e\x6f\x64\x64\x22\x20\x64\x3d\x22\x4d\x37\x20\x31\x34\x43\x35\
\x2e\x38\x39\x35\x34\x33\x20\x31\x34\x20\x35\x20\x31\x33\x2e\x31\
\x30\x34\x36\x20\x35\x20\x31\x32\x43\x35\x20\x31\x30\x2e\x38\x39\
\x35\x34\x20\x35\x2e\x38\x39\x35\x34\x33\x20\x31\x30\x20\x37\x20\
\x31\x30\x43\x38\x2e\x31\x30\x34\x35\x37\x20\x31\x30\x20\x39\x20\
\x31\x30\x2e\x38\x39\x35\x34\x20\x39\x20\x31\x32\x43\x39\x20\x31\
\x33\x2e\x31\x30\x34\x36\x20\x38\x2e\x31\x30\x34\x35\x37\x20\x31\
\x34\x20\x37\x20\x31\x34\x5a\x22\x2f\x3e\x20\x3c\x70\x61\x74\x68\
\x20\x64\x3d\x22\x4d\x37\x20\x31\x37\x43\x34\x2e\x32\x33\x38\x35\
\x38\x20\x31\x37\x20\x32\x20\x31\x34\x2e\x37\x36\x31\x34\x20\x32\
\x20\x31\x32\x56\x31\x32\x43\x32\x20\x39\x2e\x32\x33\x38\x35\x38\
\x20\x34\x2e\x32\x33\x38\x35\x38\x20\x37\x20\x37\x20\x37\x4c\x31\
\x36\x20\x37\x43\x31\x38\x2e\x37\x36\x31\x34\x20\x37\x20\x32\x31\
\x20\x39\x2e\x32\x33\x38\x35\x38\x20\x32\x31\x20\x31\x32\x56\x31\
\x32\x43\x32\x31\x20\x31\x34\x2e\x37\x36\x31\x34\x20\x31\x38\x2e\
\x37\x36\x31\x34\x20\x31\x37\x20\x31\x36\x20\x31\x37\x4c\x37\x20\
\x31\x37\x5a\x22\x2f\x3e\x20\x3c\x2f\x73\x76\x67\x3e\
\x00\x00\x01\x86\
\x3c\
\x73\x76\x67\x20\x72\x6f\x6c\x65\x3d\x22\x69\x6d\x67\x22\x20\x78\
\x6d\x6c\x6e\x73\x3d\x22\x68\x74\x74\x70\x3a\x2f\x2f\x77\x77\x77\
\x2e\x77\x33\x2e\x6f\x72\x67\x2f\x32\x30\x30\x30\x2f\x73\x76\x67\
\x22\x20\x77\x69\x64\x74\x68\x3d\x22\x33\x32\x70\x78\x22\x20\x68\
\x65\x69\x67\x68\x74\x3d\x22\x33\x32\x70\x78\x22\x20\x76\x69\x65\
\x77\x42\x6f\x78\x3d\x22\x30\x20\x30\x20\x32\x34\x20\x32\x34\x22\
\x20\x61\x72\x69\x61\x2d\x6c\x61\x62\x65\x6c\x6c\x65\x64\x62\x79\
\x3d\x22\x64\x69\x72\x65\x63\x74\x69\x6f\x6e\x52\x69\x67\x68\x74\
\x49\x63\x6f\x6e\x54\x69\x74\x6c\x65\x22\x20\x73\x74\x72\x6f\x6b\
\x65\x3d\x22\x23\x30\x30\x30\x22\x20\x73\x74\x72\x6f\x6b\x65\x2d\
\x77\x69\x64\x74\x68\x3d\x22\x31\x2e\x35\x22\x20\x73\x74\x72\x6f\
\x6b\x65\x2d\x6c\x69\x6e\x65\x63\x61\x70\x3d\x22\x73\x71\x75\x61\
\x72\x65\x22\x20\x73\x74\x72\x6f\x6b\x65\x2d\x6c\x69\x6e\x65\x6a\
\x6f\x69\x6e\x3d\x22\x6d\x69\x74\x65\x72\x22\x20\x66\x69\x6c\x6c\
\x3d\x22\x6e\x6f\x6e\x65\x22\x20\x63\x6f\x6c\x6f\x72\x3d\x22\x23\
\x30\x30\x30\x22\x3e\x20\x3c\x74\x69\x74\x6c\x65\x20\x69\x64\x3d\
\x22\x64\x69\x72\x65\x63\x74\x69\x6f\x6e\x52\x69\x67\x68\x74\x49\
\x63\x6f\x6e\x54\x69\x74\x6c\x65\x22\x2f\x3e\x20\x3c\x70\x61\x74\
\x68\x20\x64\x3d\x22\x4d\x31\x38\x20\x37\x48\x31\x30\x2e\x38\x33\
\x33\x33\x43\x31\x30\x2e\x38\x33\x33\x33\x20\x37\x20\x35\x20\x37\
\x20\x35\x20\x31\x32\x2e\x38\x33\x33\x33\x43\x35\x20\x31\x38\x2e\
\x36\x36\x36\x37\x20\x35\x20\x32\x31\x20\x35\x20\x32\x31\x22\x2f\
\x3e\x20\x3c\x70\x61\x74\x68\x20\x64\x3d\x22\x4d\x31\x35\x20\x31\
\x31\x4c\x31\x39\x20\x37\x4c\x31\x35\x20\x33\x22\x2f\x3e\x20\x3c\
\x2f\x73\x76\x67\x3e\
\x00\x00\x02\x30\
\x3c\
\x73\x76\x67\x20\x77\x69\x64\x74\x68\x3d\x22\x33\x32\x70\x78\x22\
\x20\x68\x65\x69\x67\x68\x74\x3d\x22\x33\x32\x70\x78\x22\x20\x76\
\x69\x65\x77\x42\x6f\x78\x3d\x22\x30\x20\x30\x20\x32\x34\x20\x32\
\x34\x22\x20\x78\x6d\x6c\x6e\x73\x3d\x22\x68\x74\x74\x70\x3a\x2f\
\x2f\x77\x77\x77\x2e\x77\x33\x2e\x6f\x72\x67\x2f\x32\x30\x30\x30\
\x2f\x73\x76\x67\x22\x20\x61\x72\x69\x61\x2d\x6c\x61\x62\x65\x6c\
\x6c\x65\x64\x62\x79\x3d\x22\x61\x70\x70\x73\x49\x63\x6f\x6e\x54\
\x69\x74\x6c\x65\x22\x20\x73\x74\x72\x6f\x6b\x65\x3d\x22\x23\x30\
\x30\x30\x22\x20\x73\x74\x72\x6f\x6b\x65\x2d\x77\x69\x64\x74\x68\
\x3d\x22\x31\x2e\x35\x22\x20\x73\x74\x72\x6f\x6b\x65\x2d\x6c\x69\
\x6e\x65\x63\x61\x70\x3d\x22\x73\x71\x75\x61\x72\x65\x22\x20\x73\
\x74\x72\x6f\x6b\x65\x2d\x6c\x69\x6e\x65\x6a\x6f\x69\x6e\x3d\x22\
\x6d\x69\x74\x65\x72\x22\x20\x66\x69\x6c\x6c\x3d\x22\x6e\x6f\x6e\
\x65\x22\x20\x63\x6f\x6c\x6f\x72\x3d\x22\x23\x30\x30\x30\x22\x3e\
\x20\x3c\x74\x69\x74\x6c\x65\x20\x69\x64\x3d\x22\x61\x70\x70\x73\
\x49\x63\x6f\x6e\x54\x69\x74\x6c\x65\x22\x3e\x41\x70\x70\x73\x20\
\x64\x72\x61\x77\x65\x72\x3c\x2f\x74\x69\x74\x6c\x65\x3e\x20\x3c\
\x63\x69\x72\x63\x6c\x65\x20\x63\x78\x3d\x22\x36\x22\x20\x63\x79\
\x3d\x22\x36\x22\x20\x72\x3d\x22\x31\x22\x2f\x3e\x20\x3c\x63\x69\
\x72\x63\x6c\x65\x20\x63\x78\x3d\x22\x31\x32\x22\x20\x63\x79\x3d\
\x22\x36\x22\x20\x72\x3d\x22\x31\x22\x2f\x3e\x20\x3c\x63\x69\x72\
\x63\x6c\x65\x20\x63\x78\x3d\x22\x31\x38\x22\x20\x63\x79\x3d\x22\
\x36\x22\x20\x72\x3d\x22\x31\x22\x2f\x3e\x20\x3c\x63\x69\x72\x63\
\x6c\x65\x20\x63\x78\x3d\x22\x36\x22\x20\x63\x79\x3d\x22\x31\x32\
\x22\x20\x72\x3d\x22\x31\x22\x2f\x3e\x20\x3c\x63\x69\x72\x63\x6c\
\x65\x20\x63\x78\x3d\x22\x31\x32\x22\x20\x63\x79\x3d\x22\x31\x32\
\x22\x20\x72\x3d\x22\x31\x22\x2f\x3e\x20\x3c\x63\x69\x72\x63\x6c\
\x65\x20\x63\x78\x3d\x22\x31\x38\x22\x20\x63\x79\x3d\x22\x31\x32\
\x22\x20\x72\x3d\x22\x31\x22\x2f\x3e\x20\x3c\x63\x69\x72\x63\x6c\
\x65\x20\x63\x78\x3d\x22\x36\x22\x20\x63\x79\x3d\x22\x31\x38\x22\
\x20\x72\x3d\x22\x31\x22\x2f\x3e\x20\x3c\x63\x69\x72\x63\x6c\x65\
\x20\x63\x78\x3d\x22\x31\x32\x22\x20\x63\x79\x3d\x22\x31\x38\x22\
\x20\x72\x3d\x22\x31\x22\x2f\x3e\x20\x3c\x63\x69\x72\x63\x6c\x65\
\x20\x63\x78\x3d\x22\x31\x38\x22\x20\x63\x79\x3d\x22\x31\x38\x22\
\x20\x72\x3d\x22\x31\x22\x2f\x3e\x20\x3c\x2f\x73\x76\x67\x3e\
\x00\x00\x01\x79\
\x3c\
\x73\x76\x67\x20\x72\x6f\x6c\x65\x3d\x22\x69\x6d\x67\x22\x20\x78\
\x6d\x6c\x6e\x73\x3d\x22\x68\x74\x74\x70\x3a\x2f\x2f\x77\x77\x77\
\x2e\x77\x33\x2e\x6f\x72\x67\x2f\x32\x30\x30\x30\x2f\x73\x76\x67\
\x22\x20\x77\x69\x64\x74\x68\x3d\x22\x33\x32\x70\x78\x22\x20\x68\
\x65\x69\x67\x68\x74\x3d\x22\x33\x32\x70\x78\x22\x20\x76\x69\x65\
\x77\x42\x6f\x78\x3d\x22\x30\x20\x30\x20\x32\x34\x20\x32\x34\x22\
\x20\x61\x72\x69\x61\x2d\x6c\x61\x62\x65\x6c\x6c\x65\x64\x62\x79\
\x3d\x22\x62\x61\x73\x6b\x65\x74\x49\x63\x6f\x6e\x54\x69\x74\x6c\
\x65\x22\x20\x73\x74\x72\x6f\x6b\x65\x3d\x22\x23\x30\x30\x30\x22\
\x20\x73\x74\x72\x6f\x6b\x65\x2d\x77\x69\x64\x74\x68\x3d\x22\x31\
\x2e\x35\x22\x20\x73\x74\x72\x6f\x6b\x65\x2d\x6c\x69\x6e\x65\x63\
\x61\x70\x3d\x22\x73\x71\x75\x61\x72\x65\x22\x20\x73\x74\x72\x6f\
\x6b\x65\x2d\x6c\x69\x6e\x65\x6a\x6f\x69\x6e\x3d\x22\x6d\x69\x74\
\x65\x72\x22\x20\x66\x69\x6c\x6c\x3d\x22\x6e\x6f\x6e\x65\x22\x20\
\x63\x6f\x6c\x6f\x72\x3d\x22\x23\x30\x30\x30\x22\x3e\x20\x3c\x74\
\x69\x74\x6c\x65\x20\x69\x64\x3d\x22\x62\x61\x73\x6b\x65\x74\x49\
\x63\x6f\x6e\x54\x69\x74\x6c\x65\x22\x3e\x42\x61\x73\x6b\x65\x74\
\x3c\x2f\x74\x69\x74\x6c\x65\x3e\x20\x3c\x70\x61\x74\x68\x20\x64\
\x3d\x22\x4d\x31\x34\x20\x34\x6c\x36\x20\x36\x2d\x31\x2e\x33\x37\
\x32\x20\x39\x48\x35\x2e\x33\x37\x32\x4c\x34\x20\x31\x30\x6c\x36\
\x2d\x36\x22\x2f\x3e\x20\x3c\x70\x61\x74\x68\x20\x73\x74\x72\x6f\
\x6b\x65\x2d\x6c\x69\x6e\x65\x63\x61\x70\x3d\x22\x72\x6f\x75\x6e\
\x64\x22\x20\x64\x3d\x22\x4d\x34\x20\x31\x30\x68\x31\x36\x22\x2f\
\x3e\x20\x3c\x2f\x73\x76\x67\x3e\
\x00\x00\x02\x1f\
\x3c\
\x73\x76\x67\x20\x77\x69\x64\x74\x68\x3d\x22\x33\x32\x70\x78\x22\
\x20\x68\x65\x69\x67\x68\x74\x3d\x22\x33\x32\x70\x78\x22\x20\x76\
\x69\x65\x77\x42\x6f\x78\x3d\x22\x30\x20\x30\x20\x32\x34\x20\x32\
\x34\x22\x20\x66\x69\x6c\x6c\x3d\x22\x6e\x6f\x6e\x65\x22\x20\x78\
\x6d\x6c\x6e\x73\x3d\x22\x68\x74\x74\x70\x3a\x2f\x2f\x77\x77\x77\
\x2e\x77\x33\x2e\x6f\x72\x67\x2f\x32\x30\x30\x30\x2f\x73\x76\x67\
\x22\x20\x61\x72\x69\x61\x2d\x6c\x61\x62\x65\x6c\x6c\x65\x64\x62\
\x79\x3d\x22\x63\x6f\x66\x66\x65\x65\x49\x63\x6f\x6e\x54\x69\x74\
\x6c\x65\x22\x20\x73\x74\x72\x6f\x6b\x65\x3d\x22\x23\x30\x30\x30\
\x22\x20\x73\x74\x72\x6f\x6b\x65\x2d\x77\x69\x64\x74\x68\x3d\x22\
\x31\x2e\x35\x22\x20\x73\x74\x72\x6f\x6b\x65\x2d\x6c\x69\x6e\x65\
\x63\x61\x70\x3d\x22\x73\x71\x75\x61\x72\x65\x22\x20\x73\x74\x72\
\x6f\x6b\x65\x2d\x6c\x69\x6e\x65\x6a\x6f\x69\x6e\x3d\x22\x6d\x69\
\x74\x65\x72\x22\x20\x63\x6f\x6c\x6f\x72\x3d\x22\x23\x30\x30\x30\
\x22\x3e\x20\x3c\x74\x69\x74\x6c\x65\x20\x69\x64\x3d\x22\x63\x6f\
\x66\x66\x65\x65\x49\x63\x6f\x6e\x54\x69\x74\x6c\x65\x22\x3e\x43\
\x6f\x66\x66\x65\x65\x3c\x2f\x74\x69\x74\x6c\x65\x3e\x20\x3c\x70\
\x61\x74\x68\x20\x64\x3d\x22\x4d\x35\x20\x31\x32\x48\x31\x37\x56\
\x31\x37\x43\x31\x37\x20\x31\x39\x2e\x37\x36\x31\x34\x20\x31\x34\
\x2e\x37\x36\x31\x34\x20\x32\x32\x20\x31\x32\x20\x32\x32\x48\x31\
\x30\x43\x37\x2e\x32\x33\x38\x35\x38\x20\x32\x32\x20\x35\x20\x31\
\x39\x2e\x37\x36\x31\x34\x20\x35\x20\x31\x37\x56\x31\x32\x5a\x22\
\x2f\x3e\x20\x3c\x70\x61\x74\x68\x20\x64\x3d\x22\x4d\x31\x37\x20\
\x31\x33\x48\x31\x39\x43\x32\x30\x2e\x31\x30\x34\x36\x20\x31\x33\
\x20\x32\x31\x20\x31\x33\x2e\x38\x39\x35\x34\x20\x32\x31\x20\x31\
\x35\x56\x31\x35\x43\x32\x31\x20\x31\x36\x2e\x31\x30\x34\x36\x20\
\x32\x30\x2e\x31\x30\x34\x36\x20\x31\x37\x20\x31\x39\x20\x31\x37\
\x48\x31\x37\x22\x2f\x3e\x20\x3c\x70\x61\x74\x68\x20\x64\x3d\x22\
\x4d\x39\x20\x39\x43\x39\x20\x39\x20\x38\x20\x38\x2e\x35\x20\x38\
\x20\x37\x43\x38\x20\x35\x2e\x35\x20\x39\x20\x35\x20\x39\x20\x35\
\x22\x2f\x3e\x20\x3c\x70\x61\x74\x68\x20\x64\x3d\x22\x4d\x31\x32\
\x20\x33\x43\x31\x32\x20\x33\x20\x31\x33\x20\x33\x2e\x35\x20\x31\
\x33\x20\x35\x43\x31\x33\x20\x36\x2e\x35\x20\x31\x32\x20\x37\x20\
\x31\x32\x20\x37\x22\x2f\x3e\x20\x3c\x2f\x73\x76\x67\x3e\
\x00\x00\x01\x98\
\x3c\
\x73\x76\x67\x20\x72\x6f\x6c\x65\x3d\x22\x69\x6d\x67\x22\x20\x78\
\x6d\x6c\x6e\x73\x3d\x22\x68\x74\x74\x70\x3a\x2f\x2f\x77\x77\x77\
\x2e\x77\x33\x2e\x6f\x72\x67\x2f\x32\x30\x30\x30\x2f\x73\x76\x67\
\x22\x20\x77\x69\x64\x74\x68\x3d\x22\x33\x32\x70\x78\x22\x20\x68\
\x65\x69\x67\x68\x74\x3d\x22\x33\x32\x70\x78\x22\x20\x76\x69\x65\
\x77\x42\x6f\x78\x3d\x22\x30\x20\x30\x20\x32\x34\x20\x32\x34\x22\
\x20\x61\x72\x69\x61\x2d\x6c\x61\x62\x65\x6c\x6c\x65\x64\x62\x79\
\x3d\x22\x76\x6f\x69\x63\x65\x6d\x61\x69\x6c\x49\x63\x6f\x6e\x54\
\x69\x74\x6c\x65\x22\x20\x73\x74\x72\x6f\x6b\x65\x3d\x22\x23\x30\
\x30\x30\x22\x20\x73\x74\x72\x6f\x6b\x65\x2d\x77\x69\x64\x74\x68\
\x3d\x22\x31\x2e\x35\x22\x20\x73\x74\x72\x6f\x6b\x65\x2d\x6c\x69\
\x6e\x65\x63\x61\x70\x3d\x22\x73\x71\x75\x61\x72\x65\x22\x20\x73\
\x74\x72\x6f\x6b\x65\x2d\x6c\x69\x6e\x65\x6a\x6f\x69\x6e\x3d\x22\
\x6d\x69\x74\x65\x72\x22\x20\x66\x69\x6c\x6c\x3d\x22\x6e\x6f\x6e\
\x65\x22\x20\x63\x6f\x6c\x6f\x72\x3d\x22\x23\x30\x30\x30\x22\x3e\
\x20\x3c\x74\x69\x74\x6c\x65\x20\x69\x64\x3d\x22\x76\x6f\x69\x63\
\x65\x6d\x61\x69\x6c\x49\x63\x6f\x6e\x54\x69\x74\x6c\x65\x22\x3e\
\x56\x6f\x69\x63\x65\x6d\x61\x69\x6c\x3c\x2f\x74\x69\x74\x6c\x65\
\x3e\x20\x3c\x70\x61\x74\x68\x20\x73\x74\x72\x6f\x6b\x65\x2d\x6c\
\x69\x6e\x65\x63\x61\x70\x3d\x22\x72\x6f\x75\x6e\x64\x22\x20\x64\
\x3d\x22\x4d\x31\x38\x2c\x31\x36\x20\x4c\x36\x2c\x31\x36\x22\x2f\
\x3e\x20\x3c\x63\x69\x72\x63\x6c\x65\x20\x63\x78\x3d\x22\x36\x22\
\x20\x63\x79\x3d\x22\x31\x32\x22\x20\x72\x3d\x22\x34\x22\x2f\x3e\
\x20\x3c\x63\x69\x72\x63\x6c\x65\x20\x63\x78\x3d\x22\x31\x38\x22\
\x20\x63\x79\x3d\x22\x31\x32\x22\x20\x72\x3d\x22\x34\x22\x2f\x3e\
\x20\x3c\x2f\x73\x76\x67\x3e\
\x00\x00\x01\x4a\
\x3c\
\x73\x76\x67\x20\x72\x6f\x6c\x65\x3d\x22\x69\x6d\x67\x22\x20\x78\
\x6d\x6c\x6e\x73\x3d\x22\x68\x74\x74\x70\x3a\x2f\x2f\x77\x77\x77\
\x2e\x77\x33\x2e\x6f\x72\x67\x2f\x32\x30\x30\x30\x2f\x73\x76\x67\
\x22\x20\x77\x69\x64\x74\x68\x3d\x22\x33\x32\x70\x78\x22\x20\x68\
\x65\x69\x67\x68\x74\x3d\x22\x33\x32\x70\x78\x22\x20\x76\x69\x65\
\x77\x42\x6f\x78\x3d\x22\x30\x20\x30\x20\x32\x34\x20\x32\x34\x22\
\x20\x61\x72\x69\x61\x2d\x6c\x61\x62\x65\x6c\x6c\x65\x64\x62\x79\
\x3d\x22\x73\x74\x61\x63\x6b\x49\x63\x6f\x6e\x54\x69\x74\x6c\x65\
\x22\x20\x73\x74\x72\x6f\x6b\x65\x3d\x22\x23\x30\x30\x30\x22\x20\
\x73\x74\x72\x6f\x6b\x65\x2d\x77\x69\x64\x74\x68\x3d\x22\x31\x2e\
\x35\x22\x20\x73\x74\x72\x6f\x6b\x65\x2d\x6c\x69\x6e\x65\x63\x61\
\x70\x3d\x22\x73\x71\x75\x61\x72\x65\x22\x20\x73\x74\x72\x6f\x6b\
\x65\x2d\x6c\x69\x6e\x65\x6a\x6f\x69\x6e\x3d\x22\x6d\x69\x74\x65\
\x72\x22\x20\x66\x69\x6c\x6c\x3d\x22\x6e\x6f\x6e\x65\x22\x20\x63\
\x6f\x6c\x6f\x72\x3d\x22\x23\x30\x30\x30\x22\x3e\x20\x3c\x74\x69\
\x74\x6c\x65\x20\x69\x64\x3d\x22\x73\x74\x61\x63\x6b\x49\x63\x6f\
\x6e\x54\x69\x74\x6c\x65\x22\x3e\x53\x74\x61\x63\x6b\x3c\x2f\x74\
\x69\x74\x6c\x65\x3e\x20\x3c\x70\x61\x74\x68\x20\x64\x3d\x22\x4d\
\x31\x30\x20\x37\x4c\x31\x34\x20\x37\x4d\x36\x20\x31\x32\x4c\x31\
\x38\x20\x31\x32\x4d\x33\x20\x31\x37\x4c\x32\x31\x20\x31\x37\x22\
\x2f\x3e\x20\x3c\x2f\x73\x76\x67\x3e\
\x00\x00\x02\x74\
\x3c\
\x73\x76\x67\x20\x72\x6f\x6c\x65\x3d\x22\x69\x6d\x67\x22\x20\x78\
\x6d\x6c\x6e\x73\x3d\x22\x68\x74\x74\x70\x3a\x2f\x2f\x77\x77\x77\
\x2e\x77\x33\x2e\x6f\x72\x67\x2f\x32\x30\x30\x30\x2f\x73\x76\x67\
\x22\x20\x77\x69\x64\x74\x68\x3d\x22\x33\x32\x70\x78\x22\x20\x68\
\x65\x69\x67\x68\x74\x3d\x22\x33\x32\x70\x78\x22\x20\x76\x69\x65\
\x77\x42\x6f\x78\x3d\x22\x30\x20\x30\x20\x32\x34\x20\x32\x34\x22\
\x20\x61\x72\x69\x61\x2d\x6c\x61\x62\x65\x6c\x6c\x65\x64\x62\x79\
\x3d\x22\x6e\x65\x77\x49\x63\x6f\x6e\x54\x69\x74\x6c\x65\x22\x20\
\x73\x74\x72\x6f\x6b\x65\x3d\x22\x23\x30\x30\x30\x22\x20\x73\x74\
\x72\x6f\x6b\x65\x2d\x77\x69\x64\x74\x68\x3d\x22\x31\x2e\x35\x22\
\x20\x73\x74\x72\x6f\x6b\x65\x2d\x6c\x69\x6e\x65\x63\x61\x70\x3d\
\x22\x73\x71\x75\x61\x72\x65\x22\x20\x73\x74\x72\x6f\x6b\x65\x2d\
\x6c\x69\x6e\x65\x6a\x6f\x69\x6e\x3d\x22\x6d\x69\x74\x65\x72\x22\
\x20\x66\x69\x6c\x6c\x3d\x22\x6e\x6f\x6e\x65\x22\x20\x63\x6f\x6c\
\x6f\x72\x3d\x22\x23\x30\x30\x30\x22\x3e\x20\x3c\x74\x69\x74\x6c\
\x65\x20\x69\x64\x3d\x22\x6e\x65\x77\x49\x63\x6f\x6e\x54\x69\x74\
\x6c\x65\x22\x3e\x4e\x65\x77\x3c\x2f\x74\x69\x74\x6c\x65\x3e\x20\
\x3c\x70\x61\x74\x68\x20\x64\x3d\x22\x4d\x31\x39\x20\x31\x34\x56\
\x32\x32\x48\x32\x2e\x39\x39\x39\x39\x37\x56\x34\x48\x31\x33\x22\
\x2f\x3e\x20\x3c\x70\x61\x74\x68\x20\x64\x3d\x22\x4d\x31\x37\x2e\
\x34\x36\x30\x38\x20\x34\x2e\x30\x33\x39\x32\x31\x43\x31\x38\x2e\
\x32\x34\x31\x38\x20\x33\x2e\x32\x35\x38\x31\x37\x20\x31\x39\x2e\
\x35\x30\x38\x32\x20\x33\x2e\x32\x35\x38\x31\x36\x20\x32\x30\x2e\
\x32\x38\x39\x32\x20\x34\x2e\x30\x33\x39\x32\x31\x4c\x32\x30\x2e\
\x39\x36\x30\x38\x20\x34\x2e\x37\x31\x30\x37\x39\x43\x32\x31\x2e\
\x37\x34\x31\x38\x20\x35\x2e\x34\x39\x31\x38\x34\x20\x32\x31\x2e\
\x37\x34\x31\x38\x20\x36\x2e\x37\x35\x38\x31\x37\x20\x32\x30\x2e\
\x39\x36\x30\x38\x20\x37\x2e\x35\x33\x39\x32\x31\x4c\x31\x31\x2e\
\x35\x38\x35\x38\x20\x31\x36\x2e\x39\x31\x34\x32\x43\x31\x31\x2e\
\x32\x31\x30\x37\x20\x31\x37\x2e\x32\x38\x39\x33\x20\x31\x30\x2e\
\x37\x30\x32\x20\x31\x37\x2e\x35\x20\x31\x30\x2e\x31\x37\x31\x36\
\x20\x31\x37\x2e\x35\x4c\x37\x2e\x35\x20\x31\x37\x2e\x35\x4c\x37\
\x2e\x35\x20\x31\x34\x2e\x38\x32\x38\x34\x43\x37\x2e\x35\x20\x31\
\x34\x2e\x32\x39\x38\x20\x37\x2e\x37\x31\x30\x37\x31\x20\x31\x33\
\x2e\x37\x38\x39\x33\x20\x38\x2e\x30\x38\x35\x37\x39\x20\x31\x33\
\x2e\x34\x31\x34\x32\x4c\x31\x37\x2e\x34\x36\x30\x38\x20\x34\x2e\
\x30\x33\x39\x32\x31\x5a\x22\x2f\x3e\x20\x3c\x70\x61\x74\x68\x20\
\x64\x3d\x22\x4d\x31\x36\x2e\x32\x35\x20\x35\x2e\x32\x35\x4c\x31\
\x39\x2e\x37\x35\x20\x38\x2e\x37\x35\x22\x2f\x3e\x20\x3c\x2f\x73\
\x76\x67\x3e\
\x00\x00\x01\x56\
\x3c\
\x73\x76\x67\x20\x72\x6f\x6c\x65\x3d\x22\x69\x6d\x67\x22\x20\x78\
\x6d\x6c\x6e\x73\x3d\x22\x68\x74\x74\x70\x3a\x2f\x2f\x77\x77\x77\
\x2e\x77\x33\x2e\x6f\x72\x67\x2f\x32\x30\x30\x30\x2f\x73\x76\x67\
\x22\x20\x77\x69\x64\x74\x68\x3d\x22\x33\x32\x70\x78\x22\x20\x68\
\x65\x69\x67\x68\x74\x3d\x22\x33\x32\x70\x78\x22\x20\x76\x69\x65\
\x77\x42\x6f\x78\x3d\x22\x30\x20\x30\x20\x32\x34\x20\x32\x34\x22\
\x20\x61\x72\x69\x61\x2d\x6c\x61\x62\x65\x6c\x6c\x65\x64\x62\x79\
\x3d\x22\x63\x68\x65\x76\x72\x6f\x6e\x44\x6f\x77\x6e\x49\x63\x6f\
\x6e\x54\x69\x74\x6c\x65\x22\x20\x73\x74\x72\x6f\x6b\x65\x3d\x22\
\x23\x30\x30\x30\x22\x20\x73\x74\x72\x6f\x6b\x65\x2d\x77\x69\x64\
\x74\x68\x3d\x22\x31\x2e\x35\x22\x20\x73\x74\x72\x6f\x6b\x65\x2d\
\x6c\x69\x6e\x65\x63\x61\x70\x3d\x22\x73\x71\x75\x61\x72\x65\x22\
\x20\x73\x74\x72\x6f\x6b\x65\x2d\x6c\x69\x6e\x65\x6a\x6f\x69\x6e\
\x3d\x22\x6d\x69\x74\x65\x72\x22\x20\x66\x69\x6c\x6c\x3d\x22\x6e\
\x6f\x6e\x65\x22\x20\x63\x6f\x6c\x6f\x72\x3d\x22\x23\x30\x30\x30\
\x22\x3e\x20\x3c\x74\x69\x74\x6c\x65\x20\x69\x64\x3d\x22\x63\x68\
\x65\x76\x72\x6f\x6e\x44\x6f\x77\x6e\x49\x63\x6f\x6e\x54\x69\x74\
\x6c\x65\x22\x3e\x43\x68\x65\x76\x72\x6f\x6e\x20\x44\x6f\x77\x6e\
\x3c\x2f\x74\x69\x74\x6c\x65\x3e\x20\x3c\x70\x6f\x6c\x79\x6c\x69\
\x6e\x65\x20\x70\x6f\x69\x6e\x74\x73\x3d\x22\x36\x20\x31\x30\x20\
\x31\x32\x20\x31\x36\x20\x31\x38\x20\x31\x30\x22\x2f\x3e\x20\x3c\
\x2f\x73\x76\x67\x3e\
\x00\x00\x02\x53\
\x3c\
\x73\x76\x67\x20\x77\x69\x64\x74\x68\x3d\x22\x33\x32\x70\x78\x22\
\x20\x68\x65\x69\x67\x68\x74\x3d\x22\x33\x32\x70\x78\x22\x20\x76\
\x69\x65\x77\x42\x6f\x78\x3d\x22\x30\x20\x30\x20\x32\x34\x20\x32\
\x34\x22\x20\x78\x6d\x6c\x6e\x73\x3d\x22\x68\x74\x74\x70\x3a\x2f\
\x2f\x77\x77\x77\x2e\x77\x33\x2e\x6f\x72\x67\x2f\x32\x30\x30\x30\
\x2f\x73\x76\x67\x22\x20\x61\x72\x69\x61\x2d\x6c\x61\x62\x65\x6c\
\x6c\x65\x64\x62\x79\x3d\x22\x63\x6c\x6f\x75\x64\x43\x72\x6f\x73\
\x73\x65\x64\x49\x63\x6f\x6e\x54\x69\x74\x6c\x65\x22\x20\x73\x74\
\x72\x6f\x6b\x65\x3d\x22\x23\x30\x30\x30\x22\x20\x73\x74\x72\x6f\
\x6b\x65\x2d\x77\x69\x64\x74\x68\x3d\x22\x31\x2e\x35\x22\x20\x73\
\x74\x72\x6f\x6b\x65\x2d\x6c\x69\x6e\x65\x63\x61\x70\x3d\x22\x73\
\x71\x75\x61\x72\x65\x22\x20\x73\x74\x72\x6f\x6b\x65\x2d\x6c\x69\
\x6e\x65\x6a\x6f\x69\x6e\x3d\x22\x6d\x69\x74\x65\x72\x22\x20\x66\
\x69\x6c\x6c\x3d\x22\x6e\x6f\x6e\x65\x22\x20\x63\x6f\x6c\x6f\x72\
\x3d\x22\x23\x30\x30\x30\x22\x3e\x20\x3c\x74\x69\x74\x6c\x65\x20\
\x69\x64\x3d\x22\x63\x6c\x6f\x75\x64\x43\x72\x6f\x73\x73\x65\x64\
\x49\x63\x6f\x6e\x54\x69\x74\x6c\x65\x22\x3e\x43\x6c\x6f\x75\x64\
\x2f\x69\x6e\x74\x65\x72\x6e\x65\x74\x20\x73\x65\x72\x76\x69\x63\
\x65\x73\x20\x75\x6e\x61\x76\x61\x69\x6c\x61\x62\x6c\x65\x3c\x2f\
\x74\x69\x74\x6c\x65\x3e\x20\x3c\x70\x61\x74\x68\x20\x64\x3d\x22\
\x4d\x31\x33\x20\x36\x43\x31\x35\x2e\x39\x38\x31\x38\x20\x36\x20\
\x31\x38\x2e\x34\x35\x35\x35\x20\x38\x2e\x31\x37\x35\x30\x34\x20\
\x31\x38\x2e\x39\x32\x31\x32\x20\x31\x31\x2e\x30\x32\x35\x31\x43\
\x32\x30\x2e\x36\x35\x35\x36\x20\x31\x31\x2e\x32\x33\x33\x31\x20\
\x32\x32\x20\x31\x32\x2e\x37\x30\x39\x36\x20\x32\x32\x20\x31\x34\
\x2e\x35\x43\x32\x32\x20\x31\x36\x2e\x34\x33\x33\x20\x32\x30\x2e\
\x34\x33\x33\x20\x31\x38\x20\x31\x38\x2e\x35\x20\x31\x38\x48\x36\
\x2e\x35\x43\x34\x2e\x30\x31\x34\x37\x32\x20\x31\x38\x20\x32\x20\
\x31\x35\x2e\x39\x38\x35\x33\x20\x32\x20\x31\x33\x2e\x35\x43\x32\
\x20\x31\x31\x2e\x30\x31\x34\x37\x20\x34\x2e\x30\x31\x34\x37\x32\
\x20\x39\x20\x36\x2e\x35\x20\x39\x43\x36\x2e\x39\x31\x39\x34\x39\
\x20\x39\x20\x37\x2e\x33\x32\x35\x35\x36\x20\x39\x2e\x30\x35\x37\
\x34\x20\x37\x2e\x37\x31\x30\x38\x31\x20\x39\x2e\x31\x36\x34\x37\
\x37\x43\x38\x2e\x37\x32\x32\x37\x37\x20\x37\x2e\x32\x38\x30\x38\
\x39\x20\x31\x30\x2e\x37\x31\x31\x38\x20\x36\x20\x31\x33\x20\x36\
\x5a\x22\x2f\x3e\x20\x3c\x70\x61\x74\x68\x20\x64\x3d\x22\x4d\x33\
\x20\x32\x31\x4c\x32\x30\x20\x34\x22\x2f\x3e\x20\x3c\x2f\x73\x76\
\x67\x3e\
\x00\x00\x01\x7d\
\x3c\
\x73\x76\x67\x20\x72\x6f\x6c\x65\x3d\x22\x69\x6d\x67\x22\x20\x78\
\x6d\x6c\x6e\x73\x3d\x22\x68\x74\x74\x70\x3a\x2f\x2f\x77\x77\x77\
\x2e\x77\x33\x2e\x6f\x72\x67\x2f\x32\x30\x30\x30\x2f\x73\x76\x67\
\x22\x20\x77\x69\x64\x74\x68\x3d\x22\x33\x32\x70\x78\x22\x20\x68\
\x65\x69\x67\x68\x74\x3d\x22\x33\x32\x70\x78\x22\x20\x76\x69\x65\
\x77\x42\x6f\x78\x3d\x22\x30\x20\x30\x20\x32\x34\x20\x32\x34\x22\
\x20\x61\x72\x69\x61\x2d\x6c\x61\x62\x65\x6c\x6c\x65\x64\x62\x79\
\x3d\x22\x63\x68\x65\x76\x72\x6f\x6e\x73\x44\x6f\x77\x6e\x49\x63\
\x6f\x6e\x54\x69\x74\x6c\x65\x22\x20\x73\x74\x72\x6f\x6b\x65\x3d\
\x22\x23\x30\x30\x30\x22\x20\x73\x74\x72\x6f\x6b\x65\x2d\x77\x69\
\x64\x74\x68\x3d\x22\x31\x2e\x35\x22\x20\x73\x74\x72\x6f\x6b\x65\
\x2d\x6c\x69\x6e\x65\x63\x61\x70\x3d\x22\x73\x71\x75\x61\x72\x65\
\x22\x20\x73\x74\x72\x6f\x6b\x65\x2d\x6c\x69\x6e\x65\x6a\x6f\x69\
\x6e\x3d\x22\x6d\x69\x74\x65\x72\x22\x20\x66\x69\x6c\x6c\x3d\x22\
\x6e\x6f\x6e\x65\x22\x20\x63\x6f\x6c\x6f\x72\x3d\x22\x23\x30\x30\
\x30\x22\x3e\x20\x3c\x74\x69\x74\x6c\x65\x20\x69\x64\x3d\x22\x63\
\x68\x65\x76\x72\x6f\x6e\x73\x44\x6f\x77\x6e\x49\x63\x6f\x6e\x54\
\x69\x74\x6c\x65\x22\x3e\x43\x68\x65\x76\x72\x6f\x6e\x73\x20\x44\
\x6f\x77\x6e\x3c\x2f\x74\x69\x74\x6c\x65\x3e\x20\x3c\x70\x6f\x6c\
\x79\x6c\x69\x6e\x65\x20\x70\x6f\x69\x6e\x74\x73\x3d\x22\x37\x20\
\x31\x33\x20\x31\x32\x20\x31\x38\x20\x31\x37\x20\x31\x33\x22\x2f\
\x3e\x20\x3c\x70\x6f\x6c\x79\x6c\x69\x6e\x65\x20\x70\x6f\x69\x6e\
\x74\x73\x3d\x22\x37\x20\x37\x20\x31\x32\x20\x31\x32\x20\x31\x37\
\x20\x37\x22\x2f\x3e\x20\x3c\x2f\x73\x76\x67\x3e\
\x00\x00\x01\x7a\
\x3c\
\x73\x76\x67\x20\x72\x6f\x6c\x65\x3d\x22\x69\x6d\x67\x22\x20\x78\
\x6d\x6c\x6e\x73\x3d\x22\x68\x74\x74\x70\x3a\x2f\x2f\x77\x77\x77\
\x2e\x77\x33\x2e\x6f\x72\x67\x2f\x32\x30\x30\x30\x2f\x73\x76\x67\
\x22\x20\x77\x69\x64\x74\x68\x3d\x22\x33\x32\x70\x78\x22\x20\x68\
\x65\x69\x67\x68\x74\x3d\x22\x33\x32\x70\x78\x22\x20\x76\x69\x65\
\x77\x42\x6f\x78\x3d\x22\x30\x20\x30\x20\x32\x34\x20\x32\x34\x22\
\x20\x61\x72\x69\x61\x2d\x6c\x61\x62\x65\x6c\x6c\x65\x64\x62\x79\
\x3d\x22\x73\x75\x69\x74\x63\x61\x73\x65\x49\x63\x6f\x6e\x54\x69\
\x74\x6c\x65\x22\x20\x73\x74\x72\x6f\x6b\x65\x3d\x22\x23\x30\x30\
\x30\x22\x20\x73\x74\x72\x6f\x6b\x65\x2d\x77\x69\x64\x74\x68\x3d\
\x22\x31\x2e\x35\x22\x20\x73\x74\x72\x6f\x6b\x65\x2d\x6c\x69\x6e\
\x65\x63\x61\x70\x3d\x22\x73\x71\x75\x61\x72\x65\x22\x20\x73\x74\
\x72\x6f\x6b\x65\x2d\x6c\x69\x6e\x65\x6a\x6f\x69\x6e\x3d\x22\x6d\
\x69\x74\x65\x72\x22\x20\x66\x69\x6c\x6c\x3d\x22\x6e\x6f\x6e\x65\
\x22\x20\x63\x6f\x6c\x6f\x72\x3d\x22\x23\x30\x30\x30\x22\x3e\x20\
\x3c\x74\x69\x74\x6c\x65\x20\x69\x64\x3d\x22\x73\x75\x69\x74\x63\
\x61\x73\x65\x49\x63\x6f\x6e\x54\x69\x74\x6c\x65\x22\x3e\x53\x75\
\x69\x74\x63\x61\x73\x65\x3c\x2f\x74\x69\x74\x6c\x65\x3e\x20\x3c\
\x72\x65\x63\x74\x20\x77\x69\x64\x74\x68\x3d\x22\x31\x38\x22\x20\
\x68\x65\x69\x67\x68\x74\x3d\x22\x31\x32\x22\x20\x78\x3d\x22\x33\
\x22\x20\x79\x3d\x22\x37\x22\x2f\x3e\x20\x3c\x72\x65\x63\x74\x20\
\x77\x69\x64\x74\x68\x3d\x22\x38\x22\x20\x68\x65\x69\x67\x68\x74\
\x3d\x22\x34\x22\x20\x78\x3d\x22\x38\x22\x20\x79\x3d\x22\x33\x22\
\x2f\x3e\x20\x3c\x2f\x73\x76\x67\x3e\
\x00\x00\x01\xd2\
\x3c\
\x73\x76\x67\x20\x72\x6f\x6c\x65\x3d\x22\x69\x6d\x67\x22\x20\x78\
\x6d\x6c\x6e\x73\x3d\x22\x68\x74\x74\x70\x3a\x2f\x2f\x77\x77\x77\
\x2e\x77\x33\x2e\x6f\x72\x67\x2f\x32\x30\x30\x30\x2f\x73\x76\x67\
\x22\x20\x77\x69\x64\x74\x68\x3d\x22\x33\x32\x70\x78\x22\x20\x68\
\x65\x69\x67\x68\x74\x3d\x22\x33\x32\x70\x78\x22\x20\x76\x69\x65\
\x77\x42\x6f\x78\x3d\x22\x30\x20\x30\x20\x32\x34\x20\x32\x34\x22\
\x20\x61\x72\x69\x61\x2d\x6c\x61\x62\x65\x6c\x6c\x65\x64\x62\x79\
\x3d\x22\x67\x72\x69\x64\x53\x6d\x61\x6c\x6c\x49\x63\x6f\x6e\x54\
\x69\x74\x6c\x65\x22\x20\x73\x74\x72\x6f\x6b\x65\x3d\x22\x23\x30\
\x30\x30\x22\x20\x73\x74\x72\x6f\x6b\x65\x2d\x77\x69\x64\x74\x68\
\x3d\x22\x31\x2e\x35\x22\x20\x73\x74\x72\x6f\x6b\x65\x2d\x6c\x69\
\x6e\x65\x63\x61\x70\x3d\x22\x73\x71\x75\x61\x72\x65\x22\x20\x73\
\x74\x72\x6f\x6b\x65\x2d\x6c\x69\x6e\x65\x6a\x6f\x69\x6e\x3d\x22\
\x6d\x69\x74\x65\x72\x22\x20\x66\x69\x6c\x6c\x3d\x22\x6e\x6f\x6e\
\x65\x22\x20\x63\x6f\x6c\x6f\x72\x3d\x22\x23\x30\x30\x30\x22\x3e\
\x20\x3c\x74\x69\x74\x6c\x65\x20\x69\x64\x3d\x22\x67\x72\x69\x64\
\x53\x6d\x61\x6c\x6c\x49\x63\x6f\x6e\x54\x69\x74\x6c\x65\x22\x3e\
\x53\x6d\x61\x6c\x6c\x20\x47\x72\x69\x64\x3c\x2f\x74\x69\x74\x6c\
\x65\x3e\x20\x3c\x72\x65\x63\x74\x20\x77\x69\x64\x74\x68\x3d\x22\
\x34\x22\x20\x68\x65\x69\x67\x68\x74\x3d\x22\x34\x22\x20\x78\x3d\
\x22\x36\x22\x20\x79\x3d\x22\x36\x22\x2f\x3e\x20\x3c\x72\x65\x63\
\x74\x20\x77\x69\x64\x74\x68\x3d\x22\x34\x22\x20\x68\x65\x69\x67\
\x68\x74\x3d\x22\x34\x22\x20\x78\x3d\x22\x31\x33\x22\x20\x79\x3d\
\x22\x36\x22\x2f\x3e\x20\x3c\x72\x65\x63\x74\x20\x77\x69\x64\x74\
\x68\x3d\x22\x34\x22\x20\x68\x65\x69\x67\x68\x74\x3d\x22\x34\x22\
\x20\x78\x3d\x22\x36\x22\x20\x79\x3d\x22\x31\x33\x22\x2f\x3e\x20\
\x3c\x72\x65\x63\x74\x20\x77\x69\x64\x74\x68\x3d\x22\x34\x22\x20\
\x68\x65\x69\x67\x68\x74\x3d\x22\x34\x22\x20\x78\x3d\x22\x31\x33\
\x22\x20\x79\x3d\x22\x31\x33\x22\x2f\x3e\x20\x3c\x2f\x73\x76\x67\
\x3e\
\x00\x00\x01\x99\
\x3c\
\x73\x76\x67\x20\x72\x6f\x6c\x65\x3d\x22\x69\x6d\x67\x22\x20\x78\
\x6d\x6c\x6e\x73\x3d\x22\x68\x74\x74\x70\x3a\x2f\x2f\x77\x77\x77\
\x2e\x77\x33\x2e\x6f\x72\x67\x2f\x32\x30\x30\x30\x2f\x73\x76\x67\
\x22\x20\x77\x69\x64\x74\x68\x3d\x22\x33\x32\x70\x78\x22\x20\x68\
\x65\x69\x67\x68\x74\x3d\x22\x33\x32\x70\x78\x22\x20\x76\x69\x65\
\x77\x42\x6f\x78\x3d\x22\x30\x20\x30\x20\x32\x34\x20\x32\x34\x22\
\x20\x61\x72\x69\x61\x2d\x6c\x61\x62\x65\x6c\x6c\x65\x64\x62\x79\
\x3d\x22\x63\x68\x61\x72\x74\x49\x63\x6f\x6e\x54\x69\x74\x6c\x65\
\x22\x20\x73\x74\x72\x6f\x6b\x65\x3d\x22\x23\x30\x30\x30\x22\x20\
\x73\x74\x72\x6f\x6b\x65\x2d\x77\x69\x64\x74\x68\x3d\x22\x31\x2e\
\x35\x22\x20\x73\x74\x72\x6f\x6b\x65\x2d\x6c\x69\x6e\x65\x63\x61\
\x70\x3d\x22\x73\x71\x75\x61\x72\x65\x22\x20\x73\x74\x72\x6f\x6b\
\x65\x2d\x6c\x69\x6e\x65\x6a\x6f\x69\x6e\x3d\x22\x6d\x69\x74\x65\
\x72\x22\x20\x66\x69\x6c\x6c\x3d\x22\x6e\x6f\x6e\x65\x22\x20\x63\
\x6f\x6c\x6f\x72\x3d\x22\x23\x30\x30\x30\x22\x3e\x20\x3c\x74\x69\
\x74\x6c\x65\x20\x69\x64\x3d\x22\x63\x68\x61\x72\x74\x49\x63\x6f\
\x6e\x54\x69\x74\x6c\x65\x22\x3e\x43\x68\x61\x72\x74\x3c\x2f\x74\
\x69\x74\x6c\x65\x3e\x20\x3c\x70\x6f\x6c\x79\x67\x6f\x6e\x20\x70\
\x6f\x69\x6e\x74\x73\x3d\x22\x32\x20\x31\x32\x20\x32\x20\x32\x31\
\x20\x36\x20\x32\x31\x20\x36\x20\x31\x32\x22\x2f\x3e\x20\x3c\x70\
\x6f\x6c\x79\x67\x6f\x6e\x20\x70\x6f\x69\x6e\x74\x73\x3d\x22\x31\
\x38\x20\x37\x20\x31\x38\x20\x32\x31\x20\x32\x32\x20\x32\x31\x20\
\x32\x32\x20\x37\x22\x2f\x3e\x20\x3c\x70\x6f\x6c\x79\x67\x6f\x6e\
\x20\x70\x6f\x69\x6e\x74\x73\x3d\x22\x31\x30\x20\x33\x20\x31\x30\
\x20\x32\x31\x20\x31\x34\x20\x32\x31\x20\x31\x34\x20\x33\x22\x2f\
\x3e\x20\x3c\x2f\x73\x76\x67\x3e\
\x00\x00\x02\xb8\
\x3c\
\x73\x76\x67\x20\x77\x69\x64\x74\x68\x3d\x22\x33\x32\x70\x78\x22\
\x20\x68\x65\x69\x67\x68\x74\x3d\x22\x33\x32\x70\x78\x22\x20\x76\
\x69\x65\x77\x42\x6f\x78\x3d\x22\x30\x20\x30\x20\x32\x34\x20\x32\
\x34\x22\x20\x66\x69\x6c\x6c\x3d\x22\x6e\x6f\x6e\x65\x22\x20\x78\
\x6d\x6c\x6e\x73\x3d\x22\x68\x74\x74\x70\x3a\x2f\x2f\x77\x77\x77\
\x2e\x77\x33\x2e\x6f\x72\x67\x2f\x32\x30\x30\x30\x2f\x73\x76\x67\
\x22\x20\x61\x72\x69\x61\x2d\x6c\x61\x62\x65\x6c\x6c\x65\x64\x62\
\x79\x3d\x22\x70\x69\x7a\x7a\x61\x49\x63\x6f\x6e\x54\x69\x74\x6c\
\x65\x22\x20\x73\x74\x72\x6f\x6b\x65\x3d\x22\x23\x30\x30\x30\x22\
\x20\x73\x74\x72\x6f\x6b\x65\x2d\x77\x69\x64\x74\x68\x3d\x22\x31\
\x2e\x35\x22\x20\x73\x74\x72\x6f\x6b\x65\x2d\x6c\x69\x6e\x65\x63\
\x61\x70\x3d\x22\x73\x71\x75\x61\x72\x65\x22\x20\x73\x74\x72\x6f\
\x6b\x65\x2d\x6c\x69\x6e\x65\x6a\x6f\x69\x6e\x3d\x22\x6d\x69\x74\
\x65\x72\x22\x20\x63\x6f\x6c\x6f\x72\x3d\x22\x23\x30\x30\x30\x22\
\x3e\x20\x3c\x74\x69\x74\x6c\x65\x20\x69\x64\x3d\x22\x70\x69\x7a\
\x7a\x61\x49\x63\x6f\x6e\x54\x69\x74\x6c\x65\x22\x3e\x50\x69\x7a\
\x7a\x61\x3c\x2f\x74\x69\x74\x6c\x65\x3e\x20\x3c\x70\x61\x74\x68\
\x20\x64\x3d\x22\x4d\x32\x30\x20\x31\x37\x2e\x38\x35\x36\x34\x43\
\x31\x37\x2e\x35\x36\x37\x37\x20\x31\x39\x2e\x32\x36\x30\x37\x20\
\x31\x34\x2e\x38\x30\x38\x36\x20\x32\x30\x20\x31\x32\x20\x32\x30\
\x43\x39\x2e\x31\x39\x31\x34\x31\x20\x32\x30\x20\x36\x2e\x34\x33\
\x32\x33\x31\x20\x31\x39\x2e\x32\x36\x30\x37\x20\x34\x20\x31\x37\
\x2e\x38\x35\x36\x34\x4c\x31\x32\x20\x34\x4c\x32\x30\x20\x31\x37\
\x2e\x38\x35\x36\x34\x5a\x22\x2f\x3e\x20\x3c\x70\x61\x74\x68\x20\
\x64\x3d\x22\x4d\x32\x30\x20\x31\x37\x2e\x38\x35\x36\x34\x43\x31\
\x37\x2e\x35\x36\x37\x37\x20\x31\x39\x2e\x32\x36\x30\x37\x20\x31\
\x34\x2e\x38\x30\x38\x36\x20\x32\x30\x20\x31\x32\x20\x32\x30\x43\
\x39\x2e\x31\x39\x31\x34\x31\x20\x32\x30\x20\x36\x2e\x34\x33\x32\
\x33\x31\x20\x31\x39\x2e\x32\x36\x30\x37\x20\x34\x20\x31\x37\x2e\
\x38\x35\x36\x34\x4c\x31\x32\x20\x34\x4c\x32\x30\x20\x31\x37\x2e\
\x38\x35\x36\x34\x5a\x22\x2f\x3e\x20\x3c\x70\x61\x74\x68\x20\x64\
\x3d\x22\x4d\x35\x2e\x34\x39\x38\x39\x20\x31\x35\x2e\x32\x36\x30\
\x33\x43\x37\x2e\x34\x31\x31\x32\x37\x20\x31\x36\x2e\x33\x36\x36\
\x37\x20\x39\x2e\x36\x33\x31\x36\x37\x20\x31\x37\x20\x31\x32\x20\
\x31\x37\x43\x31\x34\x2e\x33\x36\x38\x33\x20\x31\x37\x20\x31\x36\
\x2e\x35\x38\x38\x37\x20\x31\x36\x2e\x33\x36\x36\x37\x20\x31\x38\
\x2e\x35\x30\x31\x31\x20\x31\x35\x2e\x32\x36\x30\x33\x22\x2f\x3e\
\x20\x3c\x63\x69\x72\x63\x6c\x65\x20\x63\x78\x3d\x22\x31\x30\x22\
\x20\x63\x79\x3d\x22\x31\x34\x22\x20\x72\x3d\x22\x31\x22\x2f\x3e\
\x20\x3c\x63\x69\x72\x63\x6c\x65\x20\x63\x78\x3d\x22\x31\x33\x22\
\x20\x63\x79\x3d\x22\x31\x33\x22\x20\x72\x3d\x22\x31\x22\x2f\x3e\
\x20\x3c\x63\x69\x72\x63\x6c\x65\x20\x63\x78\x3d\x22\x31\x32\x22\
\x20\x63\x79\x3d\x22\x31\x30\x22\x20\x72\x3d\x22\x31\x22\x2f\x3e\
\x20\x3c\x2f\x73\x76\x67\x3e\
\x00\x00\x01\x92\
\x3c\
\x73\x76\x67\x20\x72\x6f\x6c\x65\x3d\x22\x69\x6d\x67\x22\x20\x78\
\x6d\x6c\x6e\x73\x3d\x22\x68\x74\x74\x70\x3a\x2f\x2f\x77\x77\x77\
\x2e\x77\x33\x2e\x6f\x72\x67\x2f\x32\x30\x30\x30\x2f\x73\x76\x67\
\x22\x20\x77\x69\x64\x74\x68\x3d\x22\x33\x32\x70\x78\x22\x20\x68\
\x65\x69\x67\x68\x74\x3d\x22\x33\x32\x70\x78\x22\x20\x76\x69\x65\
\x77\x42\x6f\x78\x3d\x22\x30\x20\x30\x20\x32\x34\x20\x32\x34\x22\
\x20\x61\x72\x69\x61\x2d\x6c\x61\x62\x65\x6c\x6c\x65\x64\x62\x79\
\x3d\x22\x75\x6e\x64\x6f\x49\x63\x6f\x6e\x54\x69\x74\x6c\x65\x22\
\x20\x73\x74\x72\x6f\x6b\x65\x3d\x22\x23\x30\x30\x30\x22\x20\x73\
\x74\x72\x6f\x6b\x65\x2d\x77\x69\x64\x74\x68\x3d\x22\x31\x2e\x35\
\x22\x20\x73\x74\x72\x6f\x6b\x65\x2d\x6c\x69\x6e\x65\x63\x61\x70\
\x3d\x22\x73\x71\x75\x61\x72\x65\x22\x20\x73\x74\x72\x6f\x6b\x65\
\x2d\x6c\x69\x6e\x65\x6a\x6f\x69\x6e\x3d\x22\x6d\x69\x74\x65\x72\
\x22\x20\x66\x69\x6c\x6c\x3d\x22\x6e\x6f\x6e\x65\x22\x20\x63\x6f\
\x6c\x6f\x72\x3d\x22\x23\x30\x30\x30\x22\x3e\x20\x3c\x74\x69\x74\
\x6c\x65\x20\x69\x64\x3d\x22\x75\x6e\x64\x6f\x49\x63\x6f\x6e\x54\
\x69\x74\x6c\x65\x22\x3e\x55\x6e\x64\x6f\x20\x6c\x61\x73\x74\x20\
\x61\x63\x74\x69\x6f\x6e\x3c\x2f\x74\x69\x74\x6c\x65\x3e\x20\x3c\
\x70\x61\x74\x68\x20\x64\x3d\x22\x4d\x38\x20\x31\x35\x48\x33\x76\
\x2d\x35\x22\x2f\x3e\x20\x3c\x70\x61\x74\x68\x20\x64\x3d\x22\x4d\
\x35\x20\x31\x33\x63\x35\x2d\x35\x20\x31\x32\x2e\x35\x37\x35\x2d\
\x34\x2e\x32\x37\x35\x20\x31\x36\x20\x31\x22\x2f\x3e\x20\x3c\x70\
\x61\x74\x68\x20\x73\x74\x72\x6f\x6b\x65\x2d\x6c\x69\x6e\x65\x63\
\x61\x70\x3d\x22\x72\x6f\x75\x6e\x64\x22\x20\x64\x3d\x22\x4d\x33\
\x20\x31\x35\x6c\x32\x2d\x32\x22\x2f\x3e\x20\x3c\x2f\x73\x76\x67\
\x3e\
\x00\x00\x02\x51\
\x3c\
\x73\x76\x67\x20\x72\x6f\x6c\x65\x3d\x22\x69\x6d\x67\x22\x20\x78\
\x6d\x6c\x6e\x73\x3d\x22\x68\x74\x74\x70\x3a\x2f\x2f\x77\x77\x77\
\x2e\x77\x33\x2e\x6f\x72\x67\x2f\x32\x30\x30\x30\x2f\x73\x76\x67\
\x22\x20\x77\x69\x64\x74\x68\x3d\x22\x33\x32\x70\x78\x22\x20\x68\
\x65\x69\x67\x68\x74\x3d\x22\x33\x32\x70\x78\x22\x20\x76\x69\x65\
\x77\x42\x6f\x78\x3d\x22\x30\x20\x30\x20\x32\x34\x20\x32\x34\x22\
\x20\x61\x72\x69\x61\x2d\x6c\x61\x62\x65\x6c\x6c\x65\x64\x62\x79\
\x3d\x22\x68\x61\x70\x70\x79\x46\x61\x63\x65\x49\x63\x6f\x6e\x54\
\x69\x74\x6c\x65\x22\x20\x73\x74\x72\x6f\x6b\x65\x3d\x22\x23\x30\
\x30\x30\x22\x20\x73\x74\x72\x6f\x6b\x65\x2d\x77\x69\x64\x74\x68\
\x3d\x22\x31\x2e\x35\x22\x20\x73\x74\x72\x6f\x6b\x65\x2d\x6c\x69\
\x6e\x65\x63\x61\x70\x3d\x22\x73\x71\x75\x61\x72\x65\x22\x20\x73\
\x74\x72\x6f\x6b\x65\x2d\x6c\x69\x6e\x65\x6a\x6f\x69\x6e\x3d\x22\
\x6d\x69\x74\x65\x72\x22\x20\x66\x69\x6c\x6c\x3d\x22\x6e\x6f\x6e\
\x65\x22\x20\x63\x6f\x6c\x6f\x72\x3d\x22\x23\x30\x30\x30\x22\x3e\
\x20\x3c\x74\x69\x74\x6c\x65\x20\x69\x64\x3d\x22\x68\x61\x70\x70\
\x79\x46\x61\x63\x65\x49\x63\x6f\x6e\x54\x69\x74\x6c\x65\x22\x3e\
\x48\x61\x70\x70\x79\x20\x46\x61\x63\x65\x3c\x2f\x74\x69\x74\x6c\
\x65\x3e\x20\x3c\x70\x61\x74\x68\x20\x64\x3d\x22\x4d\x37\x2e\x33\
\x30\x31\x30\x38\x36\x33\x2c\x31\x34\x2e\x30\x30\x31\x31\x34\x37\
\x39\x20\x43\x38\x2e\x30\x37\x33\x34\x34\x30\x34\x2c\x31\x35\x2e\
\x37\x35\x37\x38\x33\x36\x37\x20\x39\x2e\x39\x38\x38\x31\x33\x37\
\x31\x31\x2c\x31\x37\x20\x31\x31\x2e\x39\x39\x39\x35\x38\x38\x39\
\x2c\x31\x37\x20\x43\x31\x34\x2e\x30\x30\x32\x34\x39\x32\x38\x2c\
\x31\x37\x20\x31\x35\x2e\x39\x31\x33\x34\x37\x39\x2c\x31\x35\x2e\
\x37\x35\x34\x36\x31\x39\x34\x20\x31\x36\x2e\x36\x39\x32\x35\x33\
\x30\x37\x2c\x31\x34\x2e\x30\x30\x35\x35\x33\x32\x38\x22\x2f\x3e\
\x20\x3c\x6c\x69\x6e\x65\x20\x73\x74\x72\x6f\x6b\x65\x2d\x6c\x69\
\x6e\x65\x63\x61\x70\x3d\x22\x72\x6f\x75\x6e\x64\x22\x20\x78\x31\
\x3d\x22\x39\x22\x20\x79\x31\x3d\x22\x39\x22\x20\x78\x32\x3d\x22\
\x39\x22\x20\x79\x32\x3d\x22\x39\x22\x2f\x3e\x20\x3c\x6c\x69\x6e\
\x65\x20\x73\x74\x72\x6f\x6b\x65\x2d\x6c\x69\x6e\x65\x63\x61\x70\
\x3d\x22\x72\x6f\x75\x6e\x64\x22\x20\x78\x31\x3d\x22\x31\x35\x22\
\x20\x79\x31\x3d\x22\x39\x22\x20\x78\x32\x3d\x22\x31\x35\x22\x20\
\x79\x32\x3d\x22\x39\x22\x2f\x3e\x20\x3c\x63\x69\x72\x63\x6c\x65\
\x20\x63\x78\x3d\x22\x31\x32\x22\x20\x63\x79\x3d\x22\x31\x32\x22\
\x20\x72\x3d\x22\x31\x30\x22\x2f\x3e\x20\x3c\x2f\x73\x76\x67\x3e\
\
\x00\x00\x01\x65\
\x3c\
\x73\x76\x67\x20\x77\x69\x64\x74\x68\x3d\x22\x33\x32\x70\x78\x22\
\x20\x68\x65\x69\x67\x68\x74\x3d\x22\x33\x32\x70\x78\x22\x20\x76\
\x69\x65\x77\x42\x6f\x78\x3d\x22\x30\x20\x30\x20\x32\x34\x20\x32\
\x34\x22\x20\x78\x6d\x6c\x6e\x73\x3d\x22\x68\x74\x74\x70\x3a\x2f\
\x2f\x77\x77\x77\x2e\x77\x33\x2e\x6f\x72\x67\x2f\x32\x30\x30\x30\
\x2f\x73\x76\x67\x22\x20\x61\x72\x69\x61\x2d\x6c\x61\x62\x65\x6c\
\x6c\x65\x64\x62\x79\x3d\x22\x66\x6f\x6c\x64\x65\x72\x52\x65\x6d\
\x6f\x76\x65\x49\x63\x6f\x6e\x54\x69\x74\x6c\x65\x22\x20\x73\x74\
\x72\x6f\x6b\x65\x3d\x22\x23\x30\x30\x30\x22\x20\x73\x74\x72\x6f\
\x6b\x65\x2d\x77\x69\x64\x74\x68\x3d\x22\x31\x2e\x35\x22\x20\x73\
\x74\x72\x6f\x6b\x65\x2d\x6c\x69\x6e\x65\x63\x61\x70\x3d\x22\x73\
\x71\x75\x61\x72\x65\x22\x20\x73\x74\x72\x6f\x6b\x65\x2d\x6c\x69\
\x6e\x65\x6a\x6f\x69\x6e\x3d\x22\x6d\x69\x74\x65\x72\x22\x20\x66\
\x69\x6c\x6c\x3d\x22\x6e\x6f\x6e\x65\x22\x20\x63\x6f\x6c\x6f\x72\
\x3d\x22\x23\x30\x30\x30\x22\x3e\x20\x3c\x74\x69\x74\x6c\x65\x20\
\x69\x64\x3d\x22\x66\x6f\x6c\x64\x65\x72\x52\x65\x6d\x6f\x76\x65\
\x49\x63\x6f\x6e\x54\x69\x74\x6c\x65\x22\x3e\x52\x65\x6d\x6f\x76\
\x65\x20\x66\x72\x6f\x6d\x20\x66\x6f\x6c\x64\x65\x72\x3c\x2f\x74\
\x69\x74\x6c\x65\x3e\x20\x3c\x70\x61\x74\x68\x20\x64\x3d\x22\x4d\
\x33\x20\x35\x48\x39\x4c\x31\x30\x20\x37\x48\x32\x31\x56\x31\x39\
\x48\x33\x56\x35\x5a\x22\x2f\x3e\x20\x3c\x70\x61\x74\x68\x20\x64\
\x3d\x22\x4d\x31\x35\x20\x31\x33\x48\x39\x22\x2f\x3e\x20\x3c\x2f\
\x73\x76\x67\x3e\
\x00\x00\x01\x65\
\x3c\
\x73\x76\x67\x20\x72\x6f\x6c\x65\x3d\x22\x69\x6d\x67\x22\x20\x78\
\x6d\x6c\x6e\x73\x3d\x22\x68\x74\x74\x70\x3a\x2f\x2f\x77\x77\x77\
\x2e\x77\x33\x2e\x6f\x72\x67\x2f\x32\x30\x30\x30\x2f\x73\x76\x67\
\x22\x20\x77\x69\x64\x74\x68\x3d\x22\x33\x32\x70\x78\x22\x20\x68\
\x65\x69\x67\x68\x74\x3d\x22\x33\x32\x70\x78\x22\x20\x76\x69\x65\
\x77\x42\x6f\x78\x3d\x22\x30\x20\x30\x20\x32\x34\x20\x32\x34\x22\
\x20\x61\x72\x69\x61\x2d\x6c\x61\x62\x65\x6c\x6c\x65\x64\x62\x79\
\x3d\x22\x69\x6e\x62\x6f\x78\x49\x63\x6f\x6e\x54\x69\x74\x6c\x65\
\x22\x20\x73\x74\x72\x6f\x6b\x65\x3d\x22\x23\x30\x30\x30\x22\x20\
\x73\x74\x72\x6f\x6b\x65\x2d\x77\x69\x64\x74\x68\x3d\x22\x31\x2e\
\x35\x22\x20\x73\x74\x72\x6f\x6b\x65\x2d\x6c\x69\x6e\x65\x63\x61\
\x70\x3d\x22\x73\x71\x75\x61\x72\x65\x22\x20\x73\x74\x72\x6f\x6b\
\x65\x2d\x6c\x69\x6e\x65\x6a\x6f\x69\x6e\x3d\x22\x6d\x69\x74\x65\
\x72\x22\x20\x66\x69\x6c\x6c\x3d\x22\x6e\x6f\x6e\x65\x22\x20\x63\
\x6f\x6c\x6f\x72\x3d\x22\x23\x30\x30\x30\x22\x3e\x20\x3c\x74\x69\
\x74\x6c\x65\x20\x69\x64\x3d\x22\x69\x6e\x62\x6f\x78\x49\x63\x6f\
\x6e\x54\x69\x74\x6c\x65\x22\x3e\x49\x6e\x62\x6f\x78\x3c\x2f\x74\
\x69\x74\x6c\x65\x3e\x20\x3c\x70\x61\x74\x68\x20\x64\x3d\x22\x4d\
\x33\x20\x31\x30\x48\x39\x56\x31\x33\x48\x31\x35\x56\x31\x30\x48\
\x32\x31\x22\x2f\x3e\x20\x3c\x70\x61\x74\x68\x20\x64\x3d\x22\x4d\
\x33\x20\x31\x30\x4c\x36\x20\x34\x48\x31\x38\x4c\x32\x31\x20\x31\
\x30\x56\x32\x30\x48\x33\x56\x31\x30\x5a\x22\x2f\x3e\x20\x3c\x2f\
\x73\x76\x67\x3e\
\x00\x00\x01\x40\
\x3c\
\x73\x76\x67\x20\x72\x6f\x6c\x65\x3d\x22\x69\x6d\x67\x22\x20\x78\
\x6d\x6c\x6e\x73\x3d\x22\x68\x74\x74\x70\x3a\x2f\x2f\x77\x77\x77\
\x2e\x77\x33\x2e\x6f\x72\x67\x2f\x32\x30\x30\x30\x2f\x73\x76\x67\
\x22\x20\x77\x69\x64\x74\x68\x3d\x22\x33\x32\x70\x78\x22\x20\x68\
\x65\x69\x67\x68\x74\x3d\x22\x33\x32\x70\x78\x22\x20\x76\x69\x65\
\x77\x42\x6f\x78\x3d\x22\x30\x20\x30\x20\x32\x34\x20\x32\x34\x22\
\x20\x61\x72\x69\x61\x2d\x6c\x61\x62\x65\x6c\x6c\x65\x64\x62\x79\
\x3d\x22\x63\x69\x72\x63\x6c\x65\x49\x63\x6f\x6e\x54\x69\x74\x6c\
\x65\x22\x20\x73\x74\x72\x6f\x6b\x65\x3d\x22\x23\x30\x30\x30\x22\
\x20\x73\x74\x72\x6f\x6b\x65\x2d\x77\x69\x64\x74\x68\x3d\x22\x31\
\x2e\x35\x22\x20\x73\x74\x72\x6f\x6b\x65\x2d\x6c\x69\x6e\x65\x63\
\x61\x70\x3d\x22\x73\x71\x75\x61\x72\x65\x22\x20\x73\x74\x72\x6f\
\x6b\x65\x2d\x6c\x69\x6e\x65\x6a\x6f\x69\x6e\x3d\x22\x6d\x69\x74\
\x65\x72\x22\x20\x66\x69\x6c\x6c\x3d\x22\x6e\x6f\x6e\x65\x22\x20\
\x63\x6f\x6c\x6f\x72\x3d\x22\x23\x30\x30\x30\x22\x3e\x20\x3c\x74\
\x69\x74\x6c\x65\x20\x69\x64\x3d\x22\x63\x69\x72\x63\x6c\x65\x49\
\x63\x6f\x6e\x54\x69\x74\x6c\x65\x22\x3e\x43\x69\x72\x63\x6c\x65\
\x3c\x2f\x74\x69\x74\x6c\x65\x3e\x20\x3c\x63\x69\x72\x63\x6c\x65\
\x20\x63\x78\x3d\x22\x31\x32\x22\x20\x63\x79\x3d\x22\x31\x32\x22\
\x20\x72\x3d\x22\x38\x22\x2f\x3e\x20\x3c\x2f\x73\x76\x67\x3e\
\x00\x00\x01\xa5\
\x3c\
\x73\x76\x67\x20\x72\x6f\x6c\x65\x3d\x22\x69\x6d\x67\x22\x20\x78\
\x6d\x6c\x6e\x73\x3d\x22\x68\x74\x74\x70\x3a\x2f\x2f\x77\x77\x77\
\x2e\x77\x33\x2e\x6f\x72\x67\x2f\x32\x30\x30\x30\x2f\x73\x76\x67\
\x22\x20\x77\x69\x64\x74\x68\x3d\x22\x33\x32\x70\x78\x22\x20\x68\
\x65\x69\x67\x68\x74\x3d\x22\x33\x32\x70\x78\x22\x20\x76\x69\x65\
\x77\x42\x6f\x78\x3d\x22\x30\x20\x30\x20\x32\x34\x20\x32\x34\x22\
\x20\x61\x72\x69\x61\x2d\x6c\x61\x62\x65\x6c\x6c\x65\x64\x62\x79\
\x3d\x22\x70\x72\x69\x6e\x74\x49\x63\x6f\x6e\x54\x69\x74\x6c\x65\
\x22\x20\x73\x74\x72\x6f\x6b\x65\x3d\x22\x23\x30\x30\x30\x22\x20\
\x73\x74\x72\x6f\x6b\x65\x2d\x77\x69\x64\x74\x68\x3d\x22\x31\x2e\
\x35\x22\x20\x73\x74\x72\x6f\x6b\x65\x2d\x6c\x69\x6e\x65\x63\x61\
\x70\x3d\x22\x73\x71\x75\x61\x72\x65\x22\x20\x73\x74\x72\x6f\x6b\
\x65\x2d\x6c\x69\x6e\x65\x6a\x6f\x69\x6e\x3d\x22\x6d\x69\x74\x65\
\x72\x22\x20\x66\x69\x6c\x6c\x3d\x22\x6e\x6f\x6e\x65\x22\x20\x63\
\x6f\x6c\x6f\x72\x3d\x22\x23\x30\x30\x30\x22\x3e\x20\x3c\x74\x69\
\x74\x6c\x65\x20\x69\x64\x3d\x22\x70\x72\x69\x6e\x74\x49\x63\x6f\
\x6e\x54\x69\x74\x6c\x65\x22\x3e\x70\x72\x69\x6e\x74\x3c\x2f\x74\
\x69\x74\x6c\x65\x3e\x20\x3c\x70\x6f\x6c\x79\x67\x6f\x6e\x20\x70\
\x6f\x69\x6e\x74\x73\x3d\x22\x31\x37\x20\x31\x34\x20\x31\x37\x20\
\x32\x31\x20\x37\x20\x32\x31\x20\x37\x20\x31\x34\x22\x2f\x3e\x20\
\x3c\x70\x6f\x6c\x79\x67\x6f\x6e\x20\x70\x6f\x69\x6e\x74\x73\x3d\
\x22\x31\x37\x20\x33\x20\x31\x37\x20\x39\x20\x37\x20\x39\x20\x37\
\x20\x33\x22\x2f\x3e\x20\x3c\x70\x6f\x6c\x79\x6c\x69\x6e\x65\x20\
\x70\x6f\x69\x6e\x74\x73\x3d\x22\x37\x20\x31\x38\x20\x33\x20\x31\
\x38\x20\x33\x20\x39\x20\x33\x20\x39\x20\x32\x31\x20\x39\x20\x32\
\x31\x20\x31\x38\x20\x31\x37\x20\x31\x38\x22\x2f\x3e\x20\x3c\x2f\
\x73\x76\x67\x3e\
\x00\x00\x01\x58\
\x3c\
\x73\x76\x67\x20\x72\x6f\x6c\x65\x3d\x22\x69\x6d\x67\x22\x20\x78\
\x6d\x6c\x6e\x73\x3d\x22\x68\x74\x74\x70\x3a\x2f\x2f\x77\x77\x77\
\x2e\x77\x33\x2e\x6f\x72\x67\x2f\x32\x30\x30\x30\x2f\x73\x76\x67\
\x22\x20\x77\x69\x64\x74\x68\x3d\x22\x33\x32\x70\x78\x22\x20\x68\
\x65\x69\x67\x68\x74\x3d\x22\x33\x32\x70\x78\x22\x20\x76\x69\x65\
\x77\x42\x6f\x78\x3d\x22\x30\x20\x30\x20\x32\x34\x20\x32\x34\x22\
\x20\x61\x72\x69\x61\x2d\x6c\x61\x62\x65\x6c\x6c\x65\x64\x62\x79\
\x3d\x22\x62\x61\x74\x74\x65\x72\x79\x41\x6c\x74\x49\x63\x6f\x6e\
\x54\x69\x74\x6c\x65\x22\x20\x73\x74\x72\x6f\x6b\x65\x3d\x22\x23\
\x30\x30\x30\x22\x20\x73\x74\x72\x6f\x6b\x65\x2d\x77\x69\x64\x74\
\x68\x3d\x22\x31\x2e\x35\x22\x20\x73\x74\x72\x6f\x6b\x65\x2d\x6c\
\x69\x6e\x65\x63\x61\x70\x3d\x22\x73\x71\x75\x61\x72\x65\x22\x20\
\x73\x74\x72\x6f\x6b\x65\x2d\x6c\x69\x6e\x65\x6a\x6f\x69\x6e\x3d\
\x22\x6d\x69\x74\x65\x72\x22\x20\x66\x69\x6c\x6c\x3d\x22\x6e\x6f\
\x6e\x65\x22\x20\x63\x6f\x6c\x6f\x72\x3d\x22\x23\x30\x30\x30\x22\
\x3e\x20\x3c\x74\x69\x74\x6c\x65\x20\x69\x64\x3d\x22\x62\x61\x74\
\x74\x65\x72\x79\x41\x6c\x74\x49\x63\x6f\x6e\x54\x69\x74\x6c\x65\
\x22\x3e\x42\x61\x74\x74\x65\x72\x79\x3c\x2f\x74\x69\x74\x6c\x65\
\x3e\x20\x3c\x70\x61\x74\x68\x20\x64\x3d\x22\x4d\x31\x34\x20\x33\
\x68\x2d\x34\x22\x2f\x3e\x20\x3c\x70\x61\x74\x68\x20\x64\x3d\x22\
\x4d\x36\x20\x34\x76\x31\x37\x68\x31\x32\x56\x34\x7a\x22\x2f\x3e\
\x20\x3c\x2f\x73\x76\x67\x3e\
\x00\x00\x01\x96\
\x3c\
\x73\x76\x67\x20\x72\x6f\x6c\x65\x3d\x22\x69\x6d\x67\x22\x20\x78\
\x6d\x6c\x6e\x73\x3d\x22\x68\x74\x74\x70\x3a\x2f\x2f\x77\x77\x77\
\x2e\x77\x33\x2e\x6f\x72\x67\x2f\x32\x30\x30\x30\x2f\x73\x76\x67\
\x22\x20\x77\x69\x64\x74\x68\x3d\x22\x33\x32\x70\x78\x22\x20\x68\
\x65\x69\x67\x68\x74\x3d\x22\x33\x32\x70\x78\x22\x20\x76\x69\x65\
\x77\x42\x6f\x78\x3d\x22\x30\x20\x30\x20\x32\x34\x20\x32\x34\x22\
\x20\x61\x72\x69\x61\x2d\x6c\x61\x62\x65\x6c\x6c\x65\x64\x62\x79\
\x3d\x22\x6d\x75\x74\x65\x49\x63\x6f\x6e\x54\x69\x74\x6c\x65\x22\
\x20\x73\x74\x72\x6f\x6b\x65\x3d\x22\x23\x30\x30\x30\x22\x20\x73\
\x74\x72\x6f\x6b\x65\x2d\x77\x69\x64\x74\x68\x3d\x22\x31\x2e\x35\
\x22\x20\x73\x74\x72\x6f\x6b\x65\x2d\x6c\x69\x6e\x65\x63\x61\x70\
\x3d\x22\x73\x71\x75\x61\x72\x65\x22\x20\x73\x74\x72\x6f\x6b\x65\
\x2d\x6c\x69\x6e\x65\x6a\x6f\x69\x6e\x3d\x22\x6d\x69\x74\x65\x72\
\x22\x20\x66\x69\x6c\x6c\x3d\x22\x6e\x6f\x6e\x65\x22\x20\x63\x6f\
\x6c\x6f\x72\x3d\x22\x23\x30\x30\x30\x22\x3e\x20\x3c\x74\x69\x74\
\x6c\x65\x20\x69\x64\x3d\x22\x49\x63\x6f\x6e\x54\x69\x74\x6c\x65\
\x22\x3e\x4d\x75\x74\x65\x3c\x2f\x74\x69\x74\x6c\x65\x3e\x20\x3c\
\x70\x61\x74\x68\x20\x64\x3d\x22\x4d\x31\x38\x20\x31\x30\x4c\x32\
\x32\x20\x31\x34\x4d\x31\x38\x20\x31\x34\x4c\x32\x32\x20\x31\x30\
\x22\x2f\x3e\x20\x3c\x70\x61\x74\x68\x20\x64\x3d\x22\x4d\x31\x33\
\x20\x35\x76\x31\x34\x6c\x2d\x35\x2d\x34\x48\x33\x56\x39\x68\x35\
\x7a\x22\x2f\x3e\x20\x3c\x70\x61\x74\x68\x20\x73\x74\x72\x6f\x6b\
\x65\x2d\x6c\x69\x6e\x65\x63\x61\x70\x3d\x22\x72\x6f\x75\x6e\x64\
\x22\x20\x64\x3d\x22\x4d\x31\x33\x20\x31\x34\x63\x31\x2e\x35\x2d\
\x31\x20\x31\x2e\x35\x2d\x33\x20\x30\x2d\x34\x22\x2f\x3e\x20\x3c\
\x2f\x73\x76\x67\x3e\
\x00\x00\x01\x4e\
\x3c\
\x73\x76\x67\x20\x72\x6f\x6c\x65\x3d\x22\x69\x6d\x67\x22\x20\x78\
\x6d\x6c\x6e\x73\x3d\x22\x68\x74\x74\x70\x3a\x2f\x2f\x77\x77\x77\
\x2e\x77\x33\x2e\x6f\x72\x67\x2f\x32\x30\x30\x30\x2f\x73\x76\x67\
\x22\x20\x77\x69\x64\x74\x68\x3d\x22\x33\x32\x70\x78\x22\x20\x68\
\x65\x69\x67\x68\x74\x3d\x22\x33\x32\x70\x78\x22\x20\x76\x69\x65\
\x77\x42\x6f\x78\x3d\x22\x30\x20\x30\x20\x32\x34\x20\x32\x34\x22\
\x20\x61\x72\x69\x61\x2d\x6c\x61\x62\x65\x6c\x6c\x65\x64\x62\x79\
\x3d\x22\x63\x75\x72\x73\x6f\x72\x49\x63\x6f\x6e\x54\x69\x74\x6c\
\x65\x22\x20\x73\x74\x72\x6f\x6b\x65\x3d\x22\x23\x30\x30\x30\x22\
\x20\x73\x74\x72\x6f\x6b\x65\x2d\x77\x69\x64\x74\x68\x3d\x22\x31\
\x2e\x35\x22\x20\x73\x74\x72\x6f\x6b\x65\x2d\x6c\x69\x6e\x65\x63\
\x61\x70\x3d\x22\x73\x71\x75\x61\x72\x65\x22\x20\x73\x74\x72\x6f\
\x6b\x65\x2d\x6c\x69\x6e\x65\x6a\x6f\x69\x6e\x3d\x22\x6d\x69\x74\
\x65\x72\x22\x20\x66\x69\x6c\x6c\x3d\x22\x6e\x6f\x6e\x65\x22\x20\
\x63\x6f\x6c\x6f\x72\x3d\x22\x23\x30\x30\x30\x22\x3e\x20\x3c\x74\
\x69\x74\x6c\x65\x20\x69\x64\x3d\x22\x63\x75\x72\x73\x6f\x72\x49\
\x63\x6f\x6e\x54\x69\x74\x6c\x65\x22\x3e\x43\x75\x72\x73\x6f\x72\
\x3c\x2f\x74\x69\x74\x6c\x65\x3e\x20\x3c\x70\x6f\x6c\x79\x67\x6f\
\x6e\x20\x70\x6f\x69\x6e\x74\x73\x3d\x22\x37\x20\x32\x30\x20\x37\
\x20\x34\x20\x31\x39\x20\x31\x36\x20\x31\x32\x20\x31\x36\x20\x37\
\x20\x32\x31\x22\x2f\x3e\x20\x3c\x2f\x73\x76\x67\x3e\
\x00\x00\x02\x6a\
\x3c\
\x73\x76\x67\x20\x72\x6f\x6c\x65\x3d\x22\x69\x6d\x67\x22\x20\x78\
\x6d\x6c\x6e\x73\x3d\x22\x68\x74\x74\x70\x3a\x2f\x2f\x77\x77\x77\
\x2e\x77\x33\x2e\x6f\x72\x67\x2f\x32\x30\x30\x30\x2f\x73\x76\x67\
\x22\x20\x77\x69\x64\x74\x68\x3d\x22\x33\x32\x70\x78\x22\x20\x68\
\x65\x69\x67\x68\x74\x3d\x22\x33\x32\x70\x78\x22\x20\x76\x69\x65\
\x77\x42\x6f\x78\x3d\x22\x30\x20\x30\x20\x32\x34\x20\x32\x34\x22\
\x20\x61\x72\x69\x61\x2d\x6c\x61\x62\x65\x6c\x6c\x65\x64\x62\x79\
\x3d\x22\x68\x65\x6c\x70\x49\x63\x6f\x6e\x54\x69\x74\x6c\x65\x22\
\x20\x73\x74\x72\x6f\x6b\x65\x3d\x22\x23\x30\x30\x30\x22\x20\x73\
\x74\x72\x6f\x6b\x65\x2d\x77\x69\x64\x74\x68\x3d\x22\x31\x2e\x35\
\x22\x20\x73\x74\x72\x6f\x6b\x65\x2d\x6c\x69\x6e\x65\x63\x61\x70\
\x3d\x22\x73\x71\x75\x61\x72\x65\x22\x20\x73\x74\x72\x6f\x6b\x65\
\x2d\x6c\x69\x6e\x65\x6a\x6f\x69\x6e\x3d\x22\x6d\x69\x74\x65\x72\
\x22\x20\x66\x69\x6c\x6c\x3d\x22\x6e\x6f\x6e\x65\x22\x20\x63\x6f\
\x6c\x6f\x72\x3d\x22\x23\x30\x30\x30\x22\x3e\x20\x3c\x74\x69\x74\
\x6c\x65\x20\x69\x64\x3d\x22\x68\x65\x6c\x70\x49\x63\x6f\x6e\x54\
\x69\x74\x6c\x65\x22\x3e\x48\x65\x6c\x70\x3c\x2f\x74\x69\x74\x6c\
\x65\x3e\x20\x3c\x70\x61\x74\x68\x20\x64\x3d\x22\x4d\x31\x32\x20\
\x31\x34\x43\x31\x32\x20\x31\x32\x20\x31\x33\x2e\x35\x37\x36\x30\
\x30\x32\x20\x31\x31\x2e\x36\x36\x35\x32\x39\x38\x33\x20\x31\x34\
\x2e\x31\x31\x38\x36\x38\x35\x38\x20\x31\x31\x2e\x31\x32\x33\x39\
\x35\x31\x36\x20\x31\x34\x2e\x36\x36\x33\x31\x32\x37\x20\x31\x30\
\x2e\x35\x38\x30\x38\x35\x31\x38\x20\x31\x35\x20\x39\x2e\x38\x32\
\x39\x37\x36\x36\x33\x35\x20\x31\x35\x20\x39\x20\x31\x35\x20\x37\
\x2e\x33\x34\x33\x31\x34\x35\x37\x35\x20\x31\x33\x2e\x36\x35\x36\
\x38\x35\x34\x32\x20\x36\x20\x31\x32\x20\x36\x20\x31\x31\x2e\x31\
\x30\x34\x30\x38\x33\x34\x20\x36\x20\x31\x30\x2e\x32\x39\x39\x38\
\x39\x32\x39\x20\x36\x2e\x33\x39\x32\x37\x32\x36\x30\x34\x20\x39\
\x2e\x37\x35\x30\x31\x38\x39\x31\x39\x20\x37\x2e\x30\x31\x35\x34\
\x31\x37\x33\x37\x20\x39\x2e\x34\x39\x36\x30\x31\x31\x30\x39\x20\
\x37\x2e\x33\x30\x33\x33\x34\x34\x33\x31\x20\x39\x2e\x32\x39\x36\
\x32\x34\x33\x36\x39\x20\x37\x2e\x36\x34\x30\x34\x33\x39\x31\x32\
\x20\x39\x2e\x31\x36\x36\x39\x37\x37\x38\x31\x20\x38\x2e\x30\x31\
\x30\x36\x31\x30\x39\x35\x22\x2f\x3e\x20\x3c\x6c\x69\x6e\x65\x20\
\x78\x31\x3d\x22\x31\x32\x22\x20\x79\x31\x3d\x22\x31\x37\x22\x20\
\x78\x32\x3d\x22\x31\x32\x22\x20\x79\x32\x3d\x22\x31\x37\x22\x2f\
\x3e\x20\x3c\x63\x69\x72\x63\x6c\x65\x20\x63\x78\x3d\x22\x31\x32\
\x22\x20\x63\x79\x3d\x22\x31\x32\x22\x20\x72\x3d\x22\x31\x30\x22\
\x2f\x3e\x20\x3c\x2f\x73\x76\x67\x3e\
\x00\x00\x01\x5a\
\x3c\
\x73\x76\x67\x20\x72\x6f\x6c\x65\x3d\x22\x69\x6d\x67\x22\x20\x78\
\x6d\x6c\x6e\x73\x3d\x22\x68\x74\x74\x70\x3a\x2f\x2f\x77\x77\x77\
\x2e\x77\x33\x2e\x6f\x72\x67\x2f\x32\x30\x30\x30\x2f\x73\x76\x67\
\x22\x20\x77\x69\x64\x74\x68\x3d\x22\x33\x32\x70\x78\x22\x20\x68\
\x65\x69\x67\x68\x74\x3d\x22\x33\x32\x70\x78\x22\x20\x76\x69\x65\
\x77\x42\x6f\x78\x3d\x22\x30\x20\x30\x20\x32\x34\x20\x32\x34\x22\
\x20\x61\x72\x69\x61\x2d\x6c\x61\x62\x65\x6c\x6c\x65\x64\x62\x79\
\x3d\x22\x72\x65\x6d\x6f\x76\x65\x49\x63\x6f\x6e\x54\x69\x74\x6c\
\x65\x22\x20\x73\x74\x72\x6f\x6b\x65\x3d\x22\x23\x30\x30\x30\x22\
\x20\x73\x74\x72\x6f\x6b\x65\x2d\x77\x69\x64\x74\x68\x3d\x22\x31\
\x2e\x35\x22\x20\x73\x74\x72\x6f\x6b\x65\x2d\x6c\x69\x6e\x65\x63\
\x61\x70\x3d\x22\x73\x71\x75\x61\x72\x65\x22\x20\x73\x74\x72\x6f\
\x6b\x65\x2d\x6c\x69\x6e\x65\x6a\x6f\x69\x6e\x3d\x22\x6d\x69\x74\
\x65\x72\x22\x20\x66\x69\x6c\x6c\x3d\x22\x6e\x6f\x6e\x65\x22\x20\
\x63\x6f\x6c\x6f\x72\x3d\x22\x23\x30\x30\x30\x22\x3e\x20\x3c\x74\
\x69\x74\x6c\x65\x20\x69\x64\x3d\x22\x72\x65\x6d\x6f\x76\x65\x49\
\x63\x6f\x6e\x54\x69\x74\x6c\x65\x22\x3e\x52\x65\x6d\x6f\x76\x65\
\x3c\x2f\x74\x69\x74\x6c\x65\x3e\x20\x3c\x70\x61\x74\x68\x20\x64\
\x3d\x22\x4d\x31\x37\x2c\x31\x32\x20\x4c\x37\x2c\x31\x32\x22\x2f\
\x3e\x20\x3c\x63\x69\x72\x63\x6c\x65\x20\x63\x78\x3d\x22\x31\x32\
\x22\x20\x63\x79\x3d\x22\x31\x32\x22\x20\x72\x3d\x22\x31\x30\x22\
\x2f\x3e\x20\x3c\x2f\x73\x76\x67\x3e\
\x00\x00\x01\x3f\
\x3c\
\x73\x76\x67\x20\x72\x6f\x6c\x65\x3d\x22\x69\x6d\x67\x22\x20\x78\
\x6d\x6c\x6e\x73\x3d\x22\x68\x74\x74\x70\x3a\x2f\x2f\x77\x77\x77\
\x2e\x77\x33\x2e\x6f\x72\x67\x2f\x32\x30\x30\x30\x2f\x73\x76\x67\
\x22\x20\x77\x69\x64\x74\x68\x3d\x22\x33\x32\x70\x78\x22\x20\x68\
\x65\x69\x67\x68\x74\x3d\x22\x33\x32\x70\x78\x22\x20\x76\x69\x65\
\x77\x42\x6f\x78\x3d\x22\x30\x20\x30\x20\x32\x34\x20\x32\x34\x22\
\x20\x61\x72\x69\x61\x2d\x6c\x61\x62\x65\x6c\x6c\x65\x64\x62\x79\
\x3d\x22\x62\x6f\x6c\x74\x49\x63\x6f\x6e\x54\x69\x74\x6c\x65\x22\
\x20\x73\x74\x72\x6f\x6b\x65\x3d\x22\x23\x30\x30\x30\x22\x20\x73\
\x74\x72\x6f\x6b\x65\x2d\x77\x69\x64\x74\x68\x3d\x22\x31\x2e\x35\
\x22\x20\x73\x74\x72\x6f\x6b\x65\x2d\x6c\x69\x6e\x65\x63\x61\x70\
\x3d\x22\x73\x71\x75\x61\x72\x65\x22\x20\x73\x74\x72\x6f\x6b\x65\
\x2d\x6c\x69\x6e\x65\x6a\x6f\x69\x6e\x3d\x22\x6d\x69\x74\x65\x72\
\x22\x20\x66\x69\x6c\x6c\x3d\x22\x6e\x6f\x6e\x65\x22\x20\x63\x6f\
\x6c\x6f\x72\x3d\x22\x23\x30\x30\x30\x22\x3e\x20\x3c\x74\x69\x74\
\x6c\x65\x20\x69\x64\x3d\x22\x62\x6f\x6c\x74\x49\x63\x6f\x6e\x54\
\x69\x74\x6c\x65\x22\x3e\x42\x6f\x6c\x74\x3c\x2f\x74\x69\x74\x6c\
\x65\x3e\x20\x3c\x70\x61\x74\x68\x20\x64\x3d\x22\x4d\x35\x20\x31\
\x34\x6c\x38\x2d\x31\x31\x76\x37\x68\x35\x6c\x2d\x38\x20\x31\x31\
\x76\x2d\x37\x7a\x22\x2f\x3e\x20\x3c\x2f\x73\x76\x67\x3e\
\x00\x00\x02\x12\
\x3c\
\x73\x76\x67\x20\x77\x69\x64\x74\x68\x3d\x22\x33\x32\x70\x78\x22\
\x20\x68\x65\x69\x67\x68\x74\x3d\x22\x33\x32\x70\x78\x22\x20\x76\
\x69\x65\x77\x42\x6f\x78\x3d\x22\x30\x20\x30\x20\x32\x34\x20\x32\
\x34\x22\x20\x78\x6d\x6c\x6e\x73\x3d\x22\x68\x74\x74\x70\x3a\x2f\
\x2f\x77\x77\x77\x2e\x77\x33\x2e\x6f\x72\x67\x2f\x32\x30\x30\x30\
\x2f\x73\x76\x67\x22\x20\x61\x72\x69\x61\x2d\x6c\x61\x62\x65\x6c\
\x6c\x65\x64\x62\x79\x3d\x22\x6d\x61\x73\x6b\x49\x63\x6f\x6e\x54\
\x69\x74\x6c\x65\x22\x20\x73\x74\x72\x6f\x6b\x65\x3d\x22\x23\x30\
\x30\x30\x22\x20\x73\x74\x72\x6f\x6b\x65\x2d\x77\x69\x64\x74\x68\
\x3d\x22\x31\x2e\x35\x22\x20\x73\x74\x72\x6f\x6b\x65\x2d\x6c\x69\
\x6e\x65\x63\x61\x70\x3d\x22\x73\x71\x75\x61\x72\x65\x22\x20\x73\
\x74\x72\x6f\x6b\x65\x2d\x6c\x69\x6e\x65\x6a\x6f\x69\x6e\x3d\x22\
\x6d\x69\x74\x65\x72\x22\x20\x66\x69\x6c\x6c\x3d\x22\x6e\x6f\x6e\
\x65\x22\x20\x63\x6f\x6c\x6f\x72\x3d\x22\x23\x30\x30\x30\x22\x3e\
\x20\x3c\x74\x69\x74\x6c\x65\x20\x69\x64\x3d\x22\x6d\x61\x73\x6b\
\x49\x63\x6f\x6e\x54\x69\x74\x6c\x65\x22\x3e\x4d\x61\x73\x6b\x3c\
\x2f\x74\x69\x74\x6c\x65\x3e\x20\x3c\x70\x61\x74\x68\x20\x66\x69\
\x6c\x6c\x2d\x72\x75\x6c\x65\x3d\x22\x65\x76\x65\x6e\x6f\x64\x64\
\x22\x20\x63\x6c\x69\x70\x2d\x72\x75\x6c\x65\x3d\x22\x65\x76\x65\
\x6e\x6f\x64\x64\x22\x20\x64\x3d\x22\x4d\x31\x32\x20\x32\x32\x43\
\x31\x37\x2e\x35\x32\x32\x38\x20\x32\x32\x20\x32\x32\x20\x31\x37\
\x2e\x35\x32\x32\x38\x20\x32\x32\x20\x31\x32\x43\x32\x32\x20\x36\
\x2e\x34\x37\x37\x31\x35\x20\x31\x37\x2e\x35\x32\x32\x38\x20\x32\
\x20\x31\x32\x20\x32\x43\x36\x2e\x34\x37\x37\x31\x35\x20\x32\x20\
\x32\x20\x36\x2e\x34\x37\x37\x31\x35\x20\x32\x20\x31\x32\x43\x32\
\x20\x31\x37\x2e\x35\x32\x32\x38\x20\x36\x2e\x34\x37\x37\x31\x35\
\x20\x32\x32\x20\x31\x32\x20\x32\x32\x5a\x22\x2f\x3e\x20\x3c\x70\
\x61\x74\x68\x20\x64\x3d\x22\x4d\x38\x20\x32\x2e\x38\x33\x32\x30\
\x39\x43\x31\x31\x2e\x35\x33\x31\x38\x20\x34\x2e\x33\x37\x35\x32\
\x31\x20\x31\x34\x20\x37\x2e\x38\x39\x39\x33\x37\x20\x31\x34\x20\
\x31\x32\x43\x31\x34\x20\x31\x36\x2e\x31\x30\x30\x36\x20\x31\x31\
\x2e\x35\x33\x31\x38\x20\x31\x39\x2e\x36\x32\x34\x38\x20\x38\x20\
\x32\x31\x2e\x31\x36\x37\x39\x22\x2f\x3e\x20\x3c\x2f\x73\x76\x67\
\x3e\
\x00\x00\x01\x7e\
\x3c\
\x73\x76\x67\x20\x72\x6f\x6c\x65\x3d\x22\x69\x6d\x67\x22\x20\x78\
\x6d\x6c\x6e\x73\x3d\x22\x68\x74\x74\x70\x3a\x2f\x2f\x77\x77\x77\
\x2e\x77\x33\x2e\x6f\x72\x67\x2f\x32\x30\x30\x30\x2f\x73\x76\x67\
\x22\x20\x77\x69\x64\x74\x68\x3d\x22\x33\x32\x70\x78\x22\x20\x68\
\x65\x69\x67\x68\x74\x3d\x22\x33\x32\x70\x78\x22\x20\x76\x69\x65\
\x77\x42\x6f\x78\x3d\x22\x30\x20\x30\x20\x32\x34\x20\x32\x34\x22\
\x20\x61\x72\x69\x61\x2d\x6c\x61\x62\x65\x6c\x6c\x65\x64\x62\x79\
\x3d\x22\x64\x6f\x77\x6e\x6c\x6f\x61\x64\x49\x63\x6f\x6e\x54\x69\
\x74\x6c\x65\x22\x20\x73\x74\x72\x6f\x6b\x65\x3d\x22\x23\x30\x30\
\x30\x22\x20\x73\x74\x72\x6f\x6b\x65\x2d\x77\x69\x64\x74\x68\x3d\
\x22\x31\x2e\x35\x22\x20\x73\x74\x72\x6f\x6b\x65\x2d\x6c\x69\x6e\
\x65\x63\x61\x70\x3d\x22\x73\x71\x75\x61\x72\x65\x22\x20\x73\x74\
\x72\x6f\x6b\x65\x2d\x6c\x69\x6e\x65\x6a\x6f\x69\x6e\x3d\x22\x6d\
\x69\x74\x65\x72\x22\x20\x66\x69\x6c\x6c\x3d\x22\x6e\x6f\x6e\x65\
\x22\x20\x63\x6f\x6c\x6f\x72\x3d\x22\x23\x30\x30\x30\x22\x3e\x20\
\x3c\x74\x69\x74\x6c\x65\x20\x69\x64\x3d\x22\x64\x6f\x77\x6e\x6c\
\x6f\x61\x64\x49\x63\x6f\x6e\x54\x69\x74\x6c\x65\x22\x3e\x44\x6f\
\x77\x6e\x6c\x6f\x61\x64\x3c\x2f\x74\x69\x74\x6c\x65\x3e\x20\x3c\
\x70\x61\x74\x68\x20\x64\x3d\x22\x4d\x31\x32\x2c\x33\x20\x4c\x31\
\x32\x2c\x31\x36\x22\x2f\x3e\x20\x3c\x70\x6f\x6c\x79\x6c\x69\x6e\
\x65\x20\x70\x6f\x69\x6e\x74\x73\x3d\x22\x37\x20\x31\x32\x20\x31\
\x32\x20\x31\x37\x20\x31\x37\x20\x31\x32\x22\x2f\x3e\x20\x3c\x70\
\x61\x74\x68\x20\x64\x3d\x22\x4d\x32\x30\x2c\x32\x31\x20\x4c\x34\
\x2c\x32\x31\x22\x2f\x3e\x20\x3c\x2f\x73\x76\x67\x3e\
\x00\x00\x01\x70\
\x3c\
\x73\x76\x67\x20\x77\x69\x64\x74\x68\x3d\x22\x33\x32\x70\x78\x22\
\x20\x68\x65\x69\x67\x68\x74\x3d\x22\x33\x32\x70\x78\x22\x20\x76\
\x69\x65\x77\x42\x6f\x78\x3d\x22\x30\x20\x30\x20\x32\x34\x20\x32\
\x34\x22\x20\x66\x69\x6c\x6c\x3d\x22\x6e\x6f\x6e\x65\x22\x20\x78\
\x6d\x6c\x6e\x73\x3d\x22\x68\x74\x74\x70\x3a\x2f\x2f\x77\x77\x77\
\x2e\x77\x33\x2e\x6f\x72\x67\x2f\x32\x30\x30\x30\x2f\x73\x76\x67\
\x22\x20\x61\x72\x69\x61\x2d\x6c\x61\x62\x65\x6c\x6c\x65\x64\x62\
\x79\x3d\x22\x70\x6f\x6c\x6c\x49\x63\x6f\x6e\x54\x69\x74\x6c\x65\
\x22\x20\x73\x74\x72\x6f\x6b\x65\x3d\x22\x23\x30\x30\x30\x22\x20\
\x73\x74\x72\x6f\x6b\x65\x2d\x77\x69\x64\x74\x68\x3d\x22\x31\x2e\
\x35\x22\x20\x73\x74\x72\x6f\x6b\x65\x2d\x6c\x69\x6e\x65\x63\x61\
\x70\x3d\x22\x73\x71\x75\x61\x72\x65\x22\x20\x73\x74\x72\x6f\x6b\
\x65\x2d\x6c\x69\x6e\x65\x6a\x6f\x69\x6e\x3d\x22\x6d\x69\x74\x65\
\x72\x22\x20\x63\x6f\x6c\x6f\x72\x3d\x22\x23\x30\x30\x30\x22\x3e\
\x20\x3c\x74\x69\x74\x6c\x65\x20\x69\x64\x3d\x22\x70\x6f\x6c\x6c\
\x49\x63\x6f\x6e\x54\x69\x74\x6c\x65\x22\x3e\x50\x6f\x6c\x6c\x3c\
\x2f\x74\x69\x74\x6c\x65\x3e\x20\x3c\x70\x61\x74\x68\x20\x64\x3d\
\x22\x4d\x34\x20\x34\x56\x32\x30\x22\x2f\x3e\x20\x3c\x70\x61\x74\
\x68\x20\x64\x3d\x22\x4d\x34\x20\x36\x48\x31\x35\x56\x31\x30\x48\
\x34\x22\x2f\x3e\x20\x3c\x70\x61\x74\x68\x20\x64\x3d\x22\x4d\x34\
\x20\x31\x30\x48\x31\x39\x56\x31\x34\x48\x34\x22\x2f\x3e\x20\x3c\
\x70\x61\x74\x68\x20\x64\x3d\x22\x4d\x34\x20\x31\x34\x48\x31\x32\
\x56\x31\x38\x48\x34\x22\x2f\x3e\x20\x3c\x2f\x73\x76\x67\x3e\
\x00\x00\x02\xb8\
\x3c\
\x73\x76\x67\x20\x72\x6f\x6c\x65\x3d\x22\x69\x6d\x67\x22\x20\x78\
\x6d\x6c\x6e\x73\x3d\x22\x68\x74\x74\x70\x3a\x2f\x2f\x77\x77\x77\
\x2e\x77\x33\x2e\x6f\x72\x67\x2f\x32\x30\x30\x30\x2f\x73\x76\x67\
\x22\x20\x77\x69\x64\x74\x68\x3d\x22\x33\x32\x70\x78\x22\x20\x68\
\x65\x69\x67\x68\x74\x3d\x22\x33\x32\x70\x78\x22\x20\x76\x69\x65\
\x77\x42\x6f\x78\x3d\x22\x30\x20\x30\x20\x32\x34\x20\x32\x34\x22\
\x20\x61\x72\x69\x61\x2d\x6c\x61\x62\x65\x6c\x6c\x65\x64\x62\x79\
\x3d\x22\x73\x75\x6e\x73\x65\x74\x49\x63\x6f\x6e\x54\x69\x74\x6c\
\x65\x22\x20\x73\x74\x72\x6f\x6b\x65\x3d\x22\x23\x30\x30\x30\x22\
\x20\x73\x74\x72\x6f\x6b\x65\x2d\x77\x69\x64\x74\x68\x3d\x22\x31\
\x2e\x35\x22\x20\x73\x74\x72\x6f\x6b\x65\x2d\x6c\x69\x6e\x65\x63\
\x61\x70\x3d\x22\x73\x71\x75\x61\x72\x65\x22\x20\x73\x74\x72\x6f\
\x6b\x65\x2d\x6c\x69\x6e\x65\x6a\x6f\x69\x6e\x3d\x22\x6d\x69\x74\
\x65\x72\x22\x20\x66\x69\x6c\x6c\x3d\x22\x6e\x6f\x6e\x65\x22\x20\
\x63\x6f\x6c\x6f\x72\x3d\x22\x23\x30\x30\x30\x22\x3e\x20\x3c\x74\
\x69\x74\x6c\x65\x20\x69\x64\x3d\x22\x73\x75\x6e\x73\x65\x74\x49\
\x63\x6f\x6e\x54\x69\x74\x6c\x65\x22\x3e\x53\x75\x6e\x73\x65\x74\
\x3c\x2f\x74\x69\x74\x6c\x65\x3e\x20\x3c\x70\x61\x74\x68\x20\x64\
\x3d\x22\x4d\x39\x2e\x33\x35\x34\x31\x37\x35\x36\x2c\x31\x37\x20\
\x43\x38\x2e\x35\x32\x33\x37\x35\x34\x38\x39\x2c\x31\x36\x2e\x32\
\x36\x37\x30\x35\x35\x35\x20\x38\x2c\x31\x35\x2e\x31\x39\x34\x36\
\x39\x32\x35\x20\x38\x2c\x31\x34\x20\x43\x38\x2c\x31\x31\x2e\x37\
\x39\x30\x38\x36\x31\x20\x39\x2e\x37\x39\x30\x38\x36\x31\x2c\x31\
\x30\x20\x31\x32\x2c\x31\x30\x20\x43\x31\x34\x2e\x32\x30\x39\x31\
\x33\x39\x2c\x31\x30\x20\x31\x36\x2c\x31\x31\x2e\x37\x39\x30\x38\
\x36\x31\x20\x31\x36\x2c\x31\x34\x20\x43\x31\x36\x2c\x31\x35\x2e\
\x31\x39\x34\x36\x39\x32\x35\x20\x31\x35\x2e\x34\x37\x36\x32\x34\
\x35\x31\x2c\x31\x36\x2e\x32\x36\x37\x30\x35\x35\x35\x20\x31\x34\
\x2e\x36\x34\x35\x38\x32\x34\x34\x2c\x31\x37\x20\x4c\x39\x2e\x33\
\x35\x34\x31\x37\x35\x36\x2c\x31\x37\x20\x5a\x22\x2f\x3e\x20\x3c\
\x70\x61\x74\x68\x20\x64\x3d\x22\x4d\x31\x32\x20\x37\x4c\x31\x32\
\x20\x35\x4d\x32\x32\x20\x31\x37\x4c\x32\x20\x31\x37\x20\x32\x32\
\x20\x31\x37\x7a\x4d\x35\x20\x31\x34\x4c\x32\x20\x31\x34\x20\x35\
\x20\x31\x34\x7a\x4d\x32\x32\x20\x31\x34\x4c\x31\x39\x20\x31\x34\
\x20\x32\x32\x20\x31\x34\x7a\x4d\x31\x36\x2e\x37\x30\x37\x31\x30\
\x36\x38\x20\x39\x2e\x38\x32\x38\x34\x32\x37\x31\x32\x4c\x31\x38\
\x2e\x38\x32\x38\x34\x32\x37\x31\x20\x37\x2e\x37\x30\x37\x31\x30\
\x36\x37\x38\x20\x31\x36\x2e\x37\x30\x37\x31\x30\x36\x38\x20\x39\
\x2e\x38\x32\x38\x34\x32\x37\x31\x32\x7a\x4d\x34\x2e\x37\x30\x37\
\x31\x30\x36\x37\x38\x20\x37\x2e\x37\x30\x37\x31\x30\x36\x37\x38\
\x4c\x36\x2e\x38\x32\x38\x34\x32\x37\x31\x32\x20\x39\x2e\x38\x32\
\x38\x34\x32\x37\x31\x32\x20\x34\x2e\x37\x30\x37\x31\x30\x36\x37\
\x38\x20\x37\x2e\x37\x30\x37\x31\x30\x36\x37\x38\x7a\x22\x2f\x3e\
\x20\x3c\x2f\x73\x76\x67\x3e\
\x00\x00\x01\x86\
\x3c\
\x73\x76\x67\x20\x72\x6f\x6c\x65\x3d\x22\x69\x6d\x67\x22\x20\x78\
\x6d\x6c\x6e\x73\x3d\x22\x68\x74\x74\x70\x3a\x2f\x2f\x77\x77\x77\
\x2e\x77\x33\x2e\x6f\x72\x67\x2f\x32\x30\x30\x30\x2f\x73\x76\x67\
\x22\x20\x77\x69\x64\x74\x68\x3d\x22\x33\x32\x70\x78\x22\x20\x68\
\x65\x69\x67\x68\x74\x3d\x22\x33\x32\x70\x78\x22\x20\x76\x69\x65\
\x77\x42\x6f\x78\x3d\x22\x30\x20\x30\x20\x32\x34\x20\x32\x34\x22\
\x20\x61\x72\x69\x61\x2d\x6c\x61\x62\x65\x6c\x6c\x65\x64\x62\x79\
\x3d\x22\x61\x72\x72\x6f\x77\x44\x6f\x77\x6e\x49\x63\x6f\x6e\x54\
\x69\x74\x6c\x65\x22\x20\x73\x74\x72\x6f\x6b\x65\x3d\x22\x23\x30\
\x30\x30\x22\x20\x73\x74\x72\x6f\x6b\x65\x2d\x77\x69\x64\x74\x68\
\x3d\x22\x31\x2e\x35\x22\x20\x73\x74\x72\x6f\x6b\x65\x2d\x6c\x69\
\x6e\x65\x63\x61\x70\x3d\x22\x73\x71\x75\x61\x72\x65\x22\x20\x73\
\x74\x72\x6f\x6b\x65\x2d\x6c\x69\x6e\x65\x6a\x6f\x69\x6e\x3d\x22\
\x6d\x69\x74\x65\x72\x22\x20\x66\x69\x6c\x6c\x3d\x22\x6e\x6f\x6e\
\x65\x22\x20\x63\x6f\x6c\x6f\x72\x3d\x22\x23\x30\x30\x30\x22\x3e\
\x20\x3c\x74\x69\x74\x6c\x65\x20\x69\x64\x3d\x22\x61\x72\x72\x6f\
\x77\x44\x6f\x77\x6e\x49\x63\x6f\x6e\x54\x69\x74\x6c\x65\x22\x3e\
\x41\x72\x72\x6f\x77\x20\x44\x6f\x77\x6e\x3c\x2f\x74\x69\x74\x6c\
\x65\x3e\x20\x3c\x70\x61\x74\x68\x20\x64\x3d\x22\x4d\x36\x20\x31\
\x35\x6c\x36\x20\x36\x20\x36\x2d\x36\x22\x2f\x3e\x20\x3c\x70\x61\
\x74\x68\x20\x64\x3d\x22\x4d\x31\x32\x20\x33\x76\x31\x37\x22\x2f\
\x3e\x20\x3c\x70\x61\x74\x68\x20\x73\x74\x72\x6f\x6b\x65\x2d\x6c\
\x69\x6e\x65\x63\x61\x70\x3d\x22\x72\x6f\x75\x6e\x64\x22\x20\x64\
\x3d\x22\x4d\x31\x32\x20\x32\x31\x76\x2d\x31\x22\x2f\x3e\x20\x3c\
\x2f\x73\x76\x67\x3e\
\x00\x00\x01\xb2\
\x3c\
\x73\x76\x67\x20\x77\x69\x64\x74\x68\x3d\x22\x33\x32\x70\x78\x22\
\x20\x68\x65\x69\x67\x68\x74\x3d\x22\x33\x32\x70\x78\x22\x20\x76\
\x69\x65\x77\x42\x6f\x78\x3d\x22\x30\x20\x30\x20\x32\x34\x20\x32\
\x34\x22\x20\x66\x69\x6c\x6c\x3d\x22\x6e\x6f\x6e\x65\x22\x20\x78\
\x6d\x6c\x6e\x73\x3d\x22\x68\x74\x74\x70\x3a\x2f\x2f\x77\x77\x77\
\x2e\x77\x33\x2e\x6f\x72\x67\x2f\x32\x30\x30\x30\x2f\x73\x76\x67\
\x22\x20\x61\x72\x69\x61\x2d\x6c\x61\x62\x65\x6c\x6c\x65\x64\x62\
\x79\x3d\x22\x74\x65\x78\x74\x49\x63\x6f\x6e\x54\x69\x74\x6c\x65\
\x22\x20\x73\x74\x72\x6f\x6b\x65\x3d\x22\x23\x30\x30\x30\x22\x20\
\x73\x74\x72\x6f\x6b\x65\x2d\x77\x69\x64\x74\x68\x3d\x22\x31\x2e\
\x35\x22\x20\x73\x74\x72\x6f\x6b\x65\x2d\x6c\x69\x6e\x65\x63\x61\
\x70\x3d\x22\x73\x71\x75\x61\x72\x65\x22\x20\x73\x74\x72\x6f\x6b\
\x65\x2d\x6c\x69\x6e\x65\x6a\x6f\x69\x6e\x3d\x22\x6d\x69\x74\x65\
\x72\x22\x20\x63\x6f\x6c\x6f\x72\x3d\x22\x23\x30\x30\x30\x22\x3e\
\x20\x3c\x74\x69\x74\x6c\x65\x20\x69\x64\x3d\x22\x74\x65\x78\x74\
\x49\x63\x6f\x6e\x54\x69\x74\x6c\x65\x22\x3e\x54\x65\x78\x74\x3c\
\x2f\x74\x69\x74\x6c\x65\x3e\x20\x3c\x70\x61\x74\x68\x20\x64\x3d\
\x22\x4d\x32\x20\x31\x38\x4c\x34\x2e\x30\x38\x33\x33\x33\x20\x31\
\x33\x4d\x31\x32\x20\x31\x38\x4c\x39\x2e\x39\x31\x36\x36\x37\x20\
\x31\x33\x4d\x34\x2e\x30\x38\x33\x33\x33\x20\x31\x33\x4c\x37\x20\
\x36\x4c\x39\x2e\x39\x31\x36\x36\x37\x20\x31\x33\x4d\x34\x2e\x30\
\x38\x33\x33\x33\x20\x31\x33\x48\x39\x2e\x39\x31\x36\x36\x37\x22\
\x2f\x3e\x20\x3c\x63\x69\x72\x63\x6c\x65\x20\x63\x78\x3d\x22\x31\
\x38\x22\x20\x63\x79\x3d\x22\x31\x34\x22\x20\x72\x3d\x22\x34\x22\
\x2f\x3e\x20\x3c\x6c\x69\x6e\x65\x20\x78\x31\x3d\x22\x32\x32\x22\
\x20\x79\x31\x3d\x22\x31\x30\x22\x20\x78\x32\x3d\x22\x32\x32\x22\
\x20\x79\x32\x3d\x22\x31\x38\x22\x2f\x3e\x20\x3c\x2f\x73\x76\x67\
\x3e\
\x00\x00\x01\x99\
\x3c\
\x73\x76\x67\x20\x77\x69\x64\x74\x68\x3d\x22\x33\x32\x70\x78\x22\
\x20\x68\x65\x69\x67\x68\x74\x3d\x22\x33\x32\x70\x78\x22\x20\x76\
\x69\x65\x77\x42\x6f\x78\x3d\x22\x30\x20\x30\x20\x32\x34\x20\x32\
\x34\x22\x20\x78\x6d\x6c\x6e\x73\x3d\x22\x68\x74\x74\x70\x3a\x2f\
\x2f\x77\x77\x77\x2e\x77\x33\x2e\x6f\x72\x67\x2f\x32\x30\x30\x30\
\x2f\x73\x76\x67\x22\x20\x61\x72\x69\x61\x2d\x6c\x61\x62\x65\x6c\
\x6c\x65\x64\x62\x79\x3d\x22\x66\x6f\x6c\x64\x65\x72\x57\x61\x72\
\x6e\x69\x6e\x67\x49\x63\x6f\x6e\x54\x69\x74\x6c\x65\x22\x20\x73\
\x74\x72\x6f\x6b\x65\x3d\x22\x23\x30\x30\x30\x22\x20\x73\x74\x72\
\x6f\x6b\x65\x2d\x77\x69\x64\x74\x68\x3d\x22\x31\x2e\x35\x22\x20\
\x73\x74\x72\x6f\x6b\x65\x2d\x6c\x69\x6e\x65\x63\x61\x70\x3d\x22\
\x73\x71\x75\x61\x72\x65\x22\x20\x73\x74\x72\x6f\x6b\x65\x2d\x6c\
\x69\x6e\x65\x6a\x6f\x69\x6e\x3d\x22\x6d\x69\x74\x65\x72\x22\x20\
\x66\x69\x6c\x6c\x3d\x22\x6e\x6f\x6e\x65\x22\x20\x63\x6f\x6c\x6f\
\x72\x3d\x22\x23\x30\x30\x30\x22\x3e\x20\x3c\x74\x69\x74\x6c\x65\
\x20\x69\x64\x3d\x22\x66\x6f\x6c\x64\x65\x72\x57\x61\x72\x6e\x69\
\x6e\x67\x49\x63\x6f\x6e\x54\x69\x74\x6c\x65\x22\x3e\x46\x6f\x6c\
\x64\x65\x72\x20\x77\x69\x74\x68\x20\x61\x20\x77\x61\x72\x6e\x69\
\x6e\x67\x20\x73\x74\x61\x74\x65\x3c\x2f\x74\x69\x74\x6c\x65\x3e\
\x20\x3c\x70\x61\x74\x68\x20\x64\x3d\x22\x4d\x31\x32\x20\x31\x30\
\x56\x31\x33\x22\x2f\x3e\x20\x3c\x70\x61\x74\x68\x20\x64\x3d\x22\
\x4d\x33\x20\x35\x48\x39\x4c\x31\x30\x20\x37\x48\x32\x31\x56\x31\
\x39\x48\x33\x56\x35\x5a\x22\x2f\x3e\x20\x3c\x6c\x69\x6e\x65\x20\
\x78\x31\x3d\x22\x31\x32\x22\x20\x79\x31\x3d\x22\x31\x36\x22\x20\
\x78\x32\x3d\x22\x31\x32\x22\x20\x79\x32\x3d\x22\x31\x36\x22\x2f\
\x3e\x20\x3c\x2f\x73\x76\x67\x3e\
\x00\x00\x01\xd2\
\x3c\
\x73\x76\x67\x20\x77\x69\x64\x74\x68\x3d\x22\x33\x32\x70\x78\x22\
\x20\x68\x65\x69\x67\x68\x74\x3d\x22\x33\x32\x70\x78\x22\x20\x76\
\x69\x65\x77\x42\x6f\x78\x3d\x22\x30\x20\x30\x20\x32\x34\x20\x32\
\x34\x22\x20\x66\x69\x6c\x6c\x3d\x22\x6e\x6f\x6e\x65\x22\x20\x78\
\x6d\x6c\x6e\x73\x3d\x22\x68\x74\x74\x70\x3a\x2f\x2f\x77\x77\x77\
\x2e\x77\x33\x2e\x6f\x72\x67\x2f\x32\x30\x30\x30\x2f\x73\x76\x67\
\x22\x20\x61\x72\x69\x61\x2d\x6c\x61\x62\x65\x6c\x6c\x65\x64\x62\
\x79\x3d\x22\x64\x69\x72\x65\x63\x74\x69\x6f\x6e\x73\x4c\x65\x66\
\x74\x49\x63\x6f\x6e\x54\x69\x74\x6c\x65\x22\x20\x73\x74\x72\x6f\
\x6b\x65\x3d\x22\x23\x30\x30\x30\x22\x20\x73\x74\x72\x6f\x6b\x65\
\x2d\x77\x69\x64\x74\x68\x3d\x22\x31\x2e\x35\x22\x20\x73\x74\x72\
\x6f\x6b\x65\x2d\x6c\x69\x6e\x65\x63\x61\x70\x3d\x22\x73\x71\x75\
\x61\x72\x65\x22\x20\x73\x74\x72\x6f\x6b\x65\x2d\x6c\x69\x6e\x65\
\x6a\x6f\x69\x6e\x3d\x22\x6d\x69\x74\x65\x72\x22\x20\x63\x6f\x6c\
\x6f\x72\x3d\x22\x23\x30\x30\x30\x22\x3e\x20\x3c\x74\x69\x74\x6c\
\x65\x20\x69\x64\x3d\x22\x64\x69\x72\x65\x63\x74\x69\x6f\x6e\x73\
\x4c\x65\x66\x74\x49\x63\x6f\x6e\x54\x69\x74\x6c\x65\x22\x3e\x54\
\x75\x72\x6e\x20\x4c\x65\x66\x74\x3c\x2f\x74\x69\x74\x6c\x65\x3e\
\x20\x3c\x70\x61\x74\x68\x20\x64\x3d\x22\x4d\x39\x20\x31\x31\x48\
\x31\x32\x43\x31\x32\x20\x31\x31\x20\x31\x34\x20\x31\x31\x20\x31\
\x34\x20\x31\x33\x2e\x32\x43\x31\x34\x20\x31\x34\x20\x31\x34\x20\
\x31\x35\x20\x31\x34\x20\x31\x35\x22\x2f\x3e\x20\x3c\x70\x61\x74\
\x68\x20\x64\x3d\x22\x4d\x31\x31\x20\x31\x33\x4c\x39\x20\x31\x31\
\x4c\x31\x31\x20\x39\x22\x2f\x3e\x20\x3c\x72\x65\x63\x74\x20\x78\
\x3d\x22\x31\x32\x22\x20\x79\x3d\x22\x32\x22\x20\x77\x69\x64\x74\
\x68\x3d\x22\x31\x34\x2e\x31\x34\x32\x32\x22\x20\x68\x65\x69\x67\
\x68\x74\x3d\x22\x31\x34\x2e\x31\x34\x32\x32\x22\x20\x74\x72\x61\
\x6e\x73\x66\x6f\x72\x6d\x3d\x22\x72\x6f\x74\x61\x74\x65\x28\x34\
\x35\x20\x31\x32\x20\x32\x29\x22\x2f\x3e\x20\x3c\x2f\x73\x76\x67\
\x3e\
\x00\x00\x03\x33\
\x3c\
\x73\x76\x67\x20\x72\x6f\x6c\x65\x3d\x22\x69\x6d\x67\x22\x20\x78\
\x6d\x6c\x6e\x73\x3d\x22\x68\x74\x74\x70\x3a\x2f\x2f\x77\x77\x77\
\x2e\x77\x33\x2e\x6f\x72\x67\x2f\x32\x30\x30\x30\x2f\x73\x76\x67\
\x22\x20\x77\x69\x64\x74\x68\x3d\x22\x33\x32\x70\x78\x22\x20\x68\
\x65\x69\x67\x68\x74\x3d\x22\x33\x32\x70\x78\x22\x20\x76\x69\x65\
\x77\x42\x6f\x78\x3d\x22\x30\x20\x30\x20\x32\x34\x20\x32\x34\x22\
\x20\x61\x72\x69\x61\x2d\x6c\x61\x62\x65\x6c\x6c\x65\x64\x62\x79\
\x3d\x22\x70\x61\x70\x65\x72\x63\x6c\x69\x70\x49\x63\x6f\x6e\x54\
\x69\x74\x6c\x65\x22\x20\x73\x74\x72\x6f\x6b\x65\x3d\x22\x23\x30\
\x30\x30\x22\x20\x73\x74\x72\x6f\x6b\x65\x2d\x77\x69\x64\x74\x68\
\x3d\x22\x31\x2e\x35\x22\x20\x73\x74\x72\x6f\x6b\x65\x2d\x6c\x69\
\x6e\x65\x63\x61\x70\x3d\x22\x73\x71\x75\x61\x72\x65\x22\x20\x73\
\x74\x72\x6f\x6b\x65\x2d\x6c\x69\x6e\x65\x6a\x6f\x69\x6e\x3d\x22\
\x6d\x69\x74\x65\x72\x22\x20\x66\x69\x6c\x6c\x3d\x22\x6e\x6f\x6e\
\x65\x22\x20\x63\x6f\x6c\x6f\x72\x3d\x22\x23\x30\x30\x30\x22\x3e\
\x20\x3c\x74\x69\x74\x6c\x65\x20\x69\x64\x3d\x22\x70\x61\x70\x65\
\x72\x63\x6c\x69\x70\x49\x63\x6f\x6e\x54\x69\x74\x6c\x65\x22\x3e\
\x50\x61\x70\x65\x72\x63\x6c\x69\x70\x3c\x2f\x74\x69\x74\x6c\x65\
\x3e\x20\x3c\x70\x61\x74\x68\x20\x64\x3d\x22\x4d\x37\x2e\x39\x33\
\x35\x31\x37\x33\x33\x39\x2c\x31\x33\x2e\x37\x37\x39\x35\x39\x38\
\x39\x20\x4c\x31\x35\x2e\x31\x36\x31\x37\x33\x30\x36\x2c\x36\x2e\
\x35\x35\x33\x30\x34\x31\x37\x33\x20\x43\x31\x36\x2e\x30\x33\x39\
\x32\x31\x2c\x35\x2e\x36\x37\x36\x33\x31\x32\x32\x37\x20\x31\x37\
\x2e\x34\x36\x35\x36\x37\x36\x36\x2c\x35\x2e\x36\x37\x36\x33\x31\
\x32\x32\x37\x20\x31\x38\x2e\x33\x34\x33\x31\x35\x36\x2c\x36\x2e\
\x35\x35\x33\x30\x34\x31\x37\x33\x20\x43\x31\x39\x2e\x32\x32\x30\
\x36\x33\x35\x35\x2c\x37\x2e\x34\x33\x30\x35\x32\x31\x31\x36\x20\
\x31\x39\x2e\x32\x32\x30\x36\x33\x35\x35\x2c\x38\x2e\x38\x35\x37\
\x37\x33\x37\x37\x31\x20\x31\x38\x2e\x33\x34\x33\x31\x35\x36\x2c\
\x39\x2e\x37\x33\x35\x32\x31\x37\x31\x34\x20\x4c\x38\x2e\x34\x30\
\x30\x39\x31\x32\x34\x38\x2c\x31\x39\x2e\x35\x34\x37\x37\x31\x33\
\x37\x20\x43\x36\x2e\x39\x33\x36\x31\x39\x36\x38\x31\x2c\x32\x31\
\x2e\x30\x31\x32\x34\x32\x39\x34\x20\x34\x2e\x35\x36\x33\x32\x35\
\x32\x34\x32\x2c\x32\x31\x2e\x30\x31\x32\x34\x32\x39\x34\x20\x33\
\x2e\x30\x39\x38\x35\x33\x36\x37\x35\x2c\x31\x39\x2e\x35\x34\x37\
\x37\x31\x33\x37\x20\x43\x31\x2e\x36\x33\x33\x38\x32\x31\x30\x38\
\x2c\x31\x38\x2e\x30\x38\x33\x37\x34\x38\x20\x31\x2e\x36\x33\x33\
\x38\x32\x31\x30\x38\x2c\x31\x35\x2e\x37\x30\x39\x33\x30\x33\x37\
\x20\x33\x2e\x30\x39\x38\x35\x33\x36\x37\x35\x2c\x31\x34\x2e\x32\
\x34\x35\x33\x33\x38\x20\x4c\x31\x32\x2e\x39\x33\x33\x35\x33\x32\
\x38\x2c\x34\x2e\x35\x33\x37\x38\x33\x38\x39\x36\x20\x43\x31\x34\
\x2e\x39\x38\x33\x39\x38\x34\x38\x2c\x32\x2e\x34\x38\x37\x33\x38\
\x37\x30\x31\x20\x31\x38\x2e\x33\x30\x39\x34\x30\x36\x38\x2c\x32\
\x2e\x34\x38\x37\x33\x38\x37\x30\x31\x20\x32\x30\x2e\x33\x35\x36\
\x38\x35\x38\x38\x2c\x34\x2e\x35\x33\x37\x38\x33\x38\x39\x36\x20\
\x43\x32\x32\x2e\x34\x30\x38\x38\x31\x30\x37\x2c\x36\x2e\x35\x38\
\x39\x30\x34\x30\x38\x38\x20\x32\x32\x2e\x34\x30\x38\x38\x31\x30\
\x37\x2c\x39\x2e\x39\x31\x31\x34\x36\x33\x30\x31\x20\x32\x30\x2e\
\x33\x35\x38\x33\x35\x38\x38\x2c\x31\x31\x2e\x39\x36\x31\x39\x31\
\x35\x20\x4c\x31\x33\x2e\x32\x33\x39\x30\x34\x39\x31\x2c\x31\x39\
\x2e\x30\x38\x31\x39\x37\x34\x36\x22\x2f\x3e\x20\x3c\x2f\x73\x76\
\x67\x3e\
\x00\x00\x01\xec\
\x3c\
\x73\x76\x67\x20\x77\x69\x64\x74\x68\x3d\x22\x33\x32\x70\x78\x22\
\x20\x68\x65\x69\x67\x68\x74\x3d\x22\x33\x32\x70\x78\x22\x20\x76\
\x69\x65\x77\x42\x6f\x78\x3d\x22\x30\x20\x30\x20\x32\x34\x20\x32\
\x34\x22\x20\x78\x6d\x6c\x6e\x73\x3d\x22\x68\x74\x74\x70\x3a\x2f\
\x2f\x77\x77\x77\x2e\x77\x33\x2e\x6f\x72\x67\x2f\x32\x30\x30\x30\
\x2f\x73\x76\x67\x22\x20\x61\x72\x69\x61\x2d\x6c\x61\x62\x65\x6c\
\x6c\x65\x64\x62\x79\x3d\x22\x74\x61\x62\x6c\x65\x56\x65\x72\x74\
\x69\x63\x61\x6c\x49\x63\x6f\x6e\x54\x69\x74\x6c\x65\x22\x20\x73\
\x74\x72\x6f\x6b\x65\x3d\x22\x23\x30\x30\x30\x22\x20\x73\x74\x72\
\x6f\x6b\x65\x2d\x77\x69\x64\x74\x68\x3d\x22\x31\x2e\x35\x22\x20\
\x73\x74\x72\x6f\x6b\x65\x2d\x6c\x69\x6e\x65\x63\x61\x70\x3d\x22\
\x73\x71\x75\x61\x72\x65\x22\x20\x73\x74\x72\x6f\x6b\x65\x2d\x6c\
\x69\x6e\x65\x6a\x6f\x69\x6e\x3d\x22\x6d\x69\x74\x65\x72\x22\x20\
\x66\x69\x6c\x6c\x3d\x22\x6e\x6f\x6e\x65\x22\x20\x63\x6f\x6c\x6f\
\x72\x3d\x22\x23\x30\x30\x30\x22\x3e\x20\x3c\x74\x69\x74\x6c\x65\
\x20\x69\x64\x3d\x22\x74\x61\x62\x6c\x65\x56\x65\x72\x74\x69\x63\
\x61\x6c\x49\x63\x6f\x6e\x54\x69\x74\x6c\x65\x22\x3e\x44\x61\x74\
\x61\x20\x74\x61\x62\x6c\x65\x3c\x2f\x74\x69\x74\x6c\x65\x3e\x20\
\x3c\x72\x65\x63\x74\x20\x78\x3d\x22\x33\x22\x20\x79\x3d\x22\x32\
\x22\x20\x77\x69\x64\x74\x68\x3d\x22\x31\x38\x22\x20\x68\x65\x69\
\x67\x68\x74\x3d\x22\x32\x30\x22\x2f\x3e\x20\x3c\x6c\x69\x6e\x65\
\x20\x78\x31\x3d\x22\x31\x32\x22\x20\x79\x31\x3d\x22\x32\x22\x20\
\x78\x32\x3d\x22\x31\x32\x22\x20\x79\x32\x3d\x22\x32\x32\x22\x2f\
\x3e\x20\x3c\x6c\x69\x6e\x65\x20\x78\x31\x3d\x22\x32\x31\x22\x20\
\x79\x31\x3d\x22\x37\x22\x20\x78\x32\x3d\x22\x33\x22\x20\x79\x32\
\x3d\x22\x37\x22\x2f\x3e\x20\x3c\x6c\x69\x6e\x65\x20\x78\x31\x3d\
\x22\x32\x31\x22\x20\x79\x31\x3d\x22\x31\x37\x22\x20\x78\x32\x3d\
\x22\x33\x22\x20\x79\x32\x3d\x22\x31\x37\x22\x2f\x3e\x20\x3c\x6c\
\x69\x6e\x65\x20\x78\x31\x3d\x22\x32\x31\x22\x20\x79\x31\x3d\x22\
\x31\x32\x22\x20\x78\x32\x3d\x22\x33\x22\x20\x79\x32\x3d\x22\x31\
\x32\x22\x2f\x3e\x20\x3c\x2f\x73\x76\x67\x3e\
\x00\x00\x01\x38\
\x3c\
\x73\x76\x67\x20\x72\x6f\x6c\x65\x3d\x22\x69\x6d\x67\x22\x20\x78\
\x6d\x6c\x6e\x73\x3d\x22\x68\x74\x74\x70\x3a\x2f\x2f\x77\x77\x77\
\x2e\x77\x33\x2e\x6f\x72\x67\x2f\x32\x30\x30\x30\x2f\x73\x76\x67\
\x22\x20\x77\x69\x64\x74\x68\x3d\x22\x33\x32\x70\x78\x22\x20\x68\
\x65\x69\x67\x68\x74\x3d\x22\x33\x32\x70\x78\x22\x20\x76\x69\x65\
\x77\x42\x6f\x78\x3d\x22\x30\x20\x30\x20\x32\x34\x20\x32\x34\x22\
\x20\x61\x72\x69\x61\x2d\x6c\x61\x62\x65\x6c\x6c\x65\x64\x62\x79\
\x3d\x22\x6f\x6b\x49\x63\x6f\x6e\x54\x69\x74\x6c\x65\x22\x20\x73\
\x74\x72\x6f\x6b\x65\x3d\x22\x23\x30\x30\x30\x22\x20\x73\x74\x72\
\x6f\x6b\x65\x2d\x77\x69\x64\x74\x68\x3d\x22\x31\x2e\x35\x22\x20\
\x73\x74\x72\x6f\x6b\x65\x2d\x6c\x69\x6e\x65\x63\x61\x70\x3d\x22\
\x73\x71\x75\x61\x72\x65\x22\x20\x73\x74\x72\x6f\x6b\x65\x2d\x6c\
\x69\x6e\x65\x6a\x6f\x69\x6e\x3d\x22\x6d\x69\x74\x65\x72\x22\x20\
\x66\x69\x6c\x6c\x3d\x22\x6e\x6f\x6e\x65\x22\x20\x63\x6f\x6c\x6f\
\x72\x3d\x22\x23\x30\x30\x30\x22\x3e\x20\x3c\x74\x69\x74\x6c\x65\
\x20\x69\x64\x3d\x22\x6f\x6b\x49\x63\x6f\x6e\x54\x69\x74\x6c\x65\
\x22\x3e\x4f\x6b\x3c\x2f\x74\x69\x74\x6c\x65\x3e\x20\x3c\x70\x6f\
\x6c\x79\x6c\x69\x6e\x65\x20\x70\x6f\x69\x6e\x74\x73\x3d\x22\x34\
\x20\x31\x33\x20\x39\x20\x31\x38\x20\x32\x30\x20\x37\x22\x2f\x3e\
\x20\x3c\x2f\x73\x76\x67\x3e\
\x00\x00\x01\xbc\
\x3c\
\x73\x76\x67\x20\x72\x6f\x6c\x65\x3d\x22\x69\x6d\x67\x22\x20\x78\
\x6d\x6c\x6e\x73\x3d\x22\x68\x74\x74\x70\x3a\x2f\x2f\x77\x77\x77\
\x2e\x77\x33\x2e\x6f\x72\x67\x2f\x32\x30\x30\x30\x2f\x73\x76\x67\
\x22\x20\x77\x69\x64\x74\x68\x3d\x22\x33\x32\x70\x78\x22\x20\x68\
\x65\x69\x67\x68\x74\x3d\x22\x33\x32\x70\x78\x22\x20\x76\x69\x65\
\x77\x42\x6f\x78\x3d\x22\x30\x20\x30\x20\x32\x34\x20\x32\x34\x22\
\x20\x61\x72\x69\x61\x2d\x6c\x61\x62\x65\x6c\x6c\x65\x64\x62\x79\
\x3d\x22\x63\x69\x72\x63\x6c\x65\x41\x72\x72\x6f\x77\x52\x69\x67\
\x68\x74\x49\x63\x6f\x6e\x54\x69\x74\x6c\x65\x22\x20\x73\x74\x72\
\x6f\x6b\x65\x3d\x22\x23\x30\x30\x30\x22\x20\x73\x74\x72\x6f\x6b\
\x65\x2d\x77\x69\x64\x74\x68\x3d\x22\x31\x2e\x35\x22\x20\x73\x74\
\x72\x6f\x6b\x65\x2d\x6c\x69\x6e\x65\x63\x61\x70\x3d\x22\x73\x71\
\x75\x61\x72\x65\x22\x20\x73\x74\x72\x6f\x6b\x65\x2d\x6c\x69\x6e\
\x65\x6a\x6f\x69\x6e\x3d\x22\x6d\x69\x74\x65\x72\x22\x20\x66\x69\
\x6c\x6c\x3d\x22\x6e\x6f\x6e\x65\x22\x20\x63\x6f\x6c\x6f\x72\x3d\
\x22\x23\x30\x30\x30\x22\x3e\x20\x3c\x74\x69\x74\x6c\x65\x20\x69\
\x64\x3d\x22\x63\x69\x72\x63\x6c\x65\x41\x72\x72\x6f\x77\x52\x69\
\x67\x68\x74\x49\x63\x6f\x6e\x54\x69\x74\x6c\x65\x22\x3e\x41\x72\
\x72\x6f\x77\x20\x52\x69\x67\x68\x74\x3c\x2f\x74\x69\x74\x6c\x65\
\x3e\x20\x3c\x70\x61\x74\x68\x20\x64\x3d\x22\x4d\x31\x33\x2e\x35\
\x20\x39\x6c\x33\x20\x33\x2d\x33\x20\x33\x22\x2f\x3e\x20\x3c\x70\
\x61\x74\x68\x20\x64\x3d\x22\x4d\x37\x2e\x35\x20\x31\x32\x48\x31\
\x35\x22\x2f\x3e\x20\x3c\x70\x61\x74\x68\x20\x73\x74\x72\x6f\x6b\
\x65\x2d\x6c\x69\x6e\x65\x63\x61\x70\x3d\x22\x72\x6f\x75\x6e\x64\
\x22\x20\x64\x3d\x22\x4d\x31\x36\x2e\x35\x20\x31\x32\x48\x31\x35\
\x22\x2f\x3e\x20\x3c\x63\x69\x72\x63\x6c\x65\x20\x63\x78\x3d\x22\
\x31\x32\x22\x20\x63\x79\x3d\x22\x31\x32\x22\x20\x72\x3d\x22\x31\
\x30\x22\x2f\x3e\x20\x3c\x2f\x73\x76\x67\x3e\
\x00\x00\x01\xf5\
\x3c\
\x73\x76\x67\x20\x77\x69\x64\x74\x68\x3d\x22\x33\x32\x70\x78\x22\
\x20\x68\x65\x69\x67\x68\x74\x3d\x22\x33\x32\x70\x78\x22\x20\x76\
\x69\x65\x77\x42\x6f\x78\x3d\x22\x30\x20\x30\x20\x32\x34\x20\x32\
\x34\x22\x20\x78\x6d\x6c\x6e\x73\x3d\x22\x68\x74\x74\x70\x3a\x2f\
\x2f\x77\x77\x77\x2e\x77\x33\x2e\x6f\x72\x67\x2f\x32\x30\x30\x30\
\x2f\x73\x76\x67\x22\x20\x61\x72\x69\x61\x2d\x6c\x61\x62\x65\x6c\
\x6c\x65\x64\x62\x79\x3d\x22\x70\x65\x72\x73\x6f\x6e\x41\x64\x64\
\x49\x63\x6f\x6e\x54\x69\x74\x6c\x65\x22\x20\x73\x74\x72\x6f\x6b\
\x65\x3d\x22\x23\x30\x30\x30\x22\x20\x73\x74\x72\x6f\x6b\x65\x2d\
\x77\x69\x64\x74\x68\x3d\x22\x31\x2e\x35\x22\x20\x73\x74\x72\x6f\
\x6b\x65\x2d\x6c\x69\x6e\x65\x63\x61\x70\x3d\x22\x73\x71\x75\x61\
\x72\x65\x22\x20\x73\x74\x72\x6f\x6b\x65\x2d\x6c\x69\x6e\x65\x6a\
\x6f\x69\x6e\x3d\x22\x6d\x69\x74\x65\x72\x22\x20\x66\x69\x6c\x6c\
\x3d\x22\x6e\x6f\x6e\x65\x22\x20\x63\x6f\x6c\x6f\x72\x3d\x22\x23\
\x30\x30\x30\x22\x3e\x20\x3c\x74\x69\x74\x6c\x65\x20\x69\x64\x3d\
\x22\x70\x65\x72\x73\x6f\x6e\x41\x64\x64\x49\x63\x6f\x6e\x54\x69\
\x74\x6c\x65\x22\x3e\x41\x64\x64\x20\x75\x73\x65\x72\x3c\x2f\x74\
\x69\x74\x6c\x65\x3e\x20\x3c\x70\x61\x74\x68\x20\x64\x3d\x22\x4d\
\x31\x20\x31\x38\x43\x31\x20\x31\x35\x2e\x37\x35\x20\x34\x20\x31\
\x35\x2e\x37\x35\x20\x35\x2e\x35\x20\x31\x34\x2e\x32\x35\x43\x36\
\x2e\x32\x35\x20\x31\x33\x2e\x35\x20\x34\x20\x31\x33\x2e\x35\x20\
\x34\x20\x39\x2e\x37\x35\x43\x34\x20\x37\x2e\x32\x35\x30\x32\x35\
\x20\x34\x2e\x39\x39\x39\x37\x35\x20\x36\x20\x37\x20\x36\x43\x39\
\x2e\x30\x30\x30\x32\x35\x20\x36\x20\x31\x30\x20\x37\x2e\x32\x35\
\x30\x32\x35\x20\x31\x30\x20\x39\x2e\x37\x35\x43\x31\x30\x20\x31\
\x33\x2e\x35\x20\x37\x2e\x37\x35\x20\x31\x33\x2e\x35\x20\x38\x2e\
\x35\x20\x31\x34\x2e\x32\x35\x43\x31\x30\x20\x31\x35\x2e\x37\x35\
\x20\x31\x33\x20\x31\x35\x2e\x37\x35\x20\x31\x33\x20\x31\x38\x22\
\x2f\x3e\x20\x3c\x70\x61\x74\x68\x20\x64\x3d\x22\x4d\x32\x32\x20\
\x31\x31\x48\x31\x34\x22\x2f\x3e\x20\x3c\x70\x61\x74\x68\x20\x64\
\x3d\x22\x4d\x31\x38\x20\x37\x56\x31\x35\x22\x2f\x3e\x20\x3c\x2f\
\x73\x76\x67\x3e\
\x00\x00\x02\x3d\
\x3c\
\x73\x76\x67\x20\x72\x6f\x6c\x65\x3d\x22\x69\x6d\x67\x22\x20\x78\
\x6d\x6c\x6e\x73\x3d\x22\x68\x74\x74\x70\x3a\x2f\x2f\x77\x77\x77\
\x2e\x77\x33\x2e\x6f\x72\x67\x2f\x32\x30\x30\x30\x2f\x73\x76\x67\
\x22\x20\x77\x69\x64\x74\x68\x3d\x22\x33\x32\x70\x78\x22\x20\x68\
\x65\x69\x67\x68\x74\x3d\x22\x33\x32\x70\x78\x22\x20\x76\x69\x65\
\x77\x42\x6f\x78\x3d\x22\x30\x20\x30\x20\x32\x34\x20\x32\x34\x22\
\x20\x61\x72\x69\x61\x2d\x6c\x61\x62\x65\x6c\x6c\x65\x64\x62\x79\
\x3d\x22\x74\x68\x65\x72\x6d\x6f\x6d\x65\x74\x65\x72\x49\x63\x6f\
\x6e\x54\x69\x74\x6c\x65\x22\x20\x73\x74\x72\x6f\x6b\x65\x3d\x22\
\x23\x30\x30\x30\x22\x20\x73\x74\x72\x6f\x6b\x65\x2d\x77\x69\x64\
\x74\x68\x3d\x22\x31\x2e\x35\x22\x20\x73\x74\x72\x6f\x6b\x65\x2d\
\x6c\x69\x6e\x65\x63\x61\x70\x3d\x22\x73\x71\x75\x61\x72\x65\x22\
\x20\x73\x74\x72\x6f\x6b\x65\x2d\x6c\x69\x6e\x65\x6a\x6f\x69\x6e\
\x3d\x22\x6d\x69\x74\x65\x72\x22\x20\x66\x69\x6c\x6c\x3d\x22\x6e\
\x6f\x6e\x65\x22\x20\x63\x6f\x6c\x6f\x72\x3d\x22\x23\x30\x30\x30\
\x22\x3e\x20\x3c\x74\x69\x74\x6c\x65\x20\x69\x64\x3d\x22\x74\x68\
\x65\x72\x6d\x6f\x6d\x65\x74\x65\x72\x49\x63\x6f\x6e\x54\x69\x74\
\x6c\x65\x22\x3e\x54\x68\x65\x72\x6d\x6f\x6d\x65\x74\x65\x72\x3c\
\x2f\x74\x69\x74\x6c\x65\x3e\x20\x3c\x70\x61\x74\x68\x20\x64\x3d\
\x22\x4d\x31\x30\x2c\x31\x33\x2e\x35\x33\x35\x31\x32\x38\x38\x20\
\x4c\x31\x30\x2c\x35\x20\x43\x31\x30\x2c\x33\x2e\x38\x39\x35\x34\
\x33\x30\x35\x20\x31\x30\x2e\x38\x39\x35\x34\x33\x30\x35\x2c\x33\
\x20\x31\x32\x2c\x33\x20\x43\x31\x33\x2e\x31\x30\x34\x35\x36\x39\
\x35\x2c\x33\x20\x31\x34\x2c\x33\x2e\x38\x39\x35\x34\x33\x30\x35\
\x20\x31\x34\x2c\x35\x20\x4c\x31\x34\x2c\x31\x33\x2e\x35\x33\x35\
\x31\x32\x38\x38\x20\x43\x31\x35\x2e\x31\x39\x35\x36\x30\x32\x37\
\x2c\x31\x34\x2e\x32\x32\x36\x37\x34\x37\x36\x20\x31\x36\x2c\x31\
\x35\x2e\x35\x31\x39\x34\x33\x35\x33\x20\x31\x36\x2c\x31\x37\x20\
\x43\x31\x36\x2c\x31\x39\x2e\x32\x30\x39\x31\x33\x39\x20\x31\x34\
\x2e\x32\x30\x39\x31\x33\x39\x2c\x32\x31\x20\x31\x32\x2c\x32\x31\
\x20\x43\x39\x2e\x37\x39\x30\x38\x36\x31\x2c\x32\x31\x20\x38\x2c\
\x31\x39\x2e\x32\x30\x39\x31\x33\x39\x20\x38\x2c\x31\x37\x20\x43\
\x38\x2c\x31\x35\x2e\x35\x31\x39\x34\x33\x35\x33\x20\x38\x2e\x38\
\x30\x34\x33\x39\x37\x32\x36\x2c\x31\x34\x2e\x32\x32\x36\x37\x34\
\x37\x36\x20\x31\x30\x2c\x31\x33\x2e\x35\x33\x35\x31\x32\x38\x38\
\x20\x5a\x22\x2f\x3e\x20\x3c\x2f\x73\x76\x67\x3e\
\x00\x00\x02\x6f\
\x3c\
\x73\x76\x67\x20\x77\x69\x64\x74\x68\x3d\x22\x33\x32\x70\x78\x22\
\x20\x68\x65\x69\x67\x68\x74\x3d\x22\x33\x32\x70\x78\x22\x20\x76\
\x69\x65\x77\x42\x6f\x78\x3d\x22\x30\x20\x30\x20\x32\x34\x20\x32\
\x34\x22\x20\x66\x69\x6c\x6c\x3d\x22\x6e\x6f\x6e\x65\x22\x20\x78\
\x6d\x6c\x6e\x73\x3d\x22\x68\x74\x74\x70\x3a\x2f\x2f\x77\x77\x77\
\x2e\x77\x33\x2e\x6f\x72\x67\x2f\x32\x30\x30\x30\x2f\x73\x76\x67\
\x22\x20\x61\x72\x69\x61\x2d\x6c\x61\x62\x65\x6c\x6c\x65\x64\x62\
\x79\x3d\x22\x63\x6f\x6e\x74\x72\x6f\x6c\x73\x56\x65\x72\x74\x69\
\x63\x61\x6c\x41\x6c\x74\x49\x63\x6f\x6e\x54\x69\x74\x6c\x65\x22\
\x20\x73\x74\x72\x6f\x6b\x65\x3d\x22\x23\x30\x30\x30\x22\x20\x73\
\x74\x72\x6f\x6b\x65\x2d\x77\x69\x64\x74\x68\x3d\x22\x31\x2e\x35\
\x22\x20\x73\x74\x72\x6f\x6b\x65\x2d\x6c\x69\x6e\x65\x63\x61\x70\
\x3d\x22\x73\x71\x75\x61\x72\x65\x22\x20\x73\x74\x72\x6f\x6b\x65\
\x2d\x6c\x69\x6e\x65\x6a\x6f\x69\x6e\x3d\x22\x6d\x69\x74\x65\x72\
\x22\x20\x63\x6f\x6c\x6f\x72\x3d\x22\x23\x30\x30\x30\x22\x3e\x20\
\x3c\x74\x69\x74\x6c\x65\x20\x69\x64\x3d\x22\x63\x6f\x6e\x74\x72\
\x6f\x6c\x73\x56\x65\x72\x74\x69\x63\x61\x6c\x41\x6c\x74\x49\x63\
\x6f\x6e\x54\x69\x74\x6c\x65\x22\x3e\x43\x6f\x6e\x74\x72\x6f\x6c\
\x73\x3c\x2f\x74\x69\x74\x6c\x65\x3e\x20\x3c\x63\x69\x72\x63\x6c\
\x65\x20\x63\x78\x3d\x22\x31\x38\x22\x20\x63\x79\x3d\x22\x39\x22\
\x20\x72\x3d\x22\x32\x22\x20\x74\x72\x61\x6e\x73\x66\x6f\x72\x6d\
\x3d\x22\x72\x6f\x74\x61\x74\x65\x28\x39\x30\x20\x31\x38\x20\x39\
\x29\x22\x2f\x3e\x20\x3c\x70\x61\x74\x68\x20\x64\x3d\x22\x4d\x31\
\x38\x20\x34\x4c\x31\x38\x20\x37\x22\x2f\x3e\x20\x3c\x70\x61\x74\
\x68\x20\x64\x3d\x22\x4d\x31\x38\x20\x31\x31\x4c\x31\x38\x20\x32\
\x30\x22\x2f\x3e\x20\x3c\x63\x69\x72\x63\x6c\x65\x20\x63\x78\x3d\
\x22\x36\x22\x20\x63\x79\x3d\x22\x39\x22\x20\x72\x3d\x22\x32\x22\
\x20\x74\x72\x61\x6e\x73\x66\x6f\x72\x6d\x3d\x22\x72\x6f\x74\x61\
\x74\x65\x28\x39\x30\x20\x36\x20\x39\x29\x22\x2f\x3e\x20\x3c\x70\
\x61\x74\x68\x20\x64\x3d\x22\x4d\x36\x20\x34\x4c\x36\x20\x37\x22\
\x2f\x3e\x20\x3c\x70\x61\x74\x68\x20\x64\x3d\x22\x4d\x36\x20\x31\
\x31\x4c\x36\x20\x32\x30\x22\x2f\x3e\x20\x3c\x63\x69\x72\x63\x6c\
\x65\x20\x63\x78\x3d\x22\x31\x32\x22\x20\x63\x79\x3d\x22\x31\x35\
\x22\x20\x72\x3d\x22\x32\x22\x20\x74\x72\x61\x6e\x73\x66\x6f\x72\
\x6d\x3d\x22\x72\x6f\x74\x61\x74\x65\x28\x39\x30\x20\x31\x32\x20\
\x31\x35\x29\x22\x2f\x3e\x20\x3c\x70\x61\x74\x68\x20\x64\x3d\x22\
\x4d\x31\x32\x20\x34\x4c\x31\x32\x20\x31\x33\x22\x2f\x3e\x20\x3c\
\x70\x61\x74\x68\x20\x64\x3d\x22\x4d\x31\x32\x20\x31\x37\x4c\x31\
\x32\x20\x32\x30\x22\x2f\x3e\x20\x3c\x2f\x73\x76\x67\x3e\
\x00\x00\x04\x2d\
\x3c\
\x73\x76\x67\x20\x77\x69\x64\x74\x68\x3d\x22\x33\x32\x70\x78\x22\
\x20\x68\x65\x69\x67\x68\x74\x3d\x22\x33\x32\x70\x78\x22\x20\x76\
\x69\x65\x77\x42\x6f\x78\x3d\x22\x30\x20\x30\x20\x32\x34\x20\x32\
\x34\x22\x20\x78\x6d\x6c\x6e\x73\x3d\x22\x68\x74\x74\x70\x3a\x2f\
\x2f\x77\x77\x77\x2e\x77\x33\x2e\x6f\x72\x67\x2f\x32\x30\x30\x30\
\x2f\x73\x76\x67\x22\x20\x61\x72\x69\x61\x2d\x6c\x61\x62\x65\x6c\
\x6c\x65\x64\x62\x79\x3d\x22\x73\x75\x70\x70\x6f\x72\x74\x49\x63\
\x6f\x6e\x54\x69\x74\x6c\x65\x22\x20\x73\x74\x72\x6f\x6b\x65\x3d\
\x22\x23\x30\x30\x30\x22\x20\x73\x74\x72\x6f\x6b\x65\x2d\x77\x69\
\x64\x74\x68\x3d\x22\x31\x2e\x35\x22\x20\x73\x74\x72\x6f\x6b\x65\
\x2d\x6c\x69\x6e\x65\x63\x61\x70\x3d\x22\x73\x71\x75\x61\x72\x65\
\x22\x20\x73\x74\x72\x6f\x6b\x65\x2d\x6c\x69\x6e\x65\x6a\x6f\x69\
\x6e\x3d\x22\x6d\x69\x74\x65\x72\x22\x20\x66\x69\x6c\x6c\x3d\x22\
\x6e\x6f\x6e\x65\x22\x20\x63\x6f\x6c\x6f\x72\x3d\x22\x23\x30\x30\
\x30\x22\x3e\x20\x3c\x74\x69\x74\x6c\x65\x20\x69\x64\x3d\x22\x73\
\x75\x70\x70\x6f\x72\x74\x49\x63\x6f\x6e\x54\x69\x74\x6c\x65\x22\
\x3e\x53\x75\x70\x70\x6f\x72\x74\x3c\x2f\x74\x69\x74\x6c\x65\x3e\
\x20\x3c\x70\x61\x74\x68\x20\x73\x74\x72\x6f\x6b\x65\x2d\x6c\x69\
\x6e\x65\x63\x61\x70\x3d\x22\x72\x6f\x75\x6e\x64\x22\x20\x64\x3d\
\x22\x4d\x31\x31\x20\x38\x4c\x39\x2e\x34\x32\x32\x32\x39\x20\x37\
\x2e\x32\x31\x31\x31\x35\x43\x39\x2e\x31\x34\x34\x35\x38\x20\x37\
\x2e\x30\x37\x32\x32\x39\x20\x38\x2e\x38\x33\x38\x33\x35\x20\x37\
\x20\x38\x2e\x35\x32\x37\x38\x36\x20\x37\x48\x37\x2e\x38\x32\x38\
\x34\x33\x43\x37\x2e\x32\x39\x37\x39\x39\x20\x37\x20\x36\x2e\x37\
\x38\x39\x32\x39\x20\x37\x2e\x32\x31\x30\x37\x31\x20\x36\x2e\x34\
\x31\x34\x32\x31\x20\x37\x2e\x35\x38\x35\x37\x39\x4c\x35\x2e\x35\
\x38\x35\x37\x39\x20\x38\x2e\x34\x31\x34\x32\x31\x43\x35\x2e\x32\
\x31\x30\x37\x31\x20\x38\x2e\x37\x38\x39\x32\x39\x20\x35\x20\x39\
\x2e\x32\x39\x37\x39\x39\x20\x35\x20\x39\x2e\x38\x32\x38\x34\x33\
\x4c\x35\x20\x31\x34\x2e\x39\x32\x39\x36\x43\x35\x20\x31\x35\x2e\
\x35\x39\x38\x33\x20\x35\x2e\x33\x33\x34\x32\x20\x31\x36\x2e\x32\
\x32\x32\x38\x20\x35\x2e\x38\x39\x30\x36\x20\x31\x36\x2e\x35\x39\
\x33\x37\x4c\x39\x2e\x37\x35\x37\x34\x36\x20\x31\x39\x2e\x31\x37\
\x31\x36\x43\x31\x30\x2e\x34\x39\x34\x34\x20\x31\x39\x2e\x36\x36\
\x33\x20\x31\x31\x2e\x34\x36\x36\x38\x20\x31\x39\x2e\x36\x31\x31\
\x20\x31\x32\x2e\x31\x34\x37\x32\x20\x31\x39\x2e\x30\x34\x34\x4c\
\x31\x37\x20\x31\x35\x22\x2f\x3e\x20\x3c\x70\x61\x74\x68\x20\x64\
\x3d\x22\x4d\x31\x34\x2e\x34\x35\x34\x39\x20\x31\x32\x2e\x39\x31\
\x34\x32\x43\x31\x33\x2e\x38\x35\x31\x35\x20\x31\x32\x2e\x31\x30\
\x36\x32\x20\x31\x32\x2e\x37\x34\x31\x20\x31\x31\x2e\x38\x37\x33\
\x39\x20\x31\x31\x2e\x38\x36\x34\x33\x20\x31\x32\x2e\x33\x37\x32\
\x31\x4c\x31\x30\x2e\x30\x30\x39\x20\x31\x33\x2e\x34\x32\x36\x36\
\x43\x39\x2e\x34\x31\x32\x39\x38\x20\x31\x33\x2e\x37\x36\x35\x33\
\x20\x38\x2e\x36\x36\x34\x31\x32\x20\x31\x33\x2e\x36\x36\x34\x31\
\x20\x38\x2e\x31\x37\x39\x33\x37\x20\x31\x33\x2e\x31\x37\x39\x34\
\x56\x31\x33\x2e\x31\x37\x39\x34\x43\x37\x2e\x35\x34\x36\x30\x35\
\x20\x31\x32\x2e\x35\x34\x36\x20\x37\x2e\x35\x39\x33\x32\x34\x20\
\x31\x31\x2e\x35\x30\x35\x36\x20\x38\x2e\x32\x38\x31\x33\x20\x31\
\x30\x2e\x39\x33\x32\x33\x4c\x31\x32\x2e\x34\x34\x33\x37\x20\x37\
\x2e\x34\x36\x33\x35\x36\x43\x31\x32\x2e\x38\x30\x33\x32\x20\x37\
\x2e\x31\x36\x34\x30\x33\x20\x31\x33\x2e\x32\x35\x36\x32\x20\x37\
\x20\x31\x33\x2e\x37\x32\x34\x31\x20\x37\x48\x31\x34\x2e\x35\x32\
\x37\x39\x43\x31\x34\x2e\x38\x33\x38\x34\x20\x37\x20\x31\x35\x2e\
\x31\x34\x34\x36\x20\x37\x2e\x30\x37\x32\x32\x39\x20\x31\x35\x2e\
\x34\x32\x32\x33\x20\x37\x2e\x32\x31\x31\x31\x35\x4c\x31\x37\x2e\
\x38\x39\x34\x34\x20\x38\x2e\x34\x34\x37\x32\x31\x43\x31\x38\x2e\
\x35\x37\x32\x20\x38\x2e\x37\x38\x36\x20\x31\x39\x20\x39\x2e\x34\
\x37\x38\x35\x32\x20\x31\x39\x20\x31\x30\x2e\x32\x33\x36\x31\x4c\
\x31\x39\x20\x31\x32\x2e\x39\x37\x39\x36\x43\x31\x39\x20\x31\x34\
\x2e\x39\x30\x33\x37\x20\x31\x36\x2e\x35\x34\x38\x39\x20\x31\x35\
\x2e\x37\x31\x38\x20\x31\x35\x2e\x33\x39\x37\x36\x20\x31\x34\x2e\
\x31\x37\x36\x34\x4c\x31\x34\x2e\x34\x35\x34\x39\x20\x31\x32\x2e\
\x39\x31\x34\x32\x5a\x22\x2f\x3e\x20\x3c\x70\x61\x74\x68\x20\x64\
\x3d\x22\x4d\x31\x20\x31\x37\x56\x38\x22\x2f\x3e\x20\x3c\x70\x61\
\x74\x68\x20\x64\x3d\x22\x4d\x31\x20\x31\x37\x56\x38\x22\x2f\x3e\
\x20\x3c\x70\x61\x74\x68\x20\x64\x3d\x22\x4d\x32\x33\x20\x31\x37\
\x56\x38\x22\x2f\x3e\x20\x3c\x2f\x73\x76\x67\x3e\
\x00\x00\x01\xd2\
\x3c\
\x73\x76\x67\x20\x72\x6f\x6c\x65\x3d\x22\x69\x6d\x67\x22\x20\x78\
\x6d\x6c\x6e\x73\x3d\x22\x68\x74\x74\x70\x3a\x2f\x2f\x77\x77\x77\
\x2e\x77\x33\x2e\x6f\x72\x67\x2f\x32\x30\x30\x30\x2f\x73\x76\x67\
\x22\x20\x77\x69\x64\x74\x68\x3d\x22\x33\x32\x70\x78\x22\x20\x68\
\x65\x69\x67\x68\x74\x3d\x22\x33\x32\x70\x78\x22\x20\x76\x69\x65\
\x77\x42\x6f\x78\x3d\x22\x30\x20\x30\x20\x32\x34\x20\x32\x34\x22\
\x20\x61\x72\x69\x61\x2d\x6c\x61\x62\x65\x6c\x6c\x65\x64\x62\x79\
\x3d\x22\x67\x72\x69\x64\x4c\x61\x72\x67\x65\x49\x63\x6f\x6e\x54\
\x69\x74\x6c\x65\x22\x20\x73\x74\x72\x6f\x6b\x65\x3d\x22\x23\x30\
\x30\x30\x22\x20\x73\x74\x72\x6f\x6b\x65\x2d\x77\x69\x64\x74\x68\
\x3d\x22\x31\x2e\x35\x22\x20\x73\x74\x72\x6f\x6b\x65\x2d\x6c\x69\
\x6e\x65\x63\x61\x70\x3d\x22\x73\x71\x75\x61\x72\x65\x22\x20\x73\
\x74\x72\x6f\x6b\x65\x2d\x6c\x69\x6e\x65\x6a\x6f\x69\x6e\x3d\x22\
\x6d\x69\x74\x65\x72\x22\x20\x66\x69\x6c\x6c\x3d\x22\x6e\x6f\x6e\
\x65\x22\x20\x63\x6f\x6c\x6f\x72\x3d\x22\x23\x30\x30\x30\x22\x3e\
\x20\x3c\x74\x69\x74\x6c\x65\x20\x69\x64\x3d\x22\x67\x72\x69\x64\
\x4c\x61\x72\x67\x65\x49\x63\x6f\x6e\x54\x69\x74\x6c\x65\x22\x3e\
\x4c\x61\x72\x67\x65\x20\x47\x72\x69\x64\x3c\x2f\x74\x69\x74\x6c\
\x65\x3e\x20\x3c\x72\x65\x63\x74\x20\x77\x69\x64\x74\x68\x3d\x22\
\x37\x22\x20\x68\x65\x69\x67\x68\x74\x3d\x22\x37\x22\x20\x78\x3d\
\x22\x33\x22\x20\x79\x3d\x22\x33\x22\x2f\x3e\x20\x3c\x72\x65\x63\
\x74\x20\x77\x69\x64\x74\x68\x3d\x22\x37\x22\x20\x68\x65\x69\x67\
\x68\x74\x3d\x22\x37\x22\x20\x78\x3d\x22\x31\x34\x22\x20\x79\x3d\
\x22\x33\x22\x2f\x3e\x20\x3c\x72\x65\x63\x74\x20\x77\x69\x64\x74\
\x68\x3d\x22\x37\x22\x20\x68\x65\x69\x67\x68\x74\x3d\x22\x37\x22\
\x20\x78\x3d\x22\x33\x22\x20\x79\x3d\x22\x31\x34\x22\x2f\x3e\x20\
\x3c\x72\x65\x63\x74\x20\x77\x69\x64\x74\x68\x3d\x22\x37\x22\x20\
\x68\x65\x69\x67\x68\x74\x3d\x22\x37\x22\x20\x78\x3d\x22\x31\x34\
\x22\x20\x79\x3d\x22\x31\x34\x22\x2f\x3e\x20\x3c\x2f\x73\x76\x67\
\x3e\
\x00\x00\x02\xb1\
\x3c\
\x73\x76\x67\x20\x72\x6f\x6c\x65\x3d\x22\x69\x6d\x67\x22\x20\x78\
\x6d\x6c\x6e\x73\x3d\x22\x68\x74\x74\x70\x3a\x2f\x2f\x77\x77\x77\
\x2e\x77\x33\x2e\x6f\x72\x67\x2f\x32\x30\x30\x30\x2f\x73\x76\x67\
\x22\x20\x77\x69\x64\x74\x68\x3d\x22\x33\x32\x70\x78\x22\x20\x68\
\x65\x69\x67\x68\x74\x3d\x22\x33\x32\x70\x78\x22\x20\x76\x69\x65\
\x77\x42\x6f\x78\x3d\x22\x30\x20\x30\x20\x32\x34\x20\x32\x34\x22\
\x20\x61\x72\x69\x61\x2d\x6c\x61\x62\x65\x6c\x6c\x65\x64\x62\x79\
\x3d\x22\x61\x70\x65\x72\x74\x75\x72\x65\x49\x63\x6f\x6e\x54\x69\
\x74\x6c\x65\x22\x20\x73\x74\x72\x6f\x6b\x65\x3d\x22\x23\x30\x30\
\x30\x22\x20\x73\x74\x72\x6f\x6b\x65\x2d\x77\x69\x64\x74\x68\x3d\
\x22\x31\x2e\x35\x22\x20\x73\x74\x72\x6f\x6b\x65\x2d\x6c\x69\x6e\
\x65\x63\x61\x70\x3d\x22\x73\x71\x75\x61\x72\x65\x22\x20\x73\x74\
\x72\x6f\x6b\x65\x2d\x6c\x69\x6e\x65\x6a\x6f\x69\x6e\x3d\x22\x6d\
\x69\x74\x65\x72\x22\x20\x66\x69\x6c\x6c\x3d\x22\x6e\x6f\x6e\x65\
\x22\x20\x63\x6f\x6c\x6f\x72\x3d\x22\x23\x30\x30\x30\x22\x3e\x20\
\x3c\x74\x69\x74\x6c\x65\x20\x69\x64\x3d\x22\x61\x70\x65\x72\x74\
\x75\x72\x65\x49\x63\x6f\x6e\x54\x69\x74\x6c\x65\x22\x3e\x41\x70\
\x65\x72\x74\x75\x72\x65\x3c\x2f\x74\x69\x74\x6c\x65\x3e\x20\x3c\
\x70\x61\x74\x68\x20\x64\x3d\x22\x4d\x31\x32\x20\x32\x32\x43\x31\
\x37\x2e\x35\x32\x32\x38\x20\x32\x32\x20\x32\x32\x20\x31\x37\x2e\
\x35\x32\x32\x38\x20\x32\x32\x20\x31\x32\x43\x32\x32\x20\x36\x2e\
\x34\x37\x37\x31\x35\x20\x31\x37\x2e\x35\x32\x32\x38\x20\x32\x20\
\x31\x32\x20\x32\x43\x36\x2e\x34\x37\x37\x31\x35\x20\x32\x20\x32\
\x20\x36\x2e\x34\x37\x37\x31\x35\x20\x32\x20\x31\x32\x43\x32\x20\
\x31\x37\x2e\x35\x32\x32\x38\x20\x36\x2e\x34\x37\x37\x31\x35\x20\
\x32\x32\x20\x31\x32\x20\x32\x32\x5a\x22\x2f\x3e\x20\x3c\x67\x20\
\x73\x74\x72\x6f\x6b\x65\x2d\x6c\x69\x6e\x65\x63\x61\x70\x3d\x22\
\x72\x6f\x75\x6e\x64\x22\x3e\x20\x3c\x70\x61\x74\x68\x20\x64\x3d\
\x22\x4d\x33\x20\x31\x36\x48\x31\x34\x2e\x33\x31\x36\x34\x22\x2f\
\x3e\x20\x3c\x70\x61\x74\x68\x20\x64\x3d\x22\x4d\x34\x2e\x30\x33\
\x35\x38\x39\x20\x36\x2e\x32\x30\x35\x37\x35\x4c\x39\x2e\x36\x38\
\x32\x35\x37\x20\x31\x35\x2e\x39\x38\x36\x31\x22\x2f\x3e\x20\x3c\
\x70\x61\x74\x68\x20\x64\x3d\x22\x4d\x31\x33\x2e\x30\x33\x35\x39\
\x20\x32\x2e\x32\x30\x35\x37\x35\x4c\x37\x2e\x33\x37\x38\x39\x31\
\x20\x31\x32\x2e\x30\x30\x34\x22\x2f\x3e\x20\x3c\x70\x61\x74\x68\
\x20\x64\x3d\x22\x4d\x31\x30\x2e\x39\x36\x34\x31\x20\x32\x31\x2e\
\x37\x39\x34\x32\x4c\x31\x36\x2e\x36\x31\x34\x36\x20\x31\x32\x2e\
\x30\x30\x37\x34\x22\x2f\x3e\x20\x3c\x70\x61\x74\x68\x20\x64\x3d\
\x22\x4d\x31\x39\x2e\x39\x36\x34\x31\x20\x31\x37\x2e\x37\x39\x34\
\x32\x4c\x31\x34\x2e\x33\x30\x38\x36\x20\x37\x2e\x39\x39\x38\x36\
\x36\x22\x2f\x3e\x20\x3c\x70\x61\x74\x68\x20\x64\x3d\x22\x4d\x32\
\x31\x20\x37\x2e\x39\x38\x37\x32\x31\x48\x39\x2e\x37\x31\x38\x34\
\x34\x22\x2f\x3e\x20\x3c\x2f\x67\x3e\x20\x3c\x2f\x73\x76\x67\x3e\
\
\x00\x00\x01\x86\
\x3c\
\x73\x76\x67\x20\x72\x6f\x6c\x65\x3d\x22\x69\x6d\x67\x22\x20\x78\
\x6d\x6c\x6e\x73\x3d\x22\x68\x74\x74\x70\x3a\x2f\x2f\x77\x77\x77\
\x2e\x77\x33\x2e\x6f\x72\x67\x2f\x32\x30\x30\x30\x2f\x73\x76\x67\
\x22\x20\x77\x69\x64\x74\x68\x3d\x22\x33\x32\x70\x78\x22\x20\x68\
\x65\x69\x67\x68\x74\x3d\x22\x33\x32\x70\x78\x22\x20\x76\x69\x65\
\x77\x42\x6f\x78\x3d\x22\x30\x20\x30\x20\x32\x34\x20\x32\x34\x22\
\x20\x61\x72\x69\x61\x2d\x6c\x61\x62\x65\x6c\x6c\x65\x64\x62\x79\
\x3d\x22\x72\x65\x74\x75\x72\x6e\x49\x63\x6f\x6e\x54\x69\x74\x6c\
\x65\x22\x20\x73\x74\x72\x6f\x6b\x65\x3d\x22\x23\x30\x30\x30\x22\
\x20\x73\x74\x72\x6f\x6b\x65\x2d\x77\x69\x64\x74\x68\x3d\x22\x31\
\x2e\x35\x22\x20\x73\x74\x72\x6f\x6b\x65\x2d\x6c\x69\x6e\x65\x63\
\x61\x70\x3d\x22\x73\x71\x75\x61\x72\x65\x22\x20\x73\x74\x72\x6f\
\x6b\x65\x2d\x6c\x69\x6e\x65\x6a\x6f\x69\x6e\x3d\x22\x6d\x69\x74\
\x65\x72\x22\x20\x66\x69\x6c\x6c\x3d\x22\x6e\x6f\x6e\x65\x22\x20\
\x63\x6f\x6c\x6f\x72\x3d\x22\x23\x30\x30\x30\x22\x3e\x20\x3c\x74\
\x69\x74\x6c\x65\x20\x69\x64\x3d\x22\x72\x65\x74\x75\x72\x6e\x49\
\x63\x6f\x6e\x54\x69\x74\x6c\x65\x22\x3e\x52\x65\x74\x75\x72\x6e\
\x3c\x2f\x74\x69\x74\x6c\x65\x3e\x20\x3c\x70\x61\x74\x68\x20\x64\
\x3d\x22\x4d\x31\x39\x2c\x38\x20\x4c\x31\x39\x2c\x31\x31\x20\x43\
\x31\x39\x2c\x31\x32\x2e\x31\x30\x34\x35\x36\x39\x35\x20\x31\x38\
\x2e\x31\x30\x34\x35\x36\x39\x35\x2c\x31\x33\x20\x31\x37\x2c\x31\
\x33\x20\x4c\x36\x2c\x31\x33\x22\x2f\x3e\x20\x3c\x70\x6f\x6c\x79\
\x6c\x69\x6e\x65\x20\x70\x6f\x69\x6e\x74\x73\x3d\x22\x38\x20\x31\
\x36\x20\x35\x20\x31\x33\x20\x38\x20\x31\x30\x22\x2f\x3e\x20\x3c\
\x2f\x73\x76\x67\x3e\
\x00\x00\x01\x3d\
\x3c\
\x73\x76\x67\x20\x72\x6f\x6c\x65\x3d\x22\x69\x6d\x67\x22\x20\x78\
\x6d\x6c\x6e\x73\x3d\x22\x68\x74\x74\x70\x3a\x2f\x2f\x77\x77\x77\
\x2e\x77\x33\x2e\x6f\x72\x67\x2f\x32\x30\x30\x30\x2f\x73\x76\x67\
\x22\x20\x77\x69\x64\x74\x68\x3d\x22\x33\x32\x70\x78\x22\x20\x68\
\x65\x69\x67\x68\x74\x3d\x22\x33\x32\x70\x78\x22\x20\x76\x69\x65\
\x77\x42\x6f\x78\x3d\x22\x30\x20\x30\x20\x32\x34\x20\x32\x34\x22\
\x20\x61\x72\x69\x61\x2d\x6c\x61\x62\x65\x6c\x6c\x65\x64\x62\x79\
\x3d\x22\x70\x6c\x75\x73\x49\x63\x6f\x6e\x54\x69\x74\x6c\x65\x22\
\x20\x73\x74\x72\x6f\x6b\x65\x3d\x22\x23\x30\x30\x30\x22\x20\x73\
\x74\x72\x6f\x6b\x65\x2d\x77\x69\x64\x74\x68\x3d\x22\x31\x2e\x35\
\x22\x20\x73\x74\x72\x6f\x6b\x65\x2d\x6c\x69\x6e\x65\x63\x61\x70\
\x3d\x22\x73\x71\x75\x61\x72\x65\x22\x20\x73\x74\x72\x6f\x6b\x65\
\x2d\x6c\x69\x6e\x65\x6a\x6f\x69\x6e\x3d\x22\x6d\x69\x74\x65\x72\
\x22\x20\x66\x69\x6c\x6c\x3d\x22\x6e\x6f\x6e\x65\x22\x20\x63\x6f\
\x6c\x6f\x72\x3d\x22\x23\x30\x30\x30\x22\x3e\x20\x3c\x74\x69\x74\
\x6c\x65\x20\x69\x64\x3d\x22\x70\x6c\x75\x73\x49\x63\x6f\x6e\x54\
\x69\x74\x6c\x65\x22\x3e\x50\x6c\x75\x73\x3c\x2f\x74\x69\x74\x6c\
\x65\x3e\x20\x3c\x70\x61\x74\x68\x20\x64\x3d\x22\x4d\x32\x30\x20\
\x31\x32\x4c\x34\x20\x31\x32\x4d\x31\x32\x20\x34\x4c\x31\x32\x20\
\x32\x30\x22\x2f\x3e\x20\x3c\x2f\x73\x76\x67\x3e\
\x00\x00\x01\x88\
\x3c\
\x73\x76\x67\x20\x72\x6f\x6c\x65\x3d\x22\x69\x6d\x67\x22\x20\x78\
\x6d\x6c\x6e\x73\x3d\x22\x68\x74\x74\x70\x3a\x2f\x2f\x77\x77\x77\
\x2e\x77\x33\x2e\x6f\x72\x67\x2f\x32\x30\x30\x30\x2f\x73\x76\x67\
\x22\x20\x77\x69\x64\x74\x68\x3d\x22\x33\x32\x70\x78\x22\x20\x68\
\x65\x69\x67\x68\x74\x3d\x22\x33\x32\x70\x78\x22\x20\x76\x69\x65\
\x77\x42\x6f\x78\x3d\x22\x30\x20\x30\x20\x32\x34\x20\x32\x34\x22\
\x20\x61\x72\x69\x61\x2d\x6c\x61\x62\x65\x6c\x6c\x65\x64\x62\x79\
\x3d\x22\x65\x78\x70\x6c\x6f\x72\x65\x49\x63\x6f\x6e\x54\x69\x74\
\x6c\x65\x22\x20\x73\x74\x72\x6f\x6b\x65\x3d\x22\x23\x30\x30\x30\
\x22\x20\x73\x74\x72\x6f\x6b\x65\x2d\x77\x69\x64\x74\x68\x3d\x22\
\x31\x2e\x35\x22\x20\x73\x74\x72\x6f\x6b\x65\x2d\x6c\x69\x6e\x65\
\x63\x61\x70\x3d\x22\x73\x71\x75\x61\x72\x65\x22\x20\x73\x74\x72\
\x6f\x6b\x65\x2d\x6c\x69\x6e\x65\x6a\x6f\x69\x6e\x3d\x22\x6d\x69\
\x74\x65\x72\x22\x20\x66\x69\x6c\x6c\x3d\x22\x6e\x6f\x6e\x65\x22\
\x20\x63\x6f\x6c\x6f\x72\x3d\x22\x23\x30\x30\x30\x22\x3e\x20\x3c\
\x74\x69\x74\x6c\x65\x20\x69\x64\x3d\x22\x65\x78\x70\x6c\x6f\x72\
\x65\x49\x63\x6f\x6e\x54\x69\x74\x6c\x65\x22\x3e\x45\x78\x70\x6c\
\x6f\x72\x65\x3c\x2f\x74\x69\x74\x6c\x65\x3e\x20\x3c\x70\x6f\x6c\
\x79\x67\x6f\x6e\x20\x70\x6f\x69\x6e\x74\x73\x3d\x22\x31\x34\x2e\
\x31\x32\x31\x20\x31\x34\x2e\x31\x32\x31\x20\x37\x2e\x30\x35\x20\
\x31\x36\x2e\x39\x35\x20\x39\x2e\x38\x37\x39\x20\x39\x2e\x38\x37\
\x39\x20\x31\x36\x2e\x39\x35\x20\x37\x2e\x30\x35\x22\x2f\x3e\x20\
\x3c\x63\x69\x72\x63\x6c\x65\x20\x63\x78\x3d\x22\x31\x32\x22\x20\
\x63\x79\x3d\x22\x31\x32\x22\x20\x72\x3d\x22\x31\x30\x22\x2f\x3e\
\x20\x3c\x2f\x73\x76\x67\x3e\
\x00\x00\x01\x5f\
\x3c\
\x73\x76\x67\x20\x72\x6f\x6c\x65\x3d\x22\x69\x6d\x67\x22\x20\x78\
\x6d\x6c\x6e\x73\x3d\x22\x68\x74\x74\x70\x3a\x2f\x2f\x77\x77\x77\
\x2e\x77\x33\x2e\x6f\x72\x67\x2f\x32\x30\x30\x30\x2f\x73\x76\x67\
\x22\x20\x77\x69\x64\x74\x68\x3d\x22\x33\x32\x70\x78\x22\x20\x68\
\x65\x69\x67\x68\x74\x3d\x22\x33\x32\x70\x78\x22\x20\x76\x69\x65\
\x77\x42\x6f\x78\x3d\x22\x30\x20\x30\x20\x32\x34\x20\x32\x34\x22\
\x20\x61\x72\x69\x61\x2d\x6c\x61\x62\x65\x6c\x6c\x65\x64\x62\x79\
\x3d\x22\x63\x68\x65\x76\x72\x6f\x6e\x52\x69\x67\x68\x74\x49\x63\
\x6f\x6e\x54\x69\x74\x6c\x65\x22\x20\x73\x74\x72\x6f\x6b\x65\x3d\
\x22\x23\x30\x30\x30\x22\x20\x73\x74\x72\x6f\x6b\x65\x2d\x77\x69\
\x64\x74\x68\x3d\x22\x31\x2e\x35\x22\x20\x73\x74\x72\x6f\x6b\x65\
\x2d\x6c\x69\x6e\x65\x63\x61\x70\x3d\x22\x73\x71\x75\x61\x72\x65\
\x22\x20\x73\x74\x72\x6f\x6b\x65\x2d\x6c\x69\x6e\x65\x6a\x6f\x69\
\x6e\x3d\x22\x6d\x69\x74\x65\x72\x22\x20\x66\x69\x6c\x6c\x3d\x22\
\x6e\x6f\x6e\x65\x22\x20\x63\x6f\x6c\x6f\x72\x3d\x22\x23\x30\x30\
\x30\x22\x3e\x20\x3c\x74\x69\x74\x6c\x65\x20\x69\x64\x3d\x22\x63\
\x68\x65\x76\x72\x6f\x6e\x52\x69\x67\x68\x74\x49\x63\x6f\x6e\x54\
\x69\x74\x6c\x65\x22\x3e\x43\x68\x65\x76\x72\x6f\x6e\x20\x52\x69\
\x67\x68\x74\x3c\x2f\x74\x69\x74\x6c\x65\x3e\x20\x3c\x70\x6f\x6c\
\x79\x6c\x69\x6e\x65\x20\x70\x6f\x69\x6e\x74\x73\x3d\x22\x31\x30\
\x20\x36\x20\x31\x36\x20\x31\x32\x20\x31\x30\x20\x31\x38\x20\x31\
\x30\x20\x31\x38\x22\x2f\x3e\x20\x3c\x2f\x73\x76\x67\x3e\
\x00\x00\x01\x63\
\x3c\
\x73\x76\x67\x20\x72\x6f\x6c\x65\x3d\x22\x69\x6d\x67\x22\x20\x78\
\x6d\x6c\x6e\x73\x3d\x22\x68\x74\x74\x70\x3a\x2f\x2f\x77\x77\x77\
\x2e\x77\x33\x2e\x6f\x72\x67\x2f\x32\x30\x30\x30\x2f\x73\x76\x67\
\x22\x20\x77\x69\x64\x74\x68\x3d\x22\x33\x32\x70\x78\x22\x20\x68\
\x65\x69\x67\x68\x74\x3d\x22\x33\x32\x70\x78\x22\x20\x76\x69\x65\
\x77\x42\x6f\x78\x3d\x22\x30\x20\x30\x20\x32\x34\x20\x32\x34\x22\
\x20\x61\x72\x69\x61\x2d\x6c\x61\x62\x65\x6c\x6c\x65\x64\x62\x79\
\x3d\x22\x73\x74\x61\x74\x73\x41\x6c\x74\x49\x63\x6f\x6e\x54\x69\
\x74\x6c\x65\x22\x20\x73\x74\x72\x6f\x6b\x65\x3d\x22\x23\x30\x30\
\x30\x22\x20\x73\x74\x72\x6f\x6b\x65\x2d\x77\x69\x64\x74\x68\x3d\
\x22\x31\x2e\x35\x22\x20\x73\x74\x72\x6f\x6b\x65\x2d\x6c\x69\x6e\
\x65\x63\x61\x70\x3d\x22\x73\x71\x75\x61\x72\x65\x22\x20\x73\x74\
\x72\x6f\x6b\x65\x2d\x6c\x69\x6e\x65\x6a\x6f\x69\x6e\x3d\x22\x6d\
\x69\x74\x65\x72\x22\x20\x66\x69\x6c\x6c\x3d\x22\x6e\x6f\x6e\x65\
\x22\x20\x63\x6f\x6c\x6f\x72\x3d\x22\x23\x30\x30\x30\x22\x3e\x20\
\x3c\x74\x69\x74\x6c\x65\x20\x69\x64\x3d\x22\x73\x74\x61\x74\x73\
\x41\x6c\x74\x49\x63\x6f\x6e\x54\x69\x74\x6c\x65\x22\x3e\x53\x74\
\x61\x74\x73\x3c\x2f\x74\x69\x74\x6c\x65\x3e\x20\x3c\x70\x61\x74\
\x68\x20\x64\x3d\x22\x4d\x31\x34\x20\x36\x4c\x38\x20\x36\x4d\x32\
\x31\x20\x31\x30\x4c\x38\x20\x31\x30\x4d\x34\x20\x31\x38\x4c\x34\
\x20\x36\x4d\x31\x38\x20\x31\x34\x4c\x38\x20\x31\x34\x4d\x31\x30\
\x20\x31\x38\x4c\x38\x20\x31\x38\x22\x2f\x3e\x20\x3c\x2f\x73\x76\
\x67\x3e\
\x00\x00\x02\xf9\
\x3c\
\x73\x76\x67\x20\x77\x69\x64\x74\x68\x3d\x22\x33\x32\x70\x78\x22\
\x20\x68\x65\x69\x67\x68\x74\x3d\x22\x33\x32\x70\x78\x22\x20\x76\
\x69\x65\x77\x42\x6f\x78\x3d\x22\x30\x20\x30\x20\x32\x34\x20\x32\
\x34\x22\x20\x78\x6d\x6c\x6e\x73\x3d\x22\x68\x74\x74\x70\x3a\x2f\
\x2f\x77\x77\x77\x2e\x77\x33\x2e\x6f\x72\x67\x2f\x32\x30\x30\x30\
\x2f\x73\x76\x67\x22\x20\x61\x72\x69\x61\x2d\x6c\x61\x62\x65\x6c\
\x6c\x65\x64\x62\x79\x3d\x22\x63\x61\x72\x74\x41\x64\x64\x49\x63\
\x6f\x6e\x54\x69\x74\x6c\x65\x22\x20\x73\x74\x72\x6f\x6b\x65\x3d\
\x22\x23\x30\x30\x30\x22\x20\x73\x74\x72\x6f\x6b\x65\x2d\x77\x69\
\x64\x74\x68\x3d\x22\x31\x2e\x35\x22\x20\x73\x74\x72\x6f\x6b\x65\
\x2d\x6c\x69\x6e\x65\x63\x61\x70\x3d\x22\x73\x71\x75\x61\x72\x65\
\x22\x20\x73\x74\x72\x6f\x6b\x65\x2d\x6c\x69\x6e\x65\x6a\x6f\x69\
\x6e\x3d\x22\x6d\x69\x74\x65\x72\x22\x20\x66\x69\x6c\x6c\x3d\x22\
\x6e\x6f\x6e\x65\x22\x20\x63\x6f\x6c\x6f\x72\x3d\x22\x23\x30\x30\
\x30\x22\x3e\x20\x3c\x74\x69\x74\x6c\x65\x20\x69\x64\x3d\x22\x63\
\x61\x72\x74\x41\x64\x64\x49\x63\x6f\x6e\x54\x69\x74\x6c\x65\x22\
\x3e\x41\x64\x64\x20\x64\x6f\x20\x63\x61\x72\x74\x3c\x2f\x74\x69\
\x74\x6c\x65\x3e\x20\x3c\x70\x61\x74\x68\x20\x64\x3d\x22\x4d\x32\
\x31\x2e\x32\x39\x32\x32\x20\x36\x4c\x31\x39\x2e\x39\x34\x36\x33\
\x20\x31\x34\x2e\x31\x36\x32\x37\x43\x31\x39\x2e\x38\x36\x36\x36\
\x20\x31\x34\x2e\x36\x34\x35\x37\x20\x31\x39\x2e\x34\x34\x39\x31\
\x20\x31\x35\x20\x31\x38\x2e\x39\x35\x39\x36\x20\x31\x35\x48\x37\
\x2e\x30\x34\x33\x30\x34\x43\x36\x2e\x35\x35\x33\x35\x35\x20\x31\
\x35\x20\x36\x2e\x31\x33\x36\x20\x31\x34\x2e\x36\x34\x35\x37\x20\
\x36\x2e\x30\x35\x36\x33\x36\x20\x31\x34\x2e\x31\x36\x32\x37\x4c\
\x34\x2e\x38\x34\x38\x35\x31\x20\x36\x2e\x38\x33\x37\x33\x31\x43\
\x34\x2e\x37\x36\x38\x38\x37\x20\x36\x2e\x33\x35\x34\x33\x34\x20\
\x34\x2e\x33\x35\x31\x33\x33\x20\x36\x20\x33\x2e\x38\x36\x31\x38\
\x33\x20\x36\x48\x32\x22\x2f\x3e\x20\x3c\x70\x61\x74\x68\x20\x64\
\x3d\x22\x4d\x38\x20\x32\x30\x43\x38\x2e\x35\x35\x32\x32\x38\x20\
\x32\x30\x20\x39\x20\x31\x39\x2e\x35\x35\x32\x33\x20\x39\x20\x31\
\x39\x43\x39\x20\x31\x38\x2e\x34\x34\x37\x37\x20\x38\x2e\x35\x35\
\x32\x32\x38\x20\x31\x38\x20\x38\x20\x31\x38\x43\x37\x2e\x34\x34\
\x37\x37\x32\x20\x31\x38\x20\x37\x20\x31\x38\x2e\x34\x34\x37\x37\
\x20\x37\x20\x31\x39\x43\x37\x20\x31\x39\x2e\x35\x35\x32\x33\x20\
\x37\x2e\x34\x34\x37\x37\x32\x20\x32\x30\x20\x38\x20\x32\x30\x5a\
\x22\x2f\x3e\x20\x3c\x70\x61\x74\x68\x20\x64\x3d\x22\x4d\x31\x38\
\x20\x32\x30\x43\x31\x38\x2e\x35\x35\x32\x33\x20\x32\x30\x20\x31\
\x39\x20\x31\x39\x2e\x35\x35\x32\x33\x20\x31\x39\x20\x31\x39\x43\
\x31\x39\x20\x31\x38\x2e\x34\x34\x37\x37\x20\x31\x38\x2e\x35\x35\
\x32\x33\x20\x31\x38\x20\x31\x38\x20\x31\x38\x43\x31\x37\x2e\x34\
\x34\x37\x37\x20\x31\x38\x20\x31\x37\x20\x31\x38\x2e\x34\x34\x37\
\x37\x20\x31\x37\x20\x31\x39\x43\x31\x37\x20\x31\x39\x2e\x35\x35\
\x32\x33\x20\x31\x37\x2e\x34\x34\x37\x37\x20\x32\x30\x20\x31\x38\
\x20\x32\x30\x5a\x22\x2f\x3e\x20\x3c\x70\x61\x74\x68\x20\x64\x3d\
\x22\x4d\x31\x36\x20\x38\x48\x31\x30\x22\x2f\x3e\x20\x3c\x70\x61\
\x74\x68\x20\x64\x3d\x22\x4d\x31\x33\x20\x35\x56\x31\x31\x22\x2f\
\x3e\x20\x3c\x2f\x73\x76\x67\x3e\
\x00\x00\x01\xfe\
\x3c\
\x73\x76\x67\x20\x77\x69\x64\x74\x68\x3d\x22\x33\x32\x70\x78\x22\
\x20\x68\x65\x69\x67\x68\x74\x3d\x22\x33\x32\x70\x78\x22\x20\x76\
\x69\x65\x77\x42\x6f\x78\x3d\x22\x30\x20\x30\x20\x32\x34\x20\x32\
\x34\x22\x20\x66\x69\x6c\x6c\x3d\x22\x6e\x6f\x6e\x65\x22\x20\x78\
\x6d\x6c\x6e\x73\x3d\x22\x68\x74\x74\x70\x3a\x2f\x2f\x77\x77\x77\
\x2e\x77\x33\x2e\x6f\x72\x67\x2f\x32\x30\x30\x30\x2f\x73\x76\x67\
\x22\x20\x61\x72\x69\x61\x2d\x6c\x61\x62\x65\x6c\x6c\x65\x64\x62\
\x79\x3d\x22\x63\x6f\x6e\x74\x72\x6f\x6c\x73\x41\x6c\x74\x49\x63\
\x6f\x6e\x54\x69\x74\x6c\x65\x22\x20\x73\x74\x72\x6f\x6b\x65\x3d\
\x22\x23\x30\x30\x30\x22\x20\x73\x74\x72\x6f\x6b\x65\x2d\x77\x69\
\x64\x74\x68\x3d\x22\x31\x2e\x35\x22\x20\x73\x74\x72\x6f\x6b\x65\
\x2d\x6c\x69\x6e\x65\x63\x61\x70\x3d\x22\x73\x71\x75\x61\x72\x65\
\x22\x20\x73\x74\x72\x6f\x6b\x65\x2d\x6c\x69\x6e\x65\x6a\x6f\x69\
\x6e\x3d\x22\x6d\x69\x74\x65\x72\x22\x20\x63\x6f\x6c\x6f\x72\x3d\
\x22\x23\x30\x30\x30\x22\x3e\x20\x3c\x74\x69\x74\x6c\x65\x20\x69\
\x64\x3d\x22\x63\x6f\x6e\x74\x72\x6f\x6c\x73\x41\x6c\x74\x49\x63\
\x6f\x6e\x54\x69\x74\x6c\x65\x22\x3e\x43\x6f\x6e\x74\x72\x6f\x6c\
\x73\x3c\x2f\x74\x69\x74\x6c\x65\x3e\x20\x3c\x63\x69\x72\x63\x6c\
\x65\x20\x63\x78\x3d\x22\x39\x22\x20\x63\x79\x3d\x22\x36\x22\x20\
\x72\x3d\x22\x32\x22\x2f\x3e\x20\x3c\x70\x61\x74\x68\x20\x64\x3d\
\x22\x4d\x34\x20\x36\x48\x37\x22\x2f\x3e\x20\x3c\x70\x61\x74\x68\
\x20\x64\x3d\x22\x4d\x31\x31\x20\x36\x48\x32\x30\x22\x2f\x3e\x20\
\x3c\x63\x69\x72\x63\x6c\x65\x20\x63\x78\x3d\x22\x39\x22\x20\x63\
\x79\x3d\x22\x31\x38\x22\x20\x72\x3d\x22\x32\x22\x2f\x3e\x20\x3c\
\x70\x61\x74\x68\x20\x64\x3d\x22\x4d\x34\x20\x31\x38\x48\x37\x22\
\x2f\x3e\x20\x3c\x70\x61\x74\x68\x20\x64\x3d\x22\x4d\x31\x31\x20\
\x31\x38\x48\x32\x30\x22\x2f\x3e\x20\x3c\x63\x69\x72\x63\x6c\x65\
\x20\x63\x78\x3d\x22\x31\x35\x22\x20\x63\x79\x3d\x22\x31\x32\x22\
\x20\x72\x3d\x22\x32\x22\x2f\x3e\x20\x3c\x70\x61\x74\x68\x20\x64\
\x3d\x22\x4d\x34\x20\x31\x32\x48\x31\x33\x22\x2f\x3e\x20\x3c\x70\
\x61\x74\x68\x20\x64\x3d\x22\x4d\x31\x37\x20\x31\x32\x4c\x32\x30\
\x20\x31\x32\x22\x2f\x3e\x20\x3c\x2f\x73\x76\x67\x3e\
\x00\x00\x01\x5e\
\x3c\
\x73\x76\x67\x20\x77\x69\x64\x74\x68\x3d\x22\x33\x32\x70\x78\x22\
\x20\x68\x65\x69\x67\x68\x74\x3d\x22\x33\x32\x70\x78\x22\x20\x76\
\x69\x65\x77\x42\x6f\x78\x3d\x22\x30\x20\x30\x20\x32\x34\x20\x32\
\x34\x22\x20\x78\x6d\x6c\x6e\x73\x3d\x22\x68\x74\x74\x70\x3a\x2f\
\x2f\x77\x77\x77\x2e\x77\x33\x2e\x6f\x72\x67\x2f\x32\x30\x30\x30\
\x2f\x73\x76\x67\x22\x20\x61\x72\x69\x61\x2d\x6c\x61\x62\x65\x6c\
\x6c\x65\x64\x62\x79\x3d\x22\x68\x6f\x6d\x65\x41\x6c\x74\x32\x49\
\x63\x6f\x6e\x54\x69\x74\x6c\x65\x22\x20\x73\x74\x72\x6f\x6b\x65\
\x3d\x22\x23\x30\x30\x30\x22\x20\x73\x74\x72\x6f\x6b\x65\x2d\x77\
\x69\x64\x74\x68\x3d\x22\x31\x2e\x35\x22\x20\x73\x74\x72\x6f\x6b\
\x65\x2d\x6c\x69\x6e\x65\x63\x61\x70\x3d\x22\x73\x71\x75\x61\x72\
\x65\x22\x20\x73\x74\x72\x6f\x6b\x65\x2d\x6c\x69\x6e\x65\x6a\x6f\
\x69\x6e\x3d\x22\x6d\x69\x74\x65\x72\x22\x20\x66\x69\x6c\x6c\x3d\
\x22\x6e\x6f\x6e\x65\x22\x20\x63\x6f\x6c\x6f\x72\x3d\x22\x23\x30\
\x30\x30\x22\x3e\x20\x3c\x74\x69\x74\x6c\x65\x20\x69\x64\x3d\x22\
\x68\x6f\x6d\x65\x41\x6c\x74\x32\x49\x63\x6f\x6e\x54\x69\x74\x6c\
\x65\x22\x3e\x48\x6f\x6d\x65\x3c\x2f\x74\x69\x74\x6c\x65\x3e\x20\
\x3c\x70\x61\x74\x68\x20\x64\x3d\x22\x4d\x32\x20\x31\x32\x4c\x35\
\x20\x39\x2e\x33\x4d\x32\x32\x20\x31\x32\x4c\x31\x39\x20\x39\x2e\
\x33\x4d\x31\x39\x20\x39\x2e\x33\x4c\x31\x32\x20\x33\x4c\x35\x20\
\x39\x2e\x33\x4d\x31\x39\x20\x39\x2e\x33\x56\x32\x31\x48\x35\x56\
\x39\x2e\x33\x22\x2f\x3e\x20\x3c\x2f\x73\x76\x67\x3e\
\x00\x00\x01\x5a\
\x3c\
\x73\x76\x67\x20\x72\x6f\x6c\x65\x3d\x22\x69\x6d\x67\x22\x20\x78\
\x6d\x6c\x6e\x73\x3d\x22\x68\x74\x74\x70\x3a\x2f\x2f\x77\x77\x77\
\x2e\x77\x33\x2e\x6f\x72\x67\x2f\x32\x30\x30\x30\x2f\x73\x76\x67\
\x22\x20\x77\x69\x64\x74\x68\x3d\x22\x33\x32\x70\x78\x22\x20\x68\
\x65\x69\x67\x68\x74\x3d\x22\x33\x32\x70\x78\x22\x20\x76\x69\x65\
\x77\x42\x6f\x78\x3d\x22\x30\x20\x30\x20\x32\x34\x20\x32\x34\x22\
\x20\x61\x72\x69\x61\x2d\x6c\x61\x62\x65\x6c\x6c\x65\x64\x62\x79\
\x3d\x22\x6a\x75\x73\x74\x69\x66\x79\x49\x63\x6f\x6e\x54\x69\x74\
\x6c\x65\x22\x20\x73\x74\x72\x6f\x6b\x65\x3d\x22\x23\x30\x30\x30\
\x22\x20\x73\x74\x72\x6f\x6b\x65\x2d\x77\x69\x64\x74\x68\x3d\x22\
\x31\x2e\x35\x22\x20\x73\x74\x72\x6f\x6b\x65\x2d\x6c\x69\x6e\x65\
\x63\x61\x70\x3d\x22\x73\x71\x75\x61\x72\x65\x22\x20\x73\x74\x72\
\x6f\x6b\x65\x2d\x6c\x69\x6e\x65\x6a\x6f\x69\x6e\x3d\x22\x6d\x69\
\x74\x65\x72\x22\x20\x66\x69\x6c\x6c\x3d\x22\x6e\x6f\x6e\x65\x22\
\x20\x63\x6f\x6c\x6f\x72\x3d\x22\x23\x30\x30\x30\x22\x3e\x20\x3c\
\x74\x69\x74\x6c\x65\x20\x69\x64\x3d\x22\x6a\x75\x73\x74\x69\x66\
\x79\x49\x63\x6f\x6e\x54\x69\x74\x6c\x65\x22\x3e\x4a\x75\x73\x74\
\x69\x66\x79\x3c\x2f\x74\x69\x74\x6c\x65\x3e\x20\x3c\x70\x61\x74\
\x68\x20\x64\x3d\x22\x4d\x36\x20\x31\x30\x4c\x31\x38\x20\x31\x30\
\x4d\x36\x20\x36\x4c\x31\x38\x20\x36\x4d\x36\x20\x31\x34\x4c\x31\
\x38\x20\x31\x34\x4d\x36\x20\x31\x38\x4c\x31\x38\x20\x31\x38\x22\
\x2f\x3e\x20\x3c\x2f\x73\x76\x67\x3e\
\x00\x00\x01\x8a\
\x3c\
\x73\x76\x67\x20\x72\x6f\x6c\x65\x3d\x22\x69\x6d\x67\x22\x20\x78\
\x6d\x6c\x6e\x73\x3d\x22\x68\x74\x74\x70\x3a\x2f\x2f\x77\x77\x77\
\x2e\x77\x33\x2e\x6f\x72\x67\x2f\x32\x30\x30\x30\x2f\x73\x76\x67\
\x22\x20\x77\x69\x64\x74\x68\x3d\x22\x33\x32\x70\x78\x22\x20\x68\
\x65\x69\x67\x68\x74\x3d\x22\x33\x32\x70\x78\x22\x20\x76\x69\x65\
\x77\x42\x6f\x78\x3d\x22\x30\x20\x30\x20\x32\x34\x20\x32\x34\x22\
\x20\x61\x72\x69\x61\x2d\x6c\x61\x62\x65\x6c\x6c\x65\x64\x62\x79\
\x3d\x22\x61\x72\x72\x6f\x77\x52\x69\x67\x68\x74\x49\x63\x6f\x6e\
\x54\x69\x74\x6c\x65\x22\x20\x73\x74\x72\x6f\x6b\x65\x3d\x22\x23\
\x30\x30\x30\x22\x20\x73\x74\x72\x6f\x6b\x65\x2d\x77\x69\x64\x74\
\x68\x3d\x22\x31\x2e\x35\x22\x20\x73\x74\x72\x6f\x6b\x65\x2d\x6c\
\x69\x6e\x65\x63\x61\x70\x3d\x22\x73\x71\x75\x61\x72\x65\x22\x20\
\x73\x74\x72\x6f\x6b\x65\x2d\x6c\x69\x6e\x65\x6a\x6f\x69\x6e\x3d\
\x22\x6d\x69\x74\x65\x72\x22\x20\x66\x69\x6c\x6c\x3d\x22\x6e\x6f\
\x6e\x65\x22\x20\x63\x6f\x6c\x6f\x72\x3d\x22\x23\x30\x30\x30\x22\
\x3e\x20\x3c\x74\x69\x74\x6c\x65\x20\x69\x64\x3d\x22\x61\x72\x72\
\x6f\x77\x52\x69\x67\x68\x74\x49\x63\x6f\x6e\x54\x69\x74\x6c\x65\
\x22\x3e\x41\x72\x72\x6f\x77\x20\x52\x69\x67\x68\x74\x3c\x2f\x74\
\x69\x74\x6c\x65\x3e\x20\x3c\x70\x61\x74\x68\x20\x64\x3d\x22\x4d\
\x31\x35\x20\x31\x38\x6c\x36\x2d\x36\x2d\x36\x2d\x36\x22\x2f\x3e\
\x20\x3c\x70\x61\x74\x68\x20\x64\x3d\x22\x4d\x33\x20\x31\x32\x68\
\x31\x37\x22\x2f\x3e\x20\x3c\x70\x61\x74\x68\x20\x73\x74\x72\x6f\
\x6b\x65\x2d\x6c\x69\x6e\x65\x63\x61\x70\x3d\x22\x72\x6f\x75\x6e\
\x64\x22\x20\x64\x3d\x22\x4d\x32\x31\x20\x31\x32\x68\x2d\x31\x22\
\x2f\x3e\x20\x3c\x2f\x73\x76\x67\x3e\
\x00\x00\x01\xba\
\x3c\
\x73\x76\x67\x20\x77\x69\x64\x74\x68\x3d\x22\x33\x32\x70\x78\x22\
\x20\x68\x65\x69\x67\x68\x74\x3d\x22\x33\x32\x70\x78\x22\x20\x76\
\x69\x65\x77\x42\x6f\x78\x3d\x22\x30\x20\x30\x20\x32\x34\x20\x32\
\x34\x22\x20\x66\x69\x6c\x6c\x3d\x22\x6e\x6f\x6e\x65\x22\x20\x78\
\x6d\x6c\x6e\x73\x3d\x22\x68\x74\x74\x70\x3a\x2f\x2f\x77\x77\x77\
\x2e\x77\x33\x2e\x6f\x72\x67\x2f\x32\x30\x30\x30\x2f\x73\x76\x67\
\x22\x20\x61\x72\x69\x61\x2d\x6c\x61\x62\x65\x6c\x6c\x65\x64\x62\
\x79\x3d\x22\x73\x6f\x75\x6e\x64\x73\x49\x63\x6f\x6e\x54\x69\x74\
\x6c\x65\x22\x20\x73\x74\x72\x6f\x6b\x65\x3d\x22\x23\x30\x30\x30\
\x22\x20\x73\x74\x72\x6f\x6b\x65\x2d\x77\x69\x64\x74\x68\x3d\x22\
\x31\x2e\x35\x22\x20\x73\x74\x72\x6f\x6b\x65\x2d\x6c\x69\x6e\x65\
\x63\x61\x70\x3d\x22\x73\x71\x75\x61\x72\x65\x22\x20\x73\x74\x72\
\x6f\x6b\x65\x2d\x6c\x69\x6e\x65\x6a\x6f\x69\x6e\x3d\x22\x6d\x69\
\x74\x65\x72\x22\x20\x63\x6f\x6c\x6f\x72\x3d\x22\x23\x30\x30\x30\
\x22\x3e\x20\x3c\x74\x69\x74\x6c\x65\x20\x69\x64\x3d\x22\x73\x6f\
\x75\x6e\x64\x73\x49\x63\x6f\x6e\x54\x69\x74\x6c\x65\x22\x3e\x53\
\x6f\x75\x6e\x64\x73\x3c\x2f\x74\x69\x74\x6c\x65\x3e\x20\x3c\x70\
\x61\x74\x68\x20\x64\x3d\x22\x4d\x31\x32\x20\x37\x4c\x31\x32\x20\
\x31\x37\x22\x2f\x3e\x20\x3c\x70\x61\x74\x68\x20\x64\x3d\x22\x4d\
\x31\x35\x20\x31\x30\x4c\x31\x35\x20\x31\x34\x22\x2f\x3e\x20\x3c\
\x70\x61\x74\x68\x20\x64\x3d\x22\x4d\x31\x38\x20\x38\x4c\x31\x38\
\x20\x31\x36\x22\x2f\x3e\x20\x3c\x70\x61\x74\x68\x20\x64\x3d\x22\
\x4d\x32\x31\x20\x31\x33\x4c\x32\x31\x20\x31\x31\x22\x2f\x3e\x20\
\x3c\x70\x61\x74\x68\x20\x64\x3d\x22\x4d\x39\x20\x34\x4c\x39\x20\
\x32\x30\x22\x2f\x3e\x20\x3c\x70\x61\x74\x68\x20\x64\x3d\x22\x4d\
\x36\x20\x39\x4c\x36\x20\x31\x35\x22\x2f\x3e\x20\x3c\x70\x61\x74\
\x68\x20\x64\x3d\x22\x4d\x33\x20\x31\x33\x4c\x33\x20\x31\x31\x22\
\x2f\x3e\x20\x3c\x2f\x73\x76\x67\x3e\
\x00\x00\x01\x5d\
\x3c\
\x73\x76\x67\x20\x77\x69\x64\x74\x68\x3d\x22\x33\x32\x70\x78\x22\
\x20\x68\x65\x69\x67\x68\x74\x3d\x22\x33\x32\x70\x78\x22\x20\x76\
\x69\x65\x77\x42\x6f\x78\x3d\x22\x30\x20\x30\x20\x32\x34\x20\x32\
\x34\x22\x20\x78\x6d\x6c\x6e\x73\x3d\x22\x68\x74\x74\x70\x3a\x2f\
\x2f\x77\x77\x77\x2e\x77\x33\x2e\x6f\x72\x67\x2f\x32\x30\x30\x30\
\x2f\x73\x76\x67\x22\x20\x61\x72\x69\x61\x2d\x6c\x61\x62\x65\x6c\
\x6c\x65\x64\x62\x79\x3d\x22\x73\x68\x61\x72\x65\x49\x63\x6f\x6e\
\x54\x69\x74\x6c\x65\x22\x20\x73\x74\x72\x6f\x6b\x65\x3d\x22\x23\
\x30\x30\x30\x22\x20\x73\x74\x72\x6f\x6b\x65\x2d\x77\x69\x64\x74\
\x68\x3d\x22\x31\x2e\x35\x22\x20\x73\x74\x72\x6f\x6b\x65\x2d\x6c\
\x69\x6e\x65\x63\x61\x70\x3d\x22\x73\x71\x75\x61\x72\x65\x22\x20\
\x73\x74\x72\x6f\x6b\x65\x2d\x6c\x69\x6e\x65\x6a\x6f\x69\x6e\x3d\
\x22\x6d\x69\x74\x65\x72\x22\x20\x66\x69\x6c\x6c\x3d\x22\x6e\x6f\
\x6e\x65\x22\x20\x63\x6f\x6c\x6f\x72\x3d\x22\x23\x30\x30\x30\x22\
\x3e\x20\x3c\x74\x69\x74\x6c\x65\x20\x69\x64\x3d\x22\x73\x68\x61\
\x72\x65\x49\x63\x6f\x6e\x54\x69\x74\x6c\x65\x22\x3e\x53\x68\x61\
\x72\x65\x3c\x2f\x74\x69\x74\x6c\x65\x3e\x20\x3c\x70\x61\x74\x68\
\x20\x64\x3d\x22\x4d\x31\x32\x20\x31\x34\x56\x36\x22\x2f\x3e\x20\
\x3c\x70\x61\x74\x68\x20\x64\x3d\x22\x4d\x39\x20\x38\x4c\x31\x32\
\x20\x35\x4c\x31\x35\x20\x38\x22\x2f\x3e\x20\x3c\x70\x61\x74\x68\
\x20\x64\x3d\x22\x4d\x35\x20\x31\x33\x56\x31\x38\x48\x31\x39\x56\
\x31\x33\x22\x2f\x3e\x20\x3c\x2f\x73\x76\x67\x3e\
\x00\x00\x02\xe0\
\x3c\
\x73\x76\x67\x20\x72\x6f\x6c\x65\x3d\x22\x69\x6d\x67\x22\x20\x78\
\x6d\x6c\x6e\x73\x3d\x22\x68\x74\x74\x70\x3a\x2f\x2f\x77\x77\x77\
\x2e\x77\x33\x2e\x6f\x72\x67\x2f\x32\x30\x30\x30\x2f\x73\x76\x67\
\x22\x20\x77\x69\x64\x74\x68\x3d\x22\x33\x32\x70\x78\x22\x20\x68\
\x65\x69\x67\x68\x74\x3d\x22\x33\x32\x70\x78\x22\x20\x76\x69\x65\
\x77\x42\x6f\x78\x3d\x22\x30\x20\x30\x20\x32\x34\x20\x32\x34\x22\
\x20\x61\x72\x69\x61\x2d\x6c\x61\x62\x65\x6c\x6c\x65\x64\x62\x79\
\x3d\x22\x73\x75\x70\x70\x6f\x72\x74\x49\x63\x6f\x6e\x54\x69\x74\
\x6c\x65\x22\x20\x73\x74\x72\x6f\x6b\x65\x3d\x22\x23\x30\x30\x30\
\x22\x20\x73\x74\x72\x6f\x6b\x65\x2d\x77\x69\x64\x74\x68\x3d\x22\
\x31\x2e\x35\x22\x20\x73\x74\x72\x6f\x6b\x65\x2d\x6c\x69\x6e\x65\
\x63\x61\x70\x3d\x22\x73\x71\x75\x61\x72\x65\x22\x20\x73\x74\x72\
\x6f\x6b\x65\x2d\x6c\x69\x6e\x65\x6a\x6f\x69\x6e\x3d\x22\x6d\x69\
\x74\x65\x72\x22\x20\x66\x69\x6c\x6c\x3d\x22\x6e\x6f\x6e\x65\x22\
\x20\x63\x6f\x6c\x6f\x72\x3d\x22\x23\x30\x30\x30\x22\x3e\x20\x3c\
\x74\x69\x74\x6c\x65\x20\x69\x64\x3d\x22\x73\x75\x70\x70\x6f\x72\
\x74\x49\x63\x6f\x6e\x54\x69\x74\x6c\x65\x22\x3e\x53\x75\x70\x70\
\x6f\x72\x74\x3c\x2f\x74\x69\x74\x6c\x65\x3e\x20\x3c\x70\x61\x74\
\x68\x20\x64\x3d\x22\x4d\x31\x38\x2c\x39\x20\x4c\x31\x36\x2c\x39\
\x20\x43\x31\x34\x2e\x38\x39\x35\x34\x33\x30\x35\x2c\x39\x20\x31\
\x34\x2c\x39\x2e\x38\x39\x35\x34\x33\x30\x35\x20\x31\x34\x2c\x31\
\x31\x20\x4c\x31\x34\x2c\x31\x33\x20\x43\x31\x34\x2c\x31\x34\x2e\
\x31\x30\x34\x35\x36\x39\x35\x20\x31\x34\x2e\x38\x39\x35\x34\x33\
\x30\x35\x2c\x31\x35\x20\x31\x36\x2c\x31\x35\x20\x4c\x31\x36\x2c\
\x31\x35\x20\x43\x31\x37\x2e\x31\x30\x34\x35\x36\x39\x35\x2c\x31\
\x35\x20\x31\x38\x2c\x31\x34\x2e\x31\x30\x34\x35\x36\x39\x35\x20\
\x31\x38\x2c\x31\x33\x20\x4c\x31\x38\x2c\x39\x20\x43\x31\x38\x2c\
\x34\x2e\x30\x32\x39\x34\x33\x37\x32\x35\x20\x31\x33\x2e\x39\x37\
\x30\x35\x36\x32\x37\x2c\x30\x20\x39\x2c\x30\x20\x43\x34\x2e\x30\
\x32\x39\x34\x33\x37\x32\x35\x2c\x30\x20\x30\x2c\x34\x2e\x30\x32\
\x39\x34\x33\x37\x32\x35\x20\x30\x2c\x39\x20\x4c\x30\x2c\x31\x33\
\x20\x43\x31\x2e\x33\x35\x32\x37\x30\x37\x35\x65\x2d\x31\x36\x2c\
\x31\x34\x2e\x31\x30\x34\x35\x36\x39\x35\x20\x30\x2e\x38\x39\x35\
\x34\x33\x30\x35\x2c\x31\x35\x20\x32\x2c\x31\x35\x20\x4c\x32\x2c\
\x31\x35\x20\x43\x33\x2e\x31\x30\x34\x35\x36\x39\x35\x2c\x31\x35\
\x20\x34\x2c\x31\x34\x2e\x31\x30\x34\x35\x36\x39\x35\x20\x34\x2c\
\x31\x33\x20\x4c\x34\x2c\x31\x31\x20\x43\x34\x2c\x39\x2e\x38\x39\
\x35\x34\x33\x30\x35\x20\x33\x2e\x31\x30\x34\x35\x36\x39\x35\x2c\
\x39\x20\x32\x2c\x39\x20\x4c\x30\x2c\x39\x22\x20\x74\x72\x61\x6e\
\x73\x66\x6f\x72\x6d\x3d\x22\x74\x72\x61\x6e\x73\x6c\x61\x74\x65\
\x28\x33\x20\x33\x29\x22\x2f\x3e\x20\x3c\x70\x61\x74\x68\x20\x64\
\x3d\x22\x4d\x32\x31\x2c\x31\x34\x20\x4c\x32\x31\x2c\x31\x38\x20\
\x43\x32\x31\x2c\x32\x30\x20\x32\x30\x2e\x33\x33\x33\x33\x33\x33\
\x33\x2c\x32\x31\x20\x31\x39\x2c\x32\x31\x20\x43\x31\x37\x2e\x36\
\x36\x36\x36\x36\x36\x37\x2c\x32\x31\x20\x31\x36\x2c\x32\x31\x20\
\x31\x34\x2c\x32\x31\x22\x2f\x3e\x20\x3c\x2f\x73\x76\x67\x3e\
\x00\x00\x01\xc2\
\x3c\
\x73\x76\x67\x20\x72\x6f\x6c\x65\x3d\x22\x69\x6d\x67\x22\x20\x78\
\x6d\x6c\x6e\x73\x3d\x22\x68\x74\x74\x70\x3a\x2f\x2f\x77\x77\x77\
\x2e\x77\x33\x2e\x6f\x72\x67\x2f\x32\x30\x30\x30\x2f\x73\x76\x67\
\x22\x20\x77\x69\x64\x74\x68\x3d\x22\x33\x32\x70\x78\x22\x20\x68\
\x65\x69\x67\x68\x74\x3d\x22\x33\x32\x70\x78\x22\x20\x76\x69\x65\
\x77\x42\x6f\x78\x3d\x22\x30\x20\x30\x20\x32\x34\x20\x32\x34\x22\
\x20\x61\x72\x69\x61\x2d\x6c\x61\x62\x65\x6c\x6c\x65\x64\x62\x79\
\x3d\x22\x6c\x6f\x63\x61\x74\x69\x6f\x6e\x49\x63\x6f\x6e\x54\x69\
\x74\x6c\x65\x22\x20\x73\x74\x72\x6f\x6b\x65\x3d\x22\x23\x30\x30\
\x30\x22\x20\x73\x74\x72\x6f\x6b\x65\x2d\x77\x69\x64\x74\x68\x3d\
\x22\x31\x2e\x35\x22\x20\x73\x74\x72\x6f\x6b\x65\x2d\x6c\x69\x6e\
\x65\x63\x61\x70\x3d\x22\x73\x71\x75\x61\x72\x65\x22\x20\x73\x74\
\x72\x6f\x6b\x65\x2d\x6c\x69\x6e\x65\x6a\x6f\x69\x6e\x3d\x22\x6d\
\x69\x74\x65\x72\x22\x20\x66\x69\x6c\x6c\x3d\x22\x6e\x6f\x6e\x65\
\x22\x20\x63\x6f\x6c\x6f\x72\x3d\x22\x23\x30\x30\x30\x22\x3e\x20\
\x3c\x74\x69\x74\x6c\x65\x20\x69\x64\x3d\x22\x6c\x6f\x63\x61\x74\
\x69\x6f\x6e\x49\x63\x6f\x6e\x54\x69\x74\x6c\x65\x22\x3e\x4c\x6f\
\x63\x61\x74\x69\x6f\x6e\x3c\x2f\x74\x69\x74\x6c\x65\x3e\x20\x3c\
\x70\x61\x74\x68\x20\x64\x3d\x22\x4d\x31\x32\x2c\x32\x31\x20\x43\
\x31\x36\x2c\x31\x36\x2e\x38\x20\x31\x38\x2c\x31\x32\x2e\x38\x20\
\x31\x38\x2c\x39\x20\x43\x31\x38\x2c\x35\x2e\x36\x38\x36\x32\x39\
\x31\x35\x20\x31\x35\x2e\x33\x31\x33\x37\x30\x38\x35\x2c\x33\x20\
\x31\x32\x2c\x33\x20\x43\x38\x2e\x36\x38\x36\x32\x39\x31\x35\x2c\
\x33\x20\x36\x2c\x35\x2e\x36\x38\x36\x32\x39\x31\x35\x20\x36\x2c\
\x39\x20\x43\x36\x2c\x31\x32\x2e\x38\x20\x38\x2c\x31\x36\x2e\x38\
\x20\x31\x32\x2c\x32\x31\x20\x5a\x22\x2f\x3e\x20\x3c\x63\x69\x72\
\x63\x6c\x65\x20\x63\x78\x3d\x22\x31\x32\x22\x20\x63\x79\x3d\x22\
\x39\x22\x20\x72\x3d\x22\x31\x22\x2f\x3e\x20\x3c\x2f\x73\x76\x67\
\x3e\
\x00\x00\x02\xda\
\x3c\
\x73\x76\x67\x20\x77\x69\x64\x74\x68\x3d\x22\x33\x32\x70\x78\x22\
\x20\x68\x65\x69\x67\x68\x74\x3d\x22\x33\x32\x70\x78\x22\x20\x76\
\x69\x65\x77\x42\x6f\x78\x3d\x22\x30\x20\x30\x20\x32\x34\x20\x32\
\x34\x22\x20\x78\x6d\x6c\x6e\x73\x3d\x22\x68\x74\x74\x70\x3a\x2f\
\x2f\x77\x77\x77\x2e\x77\x33\x2e\x6f\x72\x67\x2f\x32\x30\x30\x30\
\x2f\x73\x76\x67\x22\x20\x61\x72\x69\x61\x2d\x6c\x61\x62\x65\x6c\
\x6c\x65\x64\x62\x79\x3d\x22\x68\x65\x61\x72\x69\x6e\x67\x44\x69\
\x73\x61\x62\x69\x6c\x69\x74\x79\x49\x63\x6f\x6e\x54\x69\x74\x6c\
\x65\x22\x20\x73\x74\x72\x6f\x6b\x65\x3d\x22\x23\x30\x30\x30\x22\
\x20\x73\x74\x72\x6f\x6b\x65\x2d\x77\x69\x64\x74\x68\x3d\x22\x31\
\x2e\x35\x22\x20\x73\x74\x72\x6f\x6b\x65\x2d\x6c\x69\x6e\x65\x63\
\x61\x70\x3d\x22\x73\x71\x75\x61\x72\x65\x22\x20\x73\x74\x72\x6f\
\x6b\x65\x2d\x6c\x69\x6e\x65\x6a\x6f\x69\x6e\x3d\x22\x6d\x69\x74\
\x65\x72\x22\x20\x66\x69\x6c\x6c\x3d\x22\x6e\x6f\x6e\x65\x22\x20\
\x63\x6f\x6c\x6f\x72\x3d\x22\x23\x30\x30\x30\x22\x3e\x20\x3c\x74\
\x69\x74\x6c\x65\x20\x69\x64\x3d\x22\x68\x65\x61\x72\x69\x6e\x67\
\x44\x69\x73\x61\x62\x69\x6c\x69\x74\x79\x49\x63\x6f\x6e\x54\x69\
\x74\x6c\x65\x22\x3e\x48\x65\x61\x72\x69\x6e\x67\x20\x64\x69\x73\
\x61\x62\x69\x6c\x69\x74\x79\x3c\x2f\x74\x69\x74\x6c\x65\x3e\x20\
\x3c\x70\x61\x74\x68\x20\x64\x3d\x22\x4d\x36\x20\x31\x31\x2e\x32\
\x36\x33\x32\x43\x36\x20\x37\x2e\x38\x30\x34\x31\x31\x20\x38\x2e\
\x38\x30\x34\x31\x31\x20\x35\x20\x31\x32\x2e\x32\x36\x33\x32\x20\
\x35\x43\x31\x35\x2e\x37\x32\x32\x32\x20\x35\x20\x31\x38\x2e\x35\
\x32\x36\x33\x20\x37\x2e\x38\x30\x34\x31\x31\x20\x31\x38\x2e\x35\
\x32\x36\x33\x20\x31\x31\x2e\x32\x36\x33\x32\x43\x31\x38\x2e\x35\
\x32\x36\x33\x20\x31\x33\x2e\x38\x33\x33\x20\x31\x36\x2e\x39\x31\
\x39\x37\x20\x31\x35\x2e\x38\x30\x38\x39\x20\x31\x35\x2e\x33\x39\
\x34\x37\x20\x31\x37\x2e\x35\x32\x36\x33\x43\x31\x34\x2e\x31\x31\
\x32\x34\x20\x31\x38\x2e\x39\x37\x30\x35\x20\x31\x33\x2e\x36\x30\
\x35\x33\x20\x32\x32\x20\x31\x30\x2e\x34\x37\x33\x37\x20\x32\x32\
\x43\x39\x2e\x34\x36\x36\x33\x37\x20\x32\x32\x20\x38\x2e\x35\x33\
\x36\x38\x31\x20\x32\x31\x2e\x36\x36\x37\x31\x20\x37\x2e\x37\x38\
\x39\x30\x34\x20\x32\x31\x2e\x31\x30\x35\x33\x22\x2f\x3e\x20\x3c\
\x70\x61\x74\x68\x20\x64\x3d\x22\x4d\x39\x2e\x35\x37\x38\x39\x32\
\x20\x31\x31\x2e\x32\x36\x33\x31\x43\x39\x2e\x35\x37\x38\x39\x32\
\x20\x39\x2e\x37\x38\x30\x36\x38\x20\x31\x30\x2e\x37\x38\x30\x37\
\x20\x38\x2e\x35\x37\x38\x39\x32\x20\x31\x32\x2e\x32\x36\x33\x31\
\x20\x38\x2e\x35\x37\x38\x39\x32\x43\x31\x33\x2e\x37\x34\x35\x36\
\x20\x38\x2e\x35\x37\x38\x39\x32\x20\x31\x34\x2e\x39\x34\x37\x33\
\x20\x39\x2e\x37\x38\x30\x36\x38\x20\x31\x34\x2e\x39\x34\x37\x33\
\x20\x31\x31\x2e\x32\x36\x33\x31\x43\x31\x34\x2e\x39\x34\x37\x33\
\x20\x31\x31\x2e\x39\x35\x30\x36\x20\x31\x34\x2e\x36\x38\x38\x39\
\x20\x31\x32\x2e\x35\x37\x37\x37\x20\x31\x34\x2e\x32\x36\x33\x39\
\x20\x31\x33\x2e\x30\x35\x32\x36\x22\x2f\x3e\x20\x3c\x70\x61\x74\
\x68\x20\x64\x3d\x22\x4d\x33\x20\x32\x31\x4c\x32\x31\x20\x33\x22\
\x2f\x3e\x20\x3c\x2f\x73\x76\x67\x3e\
\x00\x00\x01\x43\
\x3c\
\x73\x76\x67\x20\x72\x6f\x6c\x65\x3d\x22\x69\x6d\x67\x22\x20\x78\
\x6d\x6c\x6e\x73\x3d\x22\x68\x74\x74\x70\x3a\x2f\x2f\x77\x77\x77\
\x2e\x77\x33\x2e\x6f\x72\x67\x2f\x32\x30\x30\x30\x2f\x73\x76\x67\
\x22\x20\x77\x69\x64\x74\x68\x3d\x22\x33\x32\x70\x78\x22\x20\x68\
\x65\x69\x67\x68\x74\x3d\x22\x33\x32\x70\x78\x22\x20\x76\x69\x65\
\x77\x42\x6f\x78\x3d\x22\x30\x20\x30\x20\x32\x34\x20\x32\x34\x22\
\x20\x61\x72\x69\x61\x2d\x6c\x61\x62\x65\x6c\x6c\x65\x64\x62\x79\
\x3d\x22\x68\x6f\x6d\x65\x49\x63\x6f\x6e\x54\x69\x74\x6c\x65\x22\
\x20\x73\x74\x72\x6f\x6b\x65\x3d\x22\x23\x30\x30\x30\x22\x20\x73\
\x74\x72\x6f\x6b\x65\x2d\x77\x69\x64\x74\x68\x3d\x22\x31\x2e\x35\
\x22\x20\x73\x74\x72\x6f\x6b\x65\x2d\x6c\x69\x6e\x65\x63\x61\x70\
\x3d\x22\x73\x71\x75\x61\x72\x65\x22\x20\x73\x74\x72\x6f\x6b\x65\
\x2d\x6c\x69\x6e\x65\x6a\x6f\x69\x6e\x3d\x22\x6d\x69\x74\x65\x72\
\x22\x20\x66\x69\x6c\x6c\x3d\x22\x6e\x6f\x6e\x65\x22\x20\x63\x6f\
\x6c\x6f\x72\x3d\x22\x23\x30\x30\x30\x22\x3e\x20\x3c\x74\x69\x74\
\x6c\x65\x20\x69\x64\x3d\x22\x68\x6f\x6d\x65\x49\x63\x6f\x6e\x54\
\x69\x74\x6c\x65\x22\x3e\x48\x6f\x6d\x65\x3c\x2f\x74\x69\x74\x6c\
\x65\x3e\x20\x3c\x70\x61\x74\x68\x20\x64\x3d\x22\x4d\x33\x20\x31\
\x30\x2e\x31\x38\x32\x56\x32\x32\x68\x31\x38\x56\x31\x30\x2e\x31\
\x38\x32\x4c\x31\x32\x20\x32\x7a\x22\x2f\x3e\x20\x3c\x2f\x73\x76\
\x67\x3e\
\x00\x00\x01\x56\
\x3c\
\x73\x76\x67\x20\x72\x6f\x6c\x65\x3d\x22\x69\x6d\x67\x22\x20\x78\
\x6d\x6c\x6e\x73\x3d\x22\x68\x74\x74\x70\x3a\x2f\x2f\x77\x77\x77\
\x2e\x77\x33\x2e\x6f\x72\x67\x2f\x32\x30\x30\x30\x2f\x73\x76\x67\
\x22\x20\x77\x69\x64\x74\x68\x3d\x22\x33\x32\x70\x78\x22\x20\x68\
\x65\x69\x67\x68\x74\x3d\x22\x33\x32\x70\x78\x22\x20\x76\x69\x65\
\x77\x42\x6f\x78\x3d\x22\x30\x20\x30\x20\x32\x34\x20\x32\x34\x22\
\x20\x61\x72\x69\x61\x2d\x6c\x61\x62\x65\x6c\x6c\x65\x64\x62\x79\
\x3d\x22\x74\x61\x67\x49\x63\x6f\x6e\x54\x69\x74\x6c\x65\x22\x20\
\x73\x74\x72\x6f\x6b\x65\x3d\x22\x23\x30\x30\x30\x22\x20\x73\x74\
\x72\x6f\x6b\x65\x2d\x77\x69\x64\x74\x68\x3d\x22\x31\x2e\x35\x22\
\x20\x73\x74\x72\x6f\x6b\x65\x2d\x6c\x69\x6e\x65\x63\x61\x70\x3d\
\x22\x73\x71\x75\x61\x72\x65\x22\x20\x73\x74\x72\x6f\x6b\x65\x2d\
\x6c\x69\x6e\x65\x6a\x6f\x69\x6e\x3d\x22\x6d\x69\x74\x65\x72\x22\
\x20\x66\x69\x6c\x6c\x3d\x22\x6e\x6f\x6e\x65\x22\x20\x63\x6f\x6c\
\x6f\x72\x3d\x22\x23\x30\x30\x30\x22\x3e\x20\x3c\x74\x69\x74\x6c\
\x65\x20\x69\x64\x3d\x22\x74\x61\x67\x49\x63\x6f\x6e\x54\x69\x74\
\x6c\x65\x22\x3e\x54\x61\x67\x3c\x2f\x74\x69\x74\x6c\x65\x3e\x20\
\x3c\x70\x61\x74\x68\x20\x64\x3d\x22\x4d\x38\x20\x31\x38\x6c\x2d\
\x36\x2d\x36\x20\x36\x2d\x36\x68\x31\x32\x61\x32\x20\x32\x20\x30\
\x20\x30\x20\x31\x20\x32\x20\x32\x76\x38\x61\x32\x20\x32\x20\x30\
\x20\x30\x20\x31\x2d\x32\x20\x32\x48\x38\x7a\x22\x2f\x3e\x20\x3c\
\x2f\x73\x76\x67\x3e\
\x00\x00\x01\xa2\
\x3c\
\x73\x76\x67\x20\x77\x69\x64\x74\x68\x3d\x22\x33\x32\x70\x78\x22\
\x20\x68\x65\x69\x67\x68\x74\x3d\x22\x33\x32\x70\x78\x22\x20\x76\
\x69\x65\x77\x42\x6f\x78\x3d\x22\x30\x20\x30\x20\x32\x34\x20\x32\
\x34\x22\x20\x66\x69\x6c\x6c\x3d\x22\x6e\x6f\x6e\x65\x22\x20\x78\
\x6d\x6c\x6e\x73\x3d\x22\x68\x74\x74\x70\x3a\x2f\x2f\x77\x77\x77\
\x2e\x77\x33\x2e\x6f\x72\x67\x2f\x32\x30\x30\x30\x2f\x73\x76\x67\
\x22\x20\x61\x72\x69\x61\x2d\x6c\x61\x62\x65\x6c\x6c\x65\x64\x62\
\x79\x3d\x22\x61\x64\x64\x54\x6f\x4c\x69\x73\x74\x49\x63\x6f\x6e\
\x54\x69\x74\x6c\x65\x22\x20\x73\x74\x72\x6f\x6b\x65\x3d\x22\x23\
\x30\x30\x30\x22\x20\x73\x74\x72\x6f\x6b\x65\x2d\x77\x69\x64\x74\
\x68\x3d\x22\x31\x2e\x35\x22\x20\x73\x74\x72\x6f\x6b\x65\x2d\x6c\
\x69\x6e\x65\x63\x61\x70\x3d\x22\x73\x71\x75\x61\x72\x65\x22\x20\
\x73\x74\x72\x6f\x6b\x65\x2d\x6c\x69\x6e\x65\x6a\x6f\x69\x6e\x3d\
\x22\x6d\x69\x74\x65\x72\x22\x20\x63\x6f\x6c\x6f\x72\x3d\x22\x23\
\x30\x30\x30\x22\x3e\x20\x3c\x74\x69\x74\x6c\x65\x20\x69\x64\x3d\
\x22\x61\x64\x64\x54\x6f\x4c\x69\x73\x74\x49\x63\x6f\x6e\x54\x69\
\x74\x6c\x65\x22\x3e\x41\x64\x64\x20\x54\x6f\x20\x4c\x69\x73\x74\
\x3c\x2f\x74\x69\x74\x6c\x65\x3e\x20\x3c\x70\x61\x74\x68\x20\x64\
\x3d\x22\x4d\x36\x20\x31\x30\x48\x31\x38\x22\x2f\x3e\x20\x3c\x70\
\x61\x74\x68\x20\x64\x3d\x22\x4d\x36\x20\x36\x48\x31\x38\x22\x2f\
\x3e\x20\x3c\x70\x61\x74\x68\x20\x64\x3d\x22\x4d\x36\x20\x31\x34\
\x48\x31\x30\x22\x2f\x3e\x20\x3c\x70\x61\x74\x68\x20\x64\x3d\x22\
\x4d\x31\x34\x20\x31\x36\x48\x31\x38\x22\x2f\x3e\x20\x3c\x70\x61\
\x74\x68\x20\x64\x3d\x22\x4d\x31\x36\x20\x31\x34\x4c\x31\x36\x20\
\x31\x38\x22\x2f\x3e\x20\x3c\x70\x61\x74\x68\x20\x64\x3d\x22\x4d\
\x36\x20\x31\x38\x48\x31\x30\x22\x2f\x3e\x20\x3c\x2f\x73\x76\x67\
\x3e\
\x00\x00\x02\x94\
\x3c\
\x73\x76\x67\x20\x72\x6f\x6c\x65\x3d\x22\x69\x6d\x67\x22\x20\x78\
\x6d\x6c\x6e\x73\x3d\x22\x68\x74\x74\x70\x3a\x2f\x2f\x77\x77\x77\
\x2e\x77\x33\x2e\x6f\x72\x67\x2f\x32\x30\x30\x30\x2f\x73\x76\x67\
\x22\x20\x77\x69\x64\x74\x68\x3d\x22\x33\x32\x70\x78\x22\x20\x68\
\x65\x69\x67\x68\x74\x3d\x22\x33\x32\x70\x78\x22\x20\x76\x69\x65\
\x77\x42\x6f\x78\x3d\x22\x30\x20\x30\x20\x32\x34\x20\x32\x34\x22\
\x20\x61\x72\x69\x61\x2d\x6c\x61\x62\x65\x6c\x6c\x65\x64\x62\x79\
\x3d\x22\x68\x65\x61\x64\x70\x68\x6f\x6e\x65\x73\x49\x63\x6f\x6e\
\x54\x69\x74\x6c\x65\x22\x20\x73\x74\x72\x6f\x6b\x65\x3d\x22\x23\
\x30\x30\x30\x22\x20\x73\x74\x72\x6f\x6b\x65\x2d\x77\x69\x64\x74\
\x68\x3d\x22\x31\x2e\x35\x22\x20\x73\x74\x72\x6f\x6b\x65\x2d\x6c\
\x69\x6e\x65\x63\x61\x70\x3d\x22\x73\x71\x75\x61\x72\x65\x22\x20\
\x73\x74\x72\x6f\x6b\x65\x2d\x6c\x69\x6e\x65\x6a\x6f\x69\x6e\x3d\
\x22\x6d\x69\x74\x65\x72\x22\x20\x66\x69\x6c\x6c\x3d\x22\x6e\x6f\
\x6e\x65\x22\x20\x63\x6f\x6c\x6f\x72\x3d\x22\x23\x30\x30\x30\x22\
\x3e\x20\x3c\x74\x69\x74\x6c\x65\x20\x69\x64\x3d\x22\x68\x65\x61\
\x64\x70\x68\x6f\x6e\x65\x73\x49\x63\x6f\x6e\x54\x69\x74\x6c\x65\
\x22\x3e\x48\x65\x61\x64\x70\x68\x6f\x6e\x65\x73\x3c\x2f\x74\x69\
\x74\x6c\x65\x3e\x20\x3c\x70\x61\x74\x68\x20\x73\x74\x72\x6f\x6b\
\x65\x2d\x6c\x69\x6e\x65\x63\x61\x70\x3d\x22\x72\x6f\x75\x6e\x64\
\x22\x20\x64\x3d\x22\x4d\x32\x31\x2c\x31\x33\x20\x4c\x31\x39\x2c\
\x31\x33\x20\x43\x31\x37\x2e\x38\x39\x35\x34\x33\x30\x35\x2c\x31\
\x33\x20\x31\x37\x2c\x31\x33\x2e\x38\x39\x35\x34\x33\x30\x35\x20\
\x31\x37\x2c\x31\x35\x20\x4c\x31\x37\x2c\x31\x37\x20\x43\x31\x37\
\x2c\x31\x38\x2e\x31\x30\x34\x35\x36\x39\x35\x20\x31\x37\x2e\x38\
\x39\x35\x34\x33\x30\x35\x2c\x31\x39\x20\x31\x39\x2c\x31\x39\x20\
\x4c\x31\x39\x2c\x31\x39\x20\x43\x32\x30\x2e\x31\x30\x34\x35\x36\
\x39\x35\x2c\x31\x39\x20\x32\x31\x2c\x31\x38\x2e\x31\x30\x34\x35\
\x36\x39\x35\x20\x32\x31\x2c\x31\x37\x20\x4c\x32\x31\x2c\x31\x33\
\x20\x43\x32\x31\x2c\x38\x2e\x30\x32\x39\x34\x33\x37\x32\x35\x20\
\x31\x36\x2e\x39\x37\x30\x35\x36\x32\x37\x2c\x34\x20\x31\x32\x2c\
\x34\x20\x43\x37\x2e\x30\x32\x39\x34\x33\x37\x32\x35\x2c\x34\x20\
\x33\x2c\x38\x2e\x30\x32\x39\x34\x33\x37\x32\x35\x20\x33\x2c\x31\
\x33\x20\x4c\x33\x2c\x31\x37\x20\x43\x33\x2c\x31\x38\x2e\x31\x30\
\x34\x35\x36\x39\x35\x20\x33\x2e\x38\x39\x35\x34\x33\x30\x35\x2c\
\x31\x39\x20\x35\x2c\x31\x39\x20\x4c\x35\x2c\x31\x39\x20\x43\x36\
\x2e\x31\x30\x34\x35\x36\x39\x35\x2c\x31\x39\x20\x37\x2c\x31\x38\
\x2e\x31\x30\x34\x35\x36\x39\x35\x20\x37\x2c\x31\x37\x20\x4c\x37\
\x2c\x31\x35\x20\x43\x37\x2c\x31\x33\x2e\x38\x39\x35\x34\x33\x30\
\x35\x20\x36\x2e\x31\x30\x34\x35\x36\x39\x35\x2c\x31\x33\x20\x35\
\x2c\x31\x33\x20\x4c\x33\x2c\x31\x33\x22\x2f\x3e\x20\x3c\x2f\x73\
\x76\x67\x3e\
\x00\x00\x01\x7e\
\x3c\
\x73\x76\x67\x20\x72\x6f\x6c\x65\x3d\x22\x69\x6d\x67\x22\x20\x78\
\x6d\x6c\x6e\x73\x3d\x22\x68\x74\x74\x70\x3a\x2f\x2f\x77\x77\x77\
\x2e\x77\x33\x2e\x6f\x72\x67\x2f\x32\x30\x30\x30\x2f\x73\x76\x67\
\x22\x20\x77\x69\x64\x74\x68\x3d\x22\x33\x32\x70\x78\x22\x20\x68\
\x65\x69\x67\x68\x74\x3d\x22\x33\x32\x70\x78\x22\x20\x76\x69\x65\
\x77\x42\x6f\x78\x3d\x22\x30\x20\x30\x20\x32\x34\x20\x32\x34\x22\
\x20\x61\x72\x69\x61\x2d\x6c\x61\x62\x65\x6c\x6c\x65\x64\x62\x79\
\x3d\x22\x65\x72\x72\x6f\x72\x49\x63\x6f\x6e\x54\x69\x74\x6c\x65\
\x22\x20\x73\x74\x72\x6f\x6b\x65\x3d\x22\x23\x30\x30\x30\x22\x20\
\x73\x74\x72\x6f\x6b\x65\x2d\x77\x69\x64\x74\x68\x3d\x22\x31\x2e\
\x35\x22\x20\x73\x74\x72\x6f\x6b\x65\x2d\x6c\x69\x6e\x65\x63\x61\
\x70\x3d\x22\x73\x71\x75\x61\x72\x65\x22\x20\x73\x74\x72\x6f\x6b\
\x65\x2d\x6c\x69\x6e\x65\x6a\x6f\x69\x6e\x3d\x22\x6d\x69\x74\x65\
\x72\x22\x20\x66\x69\x6c\x6c\x3d\x22\x6e\x6f\x6e\x65\x22\x20\x63\
\x6f\x6c\x6f\x72\x3d\x22\x23\x30\x30\x30\x22\x3e\x20\x3c\x74\x69\
\x74\x6c\x65\x20\x69\x64\x3d\x22\x65\x72\x72\x6f\x72\x49\x63\x6f\
\x6e\x54\x69\x74\x6c\x65\x22\x3e\x45\x72\x72\x6f\x72\x3c\x2f\x74\
\x69\x74\x6c\x65\x3e\x20\x3c\x70\x61\x74\x68\x20\x64\x3d\x22\x4d\
\x31\x32\x20\x38\x4c\x31\x32\x20\x31\x33\x22\x2f\x3e\x20\x3c\x6c\
\x69\x6e\x65\x20\x78\x31\x3d\x22\x31\x32\x22\x20\x79\x31\x3d\x22\
\x31\x36\x22\x20\x78\x32\x3d\x22\x31\x32\x22\x20\x79\x32\x3d\x22\
\x31\x36\x22\x2f\x3e\x20\x3c\x63\x69\x72\x63\x6c\x65\x20\x63\x78\
\x3d\x22\x31\x32\x22\x20\x63\x79\x3d\x22\x31\x32\x22\x20\x72\x3d\
\x22\x31\x30\x22\x2f\x3e\x20\x3c\x2f\x73\x76\x67\x3e\
\x00\x00\x01\x55\
\x3c\
\x73\x76\x67\x20\x72\x6f\x6c\x65\x3d\x22\x69\x6d\x67\x22\x20\x78\
\x6d\x6c\x6e\x73\x3d\x22\x68\x74\x74\x70\x3a\x2f\x2f\x77\x77\x77\
\x2e\x77\x33\x2e\x6f\x72\x67\x2f\x32\x30\x30\x30\x2f\x73\x76\x67\
\x22\x20\x77\x69\x64\x74\x68\x3d\x22\x33\x32\x70\x78\x22\x20\x68\
\x65\x69\x67\x68\x74\x3d\x22\x33\x32\x70\x78\x22\x20\x76\x69\x65\
\x77\x42\x6f\x78\x3d\x22\x30\x20\x30\x20\x32\x34\x20\x32\x34\x22\
\x20\x61\x72\x69\x61\x2d\x6c\x61\x62\x65\x6c\x6c\x65\x64\x62\x79\
\x3d\x22\x63\x68\x65\x76\x72\x6f\x6e\x55\x70\x49\x63\x6f\x6e\x54\
\x69\x74\x6c\x65\x22\x20\x73\x74\x72\x6f\x6b\x65\x3d\x22\x23\x30\
\x30\x30\x22\x20\x73\x74\x72\x6f\x6b\x65\x2d\x77\x69\x64\x74\x68\
\x3d\x22\x31\x2e\x35\x22\x20\x73\x74\x72\x6f\x6b\x65\x2d\x6c\x69\
\x6e\x65\x63\x61\x70\x3d\x22\x73\x71\x75\x61\x72\x65\x22\x20\x73\
\x74\x72\x6f\x6b\x65\x2d\x6c\x69\x6e\x65\x6a\x6f\x69\x6e\x3d\x22\
\x6d\x69\x74\x65\x72\x22\x20\x66\x69\x6c\x6c\x3d\x22\x6e\x6f\x6e\
\x65\x22\x20\x63\x6f\x6c\x6f\x72\x3d\x22\x23\x30\x30\x30\x22\x3e\
\x20\x3c\x74\x69\x74\x6c\x65\x20\x69\x64\x3d\x22\x63\x68\x65\x76\
\x72\x6f\x6e\x55\x70\x49\x63\x6f\x6e\x54\x69\x74\x6c\x65\x22\x3e\
\x43\x68\x65\x76\x72\x6f\x6e\x20\x55\x70\x3c\x2f\x74\x69\x74\x6c\
\x65\x3e\x20\x3c\x70\x6f\x6c\x79\x6c\x69\x6e\x65\x20\x70\x6f\x69\
\x6e\x74\x73\x3d\x22\x36\x20\x31\x34\x20\x31\x32\x20\x38\x20\x31\
\x38\x20\x31\x34\x20\x31\x38\x20\x31\x34\x22\x2f\x3e\x20\x3c\x2f\
\x73\x76\x67\x3e\
\x00\x00\x01\x87\
\x3c\
\x73\x76\x67\x20\x77\x69\x64\x74\x68\x3d\x22\x33\x32\x70\x78\x22\
\x20\x68\x65\x69\x67\x68\x74\x3d\x22\x33\x32\x70\x78\x22\x20\x76\
\x69\x65\x77\x42\x6f\x78\x3d\x22\x30\x20\x30\x20\x32\x34\x20\x32\
\x34\x22\x20\x66\x69\x6c\x6c\x3d\x22\x6e\x6f\x6e\x65\x22\x20\x78\
\x6d\x6c\x6e\x73\x3d\x22\x68\x74\x74\x70\x3a\x2f\x2f\x77\x77\x77\
\x2e\x77\x33\x2e\x6f\x72\x67\x2f\x32\x30\x30\x30\x2f\x73\x76\x67\
\x22\x20\x61\x72\x69\x61\x2d\x6c\x61\x62\x65\x6c\x6c\x65\x64\x62\
\x79\x3d\x22\x6e\x65\x78\x74\x41\x6c\x74\x49\x63\x6f\x6e\x54\x69\
\x74\x6c\x65\x22\x20\x73\x74\x72\x6f\x6b\x65\x3d\x22\x23\x30\x30\
\x30\x22\x20\x73\x74\x72\x6f\x6b\x65\x2d\x77\x69\x64\x74\x68\x3d\
\x22\x31\x2e\x35\x22\x20\x73\x74\x72\x6f\x6b\x65\x2d\x6c\x69\x6e\
\x65\x63\x61\x70\x3d\x22\x73\x71\x75\x61\x72\x65\x22\x20\x73\x74\
\x72\x6f\x6b\x65\x2d\x6c\x69\x6e\x65\x6a\x6f\x69\x6e\x3d\x22\x6d\
\x69\x74\x65\x72\x22\x20\x63\x6f\x6c\x6f\x72\x3d\x22\x23\x30\x30\
\x30\x22\x3e\x20\x3c\x74\x69\x74\x6c\x65\x20\x69\x64\x3d\x22\x6e\
\x65\x78\x74\x41\x6c\x74\x49\x63\x6f\x6e\x54\x69\x74\x6c\x65\x22\
\x3e\x4e\x65\x78\x74\x3c\x2f\x74\x69\x74\x6c\x65\x3e\x20\x3c\x70\
\x61\x74\x68\x20\x64\x3d\x22\x4d\x31\x36\x20\x34\x4c\x32\x30\x20\
\x38\x4c\x31\x36\x20\x31\x32\x22\x2f\x3e\x20\x3c\x70\x61\x74\x68\
\x20\x64\x3d\x22\x4d\x32\x30\x20\x38\x48\x39\x2e\x35\x43\x36\x2e\
\x34\x36\x32\x34\x33\x20\x38\x20\x34\x20\x31\x30\x2e\x34\x36\x32\
\x34\x20\x34\x20\x31\x33\x2e\x35\x56\x31\x33\x2e\x35\x43\x34\x20\
\x31\x36\x2e\x35\x33\x37\x36\x20\x36\x2e\x34\x36\x32\x34\x33\x20\
\x31\x39\x20\x39\x2e\x35\x20\x31\x39\x48\x31\x39\x22\x2f\x3e\x20\
\x3c\x2f\x73\x76\x67\x3e\
\x00\x00\x01\xad\
\x3c\
\x73\x76\x67\x20\x77\x69\x64\x74\x68\x3d\x22\x33\x32\x70\x78\x22\
\x20\x68\x65\x69\x67\x68\x74\x3d\x22\x33\x32\x70\x78\x22\x20\x76\
\x69\x65\x77\x42\x6f\x78\x3d\x22\x30\x20\x30\x20\x32\x34\x20\x32\
\x34\x22\x20\x78\x6d\x6c\x6e\x73\x3d\x22\x68\x74\x74\x70\x3a\x2f\
\x2f\x77\x77\x77\x2e\x77\x33\x2e\x6f\x72\x67\x2f\x32\x30\x30\x30\
\x2f\x73\x76\x67\x22\x20\x61\x72\x69\x61\x2d\x6c\x61\x62\x65\x6c\
\x6c\x65\x64\x62\x79\x3d\x22\x63\x61\x6c\x65\x6e\x64\x61\x72\x45\
\x76\x65\x6e\x74\x49\x63\x6f\x6e\x54\x69\x74\x6c\x65\x22\x20\x73\
\x74\x72\x6f\x6b\x65\x3d\x22\x23\x30\x30\x30\x22\x20\x73\x74\x72\
\x6f\x6b\x65\x2d\x77\x69\x64\x74\x68\x3d\x22\x31\x2e\x35\x22\x20\
\x73\x74\x72\x6f\x6b\x65\x2d\x6c\x69\x6e\x65\x63\x61\x70\x3d\x22\
\x73\x71\x75\x61\x72\x65\x22\x20\x73\x74\x72\x6f\x6b\x65\x2d\x6c\
\x69\x6e\x65\x6a\x6f\x69\x6e\x3d\x22\x6d\x69\x74\x65\x72\x22\x20\
\x66\x69\x6c\x6c\x3d\x22\x6e\x6f\x6e\x65\x22\x20\x63\x6f\x6c\x6f\
\x72\x3d\x22\x23\x30\x30\x30\x22\x3e\x20\x3c\x74\x69\x74\x6c\x65\
\x20\x69\x64\x3d\x22\x63\x61\x6c\x65\x6e\x64\x61\x72\x45\x76\x65\
\x6e\x74\x49\x63\x6f\x6e\x54\x69\x74\x6c\x65\x22\x3e\x43\x61\x6c\
\x65\x6e\x64\x61\x72\x20\x65\x76\x65\x6e\x74\x3c\x2f\x74\x69\x74\
\x6c\x65\x3e\x20\x3c\x70\x61\x74\x68\x20\x64\x3d\x22\x4d\x33\x20\
\x35\x48\x32\x31\x56\x32\x31\x48\x33\x56\x35\x5a\x22\x2f\x3e\x20\
\x3c\x70\x61\x74\x68\x20\x64\x3d\x22\x4d\x32\x31\x20\x39\x48\x33\
\x22\x2f\x3e\x20\x3c\x70\x61\x74\x68\x20\x64\x3d\x22\x4d\x37\x20\
\x35\x56\x33\x22\x2f\x3e\x20\x3c\x70\x61\x74\x68\x20\x64\x3d\x22\
\x4d\x31\x37\x20\x35\x56\x33\x22\x2f\x3e\x20\x3c\x72\x65\x63\x74\
\x20\x78\x3d\x22\x31\x35\x22\x20\x79\x3d\x22\x31\x35\x22\x20\x77\
\x69\x64\x74\x68\x3d\x22\x32\x22\x20\x68\x65\x69\x67\x68\x74\x3d\
\x22\x32\x22\x2f\x3e\x20\x3c\x2f\x73\x76\x67\x3e\
\x00\x00\x02\x95\
\x3c\
\x73\x76\x67\x20\x77\x69\x64\x74\x68\x3d\x22\x33\x32\x70\x78\x22\
\x20\x68\x65\x69\x67\x68\x74\x3d\x22\x33\x32\x70\x78\x22\x20\x76\
\x69\x65\x77\x42\x6f\x78\x3d\x22\x30\x20\x30\x20\x32\x34\x20\x32\
\x34\x22\x20\x66\x69\x6c\x6c\x3d\x22\x6e\x6f\x6e\x65\x22\x20\x78\
\x6d\x6c\x6e\x73\x3d\x22\x68\x74\x74\x70\x3a\x2f\x2f\x77\x77\x77\
\x2e\x77\x33\x2e\x6f\x72\x67\x2f\x32\x30\x30\x30\x2f\x73\x76\x67\
\x22\x20\x61\x72\x69\x61\x2d\x6c\x61\x62\x65\x6c\x6c\x65\x64\x62\
\x79\x3d\x22\x63\x6f\x6e\x74\x72\x6f\x6c\x43\x65\x6e\x74\x72\x65\
\x49\x63\x6f\x6e\x54\x69\x74\x6c\x65\x22\x20\x73\x74\x72\x6f\x6b\
\x65\x3d\x22\x23\x30\x30\x30\x22\x20\x73\x74\x72\x6f\x6b\x65\x2d\
\x77\x69\x64\x74\x68\x3d\x22\x31\x2e\x35\x22\x20\x73\x74\x72\x6f\
\x6b\x65\x2d\x6c\x69\x6e\x65\x63\x61\x70\x3d\x22\x73\x71\x75\x61\
\x72\x65\x22\x20\x73\x74\x72\x6f\x6b\x65\x2d\x6c\x69\x6e\x65\x6a\
\x6f\x69\x6e\x3d\x22\x6d\x69\x74\x65\x72\x22\x20\x63\x6f\x6c\x6f\
\x72\x3d\x22\x23\x30\x30\x30\x22\x3e\x20\x3c\x74\x69\x74\x6c\x65\
\x20\x69\x64\x3d\x22\x63\x6f\x6e\x74\x72\x6f\x6c\x43\x65\x6e\x74\
\x72\x65\x49\x63\x6f\x6e\x54\x69\x74\x6c\x65\x22\x3e\x43\x6f\x6e\
\x74\x72\x6f\x6c\x20\x43\x65\x6e\x74\x72\x65\x3c\x2f\x74\x69\x74\
\x6c\x65\x3e\x20\x3c\x70\x61\x74\x68\x20\x64\x3d\x22\x4d\x34\x20\
\x36\x2e\x35\x43\x34\x20\x34\x2e\x35\x36\x37\x20\x35\x2e\x35\x36\
\x37\x20\x33\x20\x37\x2e\x35\x20\x33\x4c\x31\x36\x2e\x35\x20\x33\
\x43\x31\x38\x2e\x34\x33\x33\x20\x33\x20\x32\x30\x20\x34\x2e\x35\
\x36\x37\x20\x32\x30\x20\x36\x2e\x35\x56\x36\x2e\x35\x43\x32\x30\
\x20\x38\x2e\x34\x33\x33\x20\x31\x38\x2e\x34\x33\x33\x20\x31\x30\
\x20\x31\x36\x2e\x35\x20\x31\x30\x4c\x37\x2e\x35\x20\x31\x30\x43\
\x35\x2e\x35\x36\x37\x20\x31\x30\x20\x34\x20\x38\x2e\x34\x33\x33\
\x20\x34\x20\x36\x2e\x35\x56\x36\x2e\x35\x5a\x22\x2f\x3e\x20\x3c\
\x70\x61\x74\x68\x20\x64\x3d\x22\x4d\x32\x30\x20\x31\x37\x2e\x35\
\x43\x32\x30\x20\x31\x39\x2e\x34\x33\x33\x20\x31\x38\x2e\x34\x33\
\x33\x20\x32\x31\x20\x31\x36\x2e\x35\x20\x32\x31\x4c\x37\x2e\x35\
\x20\x32\x31\x43\x35\x2e\x35\x36\x37\x20\x32\x31\x20\x34\x20\x31\
\x39\x2e\x34\x33\x33\x20\x34\x20\x31\x37\x2e\x35\x56\x31\x37\x2e\
\x35\x43\x34\x20\x31\x35\x2e\x35\x36\x37\x20\x35\x2e\x35\x36\x37\
\x20\x31\x34\x20\x37\x2e\x35\x20\x31\x34\x4c\x31\x36\x2e\x35\x20\
\x31\x34\x43\x31\x38\x2e\x34\x33\x33\x20\x31\x34\x20\x32\x30\x20\
\x31\x35\x2e\x35\x36\x37\x20\x32\x30\x20\x31\x37\x2e\x35\x56\x31\
\x37\x2e\x35\x5a\x22\x2f\x3e\x20\x3c\x63\x69\x72\x63\x6c\x65\x20\
\x63\x78\x3d\x22\x31\x36\x2e\x35\x22\x20\x63\x79\x3d\x22\x31\x37\
\x2e\x35\x22\x20\x72\x3d\x22\x31\x22\x2f\x3e\x20\x3c\x63\x69\x72\
\x63\x6c\x65\x20\x63\x78\x3d\x22\x37\x2e\x35\x22\x20\x63\x79\x3d\
\x22\x36\x2e\x35\x22\x20\x72\x3d\x22\x31\x22\x2f\x3e\x20\x3c\x2f\
\x73\x76\x67\x3e\
\x00\x00\x04\x54\
\x3c\
\x73\x76\x67\x20\x77\x69\x64\x74\x68\x3d\x22\x33\x32\x70\x78\x22\
\x20\x68\x65\x69\x67\x68\x74\x3d\x22\x33\x32\x70\x78\x22\x20\x76\
\x69\x65\x77\x42\x6f\x78\x3d\x22\x30\x20\x30\x20\x32\x34\x20\x32\
\x34\x22\x20\x66\x69\x6c\x6c\x3d\x22\x6e\x6f\x6e\x65\x22\x20\x78\
\x6d\x6c\x6e\x73\x3d\x22\x68\x74\x74\x70\x3a\x2f\x2f\x77\x77\x77\
\x2e\x77\x33\x2e\x6f\x72\x67\x2f\x32\x30\x30\x30\x2f\x73\x76\x67\
\x22\x20\x61\x72\x69\x61\x2d\x6c\x61\x62\x65\x6c\x6c\x65\x64\x62\
\x79\x3d\x22\x66\x6c\x6f\x77\x65\x72\x49\x63\x6f\x6e\x54\x69\x74\
\x6c\x65\x22\x20\x73\x74\x72\x6f\x6b\x65\x3d\x22\x23\x30\x30\x30\
\x22\x20\x73\x74\x72\x6f\x6b\x65\x2d\x77\x69\x64\x74\x68\x3d\x22\
\x31\x2e\x35\x22\x20\x73\x74\x72\x6f\x6b\x65\x2d\x6c\x69\x6e\x65\
\x63\x61\x70\x3d\x22\x73\x71\x75\x61\x72\x65\x22\x20\x73\x74\x72\
\x6f\x6b\x65\x2d\x6c\x69\x6e\x65\x6a\x6f\x69\x6e\x3d\x22\x6d\x69\
\x74\x65\x72\x22\x20\x63\x6f\x6c\x6f\x72\x3d\x22\x23\x30\x30\x30\
\x22\x3e\x20\x3c\x74\x69\x74\x6c\x65\x20\x69\x64\x3d\x22\x66\x6c\
\x6f\x77\x65\x72\x49\x63\x6f\x6e\x54\x69\x74\x6c\x65\x22\x3e\x46\
\x6c\x6f\x77\x65\x72\x3c\x2f\x74\x69\x74\x6c\x65\x3e\x20\x3c\x70\
\x61\x74\x68\x20\x64\x3d\x22\x4d\x31\x32\x20\x32\x32\x43\x31\x33\
\x2e\x35\x38\x31\x39\x20\x32\x32\x20\x31\x34\x2e\x38\x37\x37\x38\
\x20\x32\x30\x2e\x37\x37\x35\x37\x20\x31\x34\x2e\x39\x39\x31\x38\
\x20\x31\x39\x2e\x32\x32\x33\x43\x31\x36\x2e\x31\x37\x30\x34\x20\
\x32\x30\x2e\x32\x34\x30\x33\x20\x31\x37\x2e\x39\x35\x32\x35\x20\
\x32\x30\x2e\x31\x38\x39\x36\x20\x31\x39\x2e\x30\x37\x31\x31\x20\
\x31\x39\x2e\x30\x37\x31\x31\x43\x32\x30\x2e\x31\x38\x39\x36\x20\
\x31\x37\x2e\x39\x35\x32\x35\x20\x32\x30\x2e\x32\x34\x30\x32\x20\
\x31\x36\x2e\x31\x37\x30\x35\x20\x31\x39\x2e\x32\x32\x32\x39\x20\
\x31\x34\x2e\x39\x39\x31\x38\x43\x32\x30\x2e\x37\x37\x35\x37\x20\
\x31\x34\x2e\x38\x37\x37\x38\x20\x32\x32\x20\x31\x33\x2e\x35\x38\
\x31\x39\x20\x32\x32\x20\x31\x32\x43\x32\x32\x20\x31\x30\x2e\x34\
\x31\x38\x31\x20\x32\x30\x2e\x37\x37\x35\x37\x20\x39\x2e\x31\x32\
\x32\x32\x34\x20\x31\x39\x2e\x32\x32\x33\x20\x39\x2e\x30\x30\x38\
\x31\x36\x43\x32\x30\x2e\x32\x34\x30\x33\x20\x37\x2e\x38\x32\x39\
\x35\x35\x20\x32\x30\x2e\x31\x38\x39\x36\x20\x36\x2e\x30\x34\x37\
\x34\x38\x20\x31\x39\x2e\x30\x37\x31\x31\x20\x34\x2e\x39\x32\x38\
\x39\x34\x43\x31\x37\x2e\x39\x35\x32\x35\x20\x33\x2e\x38\x31\x30\
\x33\x38\x20\x31\x36\x2e\x31\x37\x30\x35\x20\x33\x2e\x37\x35\x39\
\x37\x36\x20\x31\x34\x2e\x39\x39\x31\x38\x20\x34\x2e\x37\x37\x37\
\x30\x38\x43\x31\x34\x2e\x38\x37\x37\x38\x20\x33\x2e\x32\x32\x34\
\x33\x33\x20\x31\x33\x2e\x35\x38\x31\x39\x20\x32\x20\x31\x32\x20\
\x32\x43\x31\x30\x2e\x34\x31\x38\x31\x20\x32\x20\x39\x2e\x31\x32\
\x32\x32\x34\x20\x33\x2e\x32\x32\x34\x33\x31\x20\x39\x2e\x30\x30\
\x38\x31\x36\x20\x34\x2e\x37\x37\x37\x30\x34\x43\x37\x2e\x38\x32\
\x39\x35\x35\x20\x33\x2e\x37\x35\x39\x37\x34\x20\x36\x2e\x30\x34\
\x37\x34\x39\x20\x33\x2e\x38\x31\x30\x33\x36\x20\x34\x2e\x39\x32\
\x38\x39\x34\x20\x34\x2e\x39\x32\x38\x39\x31\x43\x33\x2e\x38\x31\
\x30\x33\x38\x20\x36\x2e\x30\x34\x37\x34\x37\x20\x33\x2e\x37\x35\
\x39\x37\x37\x20\x37\x2e\x38\x32\x39\x35\x35\x20\x34\x2e\x37\x37\
\x37\x30\x38\x20\x39\x2e\x30\x30\x38\x31\x36\x43\x33\x2e\x32\x32\
\x34\x33\x33\x20\x39\x2e\x31\x32\x32\x32\x31\x20\x32\x20\x31\x30\
\x2e\x34\x31\x38\x31\x20\x32\x20\x31\x32\x43\x32\x20\x31\x33\x2e\
\x35\x38\x31\x39\x20\x33\x2e\x32\x32\x34\x33\x20\x31\x34\x2e\x38\
\x37\x37\x38\x20\x34\x2e\x37\x37\x37\x30\x33\x20\x31\x34\x2e\x39\
\x39\x31\x38\x43\x33\x2e\x37\x35\x39\x37\x34\x20\x31\x36\x2e\x31\
\x37\x30\x34\x20\x33\x2e\x38\x31\x30\x33\x37\x20\x31\x37\x2e\x39\
\x35\x32\x35\x20\x34\x2e\x39\x32\x38\x39\x31\x20\x31\x39\x2e\x30\
\x37\x31\x31\x43\x36\x2e\x30\x34\x37\x34\x37\x20\x32\x30\x2e\x31\
\x38\x39\x36\x20\x37\x2e\x38\x32\x39\x35\x35\x20\x32\x30\x2e\x32\
\x34\x30\x32\x20\x39\x2e\x30\x30\x38\x31\x36\x20\x31\x39\x2e\x32\
\x32\x32\x39\x43\x39\x2e\x31\x32\x32\x32\x31\x20\x32\x30\x2e\x37\
\x37\x35\x37\x20\x31\x30\x2e\x34\x31\x38\x31\x20\x32\x32\x20\x31\
\x32\x20\x32\x32\x5a\x22\x2f\x3e\x20\x3c\x70\x61\x74\x68\x20\x64\
\x3d\x22\x4d\x31\x32\x20\x31\x34\x43\x31\x30\x2e\x38\x39\x35\x34\
\x20\x31\x34\x20\x31\x30\x20\x31\x33\x2e\x31\x30\x34\x36\x20\x31\
\x30\x20\x31\x32\x43\x31\x30\x20\x31\x30\x2e\x38\x39\x35\x34\x20\
\x31\x30\x2e\x38\x39\x35\x34\x20\x31\x30\x20\x31\x32\x20\x31\x30\
\x43\x31\x33\x2e\x31\x30\x34\x36\x20\x31\x30\x20\x31\x34\x20\x31\
\x30\x2e\x38\x39\x35\x34\x20\x31\x34\x20\x31\x32\x43\x31\x34\x20\
\x31\x33\x2e\x31\x30\x34\x36\x20\x31\x33\x2e\x31\x30\x34\x36\x20\
\x31\x34\x20\x31\x32\x20\x31\x34\x5a\x22\x2f\x3e\x20\x3c\x2f\x73\
\x76\x67\x3e\
\x00\x00\x01\xe5\
\x3c\
\x73\x76\x67\x20\x72\x6f\x6c\x65\x3d\x22\x69\x6d\x67\x22\x20\x78\
\x6d\x6c\x6e\x73\x3d\x22\x68\x74\x74\x70\x3a\x2f\x2f\x77\x77\x77\
\x2e\x77\x33\x2e\x6f\x72\x67\x2f\x32\x30\x30\x30\x2f\x73\x76\x67\
\x22\x20\x77\x69\x64\x74\x68\x3d\x22\x33\x32\x70\x78\x22\x20\x68\
\x65\x69\x67\x68\x74\x3d\x22\x33\x32\x70\x78\x22\x20\x76\x69\x65\
\x77\x42\x6f\x78\x3d\x22\x30\x20\x30\x20\x32\x34\x20\x32\x34\x22\
\x20\x61\x72\x69\x61\x2d\x6c\x61\x62\x65\x6c\x6c\x65\x64\x62\x79\
\x3d\x22\x64\x6f\x6c\x61\x72\x49\x63\x6f\x6e\x54\x69\x74\x6c\x65\
\x22\x20\x73\x74\x72\x6f\x6b\x65\x3d\x22\x23\x30\x30\x30\x22\x20\
\x73\x74\x72\x6f\x6b\x65\x2d\x77\x69\x64\x74\x68\x3d\x22\x31\x2e\
\x35\x22\x20\x73\x74\x72\x6f\x6b\x65\x2d\x6c\x69\x6e\x65\x63\x61\
\x70\x3d\x22\x73\x71\x75\x61\x72\x65\x22\x20\x73\x74\x72\x6f\x6b\
\x65\x2d\x6c\x69\x6e\x65\x6a\x6f\x69\x6e\x3d\x22\x6d\x69\x74\x65\
\x72\x22\x20\x66\x69\x6c\x6c\x3d\x22\x6e\x6f\x6e\x65\x22\x20\x63\
\x6f\x6c\x6f\x72\x3d\x22\x23\x30\x30\x30\x22\x3e\x20\x3c\x74\x69\
\x74\x6c\x65\x20\x69\x64\x3d\x22\x64\x6f\x6c\x61\x72\x49\x63\x6f\
\x6e\x54\x69\x74\x6c\x65\x22\x3e\x44\x6f\x6c\x61\x72\x3c\x2f\x74\
\x69\x74\x6c\x65\x3e\x20\x3c\x70\x61\x74\x68\x20\x64\x3d\x22\x4d\
\x31\x32\x20\x34\x4c\x31\x32\x20\x36\x4d\x31\x32\x20\x31\x38\x4c\
\x31\x32\x20\x32\x30\x4d\x31\x35\x2e\x35\x20\x38\x43\x31\x35\x2e\
\x31\x36\x36\x36\x36\x36\x37\x20\x36\x2e\x36\x36\x36\x36\x36\x36\
\x36\x37\x20\x31\x34\x20\x36\x20\x31\x32\x20\x36\x20\x39\x20\x36\
\x20\x38\x2e\x35\x20\x37\x2e\x39\x35\x36\x35\x32\x31\x37\x34\x20\
\x38\x2e\x35\x20\x39\x20\x38\x2e\x35\x20\x31\x33\x2e\x31\x34\x30\
\x33\x32\x37\x20\x31\x35\x2e\x35\x20\x31\x30\x2e\x39\x36\x34\x39\
\x34\x31\x32\x20\x31\x35\x2e\x35\x20\x31\x35\x20\x31\x35\x2e\x35\
\x20\x31\x36\x2e\x30\x34\x33\x34\x37\x38\x33\x20\x31\x35\x20\x31\
\x38\x20\x31\x32\x20\x31\x38\x20\x31\x30\x20\x31\x38\x20\x38\x2e\
\x38\x33\x33\x33\x33\x33\x33\x33\x20\x31\x37\x2e\x33\x33\x33\x33\
\x33\x33\x33\x20\x38\x2e\x35\x20\x31\x36\x22\x2f\x3e\x20\x3c\x2f\
\x73\x76\x67\x3e\
\x00\x00\x01\xe5\
\x3c\
\x73\x76\x67\x20\x77\x69\x64\x74\x68\x3d\x22\x33\x32\x70\x78\x22\
\x20\x68\x65\x69\x67\x68\x74\x3d\x22\x33\x32\x70\x78\x22\x20\x76\
\x69\x65\x77\x42\x6f\x78\x3d\x22\x30\x20\x30\x20\x32\x34\x20\x32\
\x34\x22\x20\x78\x6d\x6c\x6e\x73\x3d\x22\x68\x74\x74\x70\x3a\x2f\
\x2f\x77\x77\x77\x2e\x77\x33\x2e\x6f\x72\x67\x2f\x32\x30\x30\x30\
\x2f\x73\x76\x67\x22\x20\x61\x72\x69\x61\x2d\x6c\x61\x62\x65\x6c\
\x6c\x65\x64\x62\x79\x3d\x22\x63\x6f\x6e\x74\x72\x61\x73\x74\x49\
\x63\x6f\x6e\x54\x69\x74\x6c\x65\x22\x20\x73\x74\x72\x6f\x6b\x65\
\x3d\x22\x23\x30\x30\x30\x22\x20\x73\x74\x72\x6f\x6b\x65\x2d\x77\
\x69\x64\x74\x68\x3d\x22\x31\x2e\x35\x22\x20\x73\x74\x72\x6f\x6b\
\x65\x2d\x6c\x69\x6e\x65\x63\x61\x70\x3d\x22\x73\x71\x75\x61\x72\
\x65\x22\x20\x73\x74\x72\x6f\x6b\x65\x2d\x6c\x69\x6e\x65\x6a\x6f\
\x69\x6e\x3d\x22\x6d\x69\x74\x65\x72\x22\x20\x66\x69\x6c\x6c\x3d\
\x22\x6e\x6f\x6e\x65\x22\x20\x63\x6f\x6c\x6f\x72\x3d\x22\x23\x30\
\x30\x30\x22\x3e\x20\x3c\x74\x69\x74\x6c\x65\x20\x69\x64\x3d\x22\
\x63\x6f\x6e\x74\x72\x61\x73\x74\x49\x63\x6f\x6e\x54\x69\x74\x6c\
\x65\x22\x3e\x43\x6f\x6e\x74\x72\x61\x73\x74\x20\x63\x6f\x6e\x74\
\x72\x6f\x6c\x3c\x2f\x74\x69\x74\x6c\x65\x3e\x20\x3c\x72\x65\x63\
\x74\x20\x78\x3d\x22\x32\x31\x22\x20\x79\x3d\x22\x33\x22\x20\x77\
\x69\x64\x74\x68\x3d\x22\x31\x38\x22\x20\x68\x65\x69\x67\x68\x74\
\x3d\x22\x31\x38\x22\x20\x74\x72\x61\x6e\x73\x66\x6f\x72\x6d\x3d\
\x22\x72\x6f\x74\x61\x74\x65\x28\x39\x30\x20\x32\x31\x20\x33\x29\
\x22\x2f\x3e\x20\x3c\x67\x20\x73\x74\x72\x6f\x6b\x65\x2d\x6c\x69\
\x6e\x65\x63\x61\x70\x3d\x22\x72\x6f\x75\x6e\x64\x22\x3e\x20\x3c\
\x70\x61\x74\x68\x20\x64\x3d\x22\x4d\x32\x31\x20\x33\x4c\x33\x20\
\x32\x31\x22\x2f\x3e\x20\x3c\x70\x61\x74\x68\x20\x64\x3d\x22\x4d\
\x31\x36\x20\x33\x4c\x33\x20\x31\x36\x22\x2f\x3e\x20\x3c\x70\x61\
\x74\x68\x20\x64\x3d\x22\x4d\x31\x31\x20\x33\x4c\x33\x20\x31\x31\
\x22\x2f\x3e\x20\x3c\x70\x61\x74\x68\x20\x64\x3d\x22\x4d\x36\x20\
\x33\x4c\x33\x20\x36\x22\x2f\x3e\x20\x3c\x2f\x67\x3e\x20\x3c\x2f\
\x73\x76\x67\x3e\
\x00\x00\x02\x5c\
\x3c\
\x73\x76\x67\x20\x72\x6f\x6c\x65\x3d\x22\x69\x6d\x67\x22\x20\x78\
\x6d\x6c\x6e\x73\x3d\x22\x68\x74\x74\x70\x3a\x2f\x2f\x77\x77\x77\
\x2e\x77\x33\x2e\x6f\x72\x67\x2f\x32\x30\x30\x30\x2f\x73\x76\x67\
\x22\x20\x77\x69\x64\x74\x68\x3d\x22\x33\x32\x70\x78\x22\x20\x68\
\x65\x69\x67\x68\x74\x3d\x22\x33\x32\x70\x78\x22\x20\x76\x69\x65\
\x77\x42\x6f\x78\x3d\x22\x30\x20\x30\x20\x32\x34\x20\x32\x34\x22\
\x20\x61\x72\x69\x61\x2d\x6c\x61\x62\x65\x6c\x6c\x65\x64\x62\x79\
\x3d\x22\x75\x6d\x62\x72\x65\x6c\x6c\x61\x49\x63\x6f\x6e\x54\x69\
\x74\x6c\x65\x22\x20\x73\x74\x72\x6f\x6b\x65\x3d\x22\x23\x30\x30\
\x30\x22\x20\x73\x74\x72\x6f\x6b\x65\x2d\x77\x69\x64\x74\x68\x3d\
\x22\x31\x2e\x35\x22\x20\x73\x74\x72\x6f\x6b\x65\x2d\x6c\x69\x6e\
\x65\x63\x61\x70\x3d\x22\x73\x71\x75\x61\x72\x65\x22\x20\x73\x74\
\x72\x6f\x6b\x65\x2d\x6c\x69\x6e\x65\x6a\x6f\x69\x6e\x3d\x22\x6d\
\x69\x74\x65\x72\x22\x20\x66\x69\x6c\x6c\x3d\x22\x6e\x6f\x6e\x65\
\x22\x20\x63\x6f\x6c\x6f\x72\x3d\x22\x23\x30\x30\x30\x22\x3e\x20\
\x3c\x74\x69\x74\x6c\x65\x20\x69\x64\x3d\x22\x75\x6d\x62\x72\x65\
\x6c\x6c\x61\x49\x63\x6f\x6e\x54\x69\x74\x6c\x65\x22\x3e\x55\x6d\
\x62\x72\x65\x6c\x6c\x61\x3c\x2f\x74\x69\x74\x6c\x65\x3e\x20\x3c\
\x70\x61\x74\x68\x20\x64\x3d\x22\x4d\x32\x32\x2c\x31\x31\x20\x43\
\x32\x32\x2c\x36\x2e\x30\x32\x39\x34\x33\x37\x32\x35\x20\x31\x37\
\x2e\x35\x32\x32\x38\x34\x37\x35\x2c\x32\x20\x31\x32\x2c\x32\x20\
\x43\x36\x2e\x34\x37\x37\x31\x35\x32\x35\x2c\x32\x20\x32\x2c\x36\
\x2e\x30\x32\x39\x34\x33\x37\x32\x35\x20\x32\x2c\x31\x31\x20\x43\
\x37\x2c\x31\x31\x20\x31\x35\x2c\x31\x31\x20\x32\x32\x2c\x31\x31\
\x20\x5a\x22\x2f\x3e\x20\x3c\x70\x61\x74\x68\x20\x64\x3d\x22\x4d\
\x31\x37\x2c\x31\x39\x20\x43\x31\x37\x2c\x31\x39\x2e\x33\x33\x33\
\x33\x33\x33\x33\x20\x31\x37\x2c\x31\x39\x2e\x35\x20\x31\x37\x2c\
\x31\x39\x2e\x35\x20\x43\x31\x37\x2c\x32\x30\x2e\x38\x38\x30\x37\
\x31\x31\x39\x20\x31\x35\x2e\x38\x38\x30\x37\x31\x31\x39\x2c\x32\
\x32\x20\x31\x34\x2e\x35\x2c\x32\x32\x20\x43\x31\x33\x2e\x31\x31\
\x39\x32\x38\x38\x31\x2c\x32\x32\x20\x31\x32\x2c\x32\x30\x2e\x38\
\x38\x30\x37\x31\x31\x39\x20\x31\x32\x2c\x31\x39\x2e\x35\x20\x43\
\x31\x32\x2c\x31\x38\x2e\x37\x35\x39\x32\x35\x39\x33\x20\x31\x32\
\x2c\x31\x36\x2e\x32\x35\x39\x32\x35\x39\x33\x20\x31\x32\x2c\x31\
\x32\x22\x2f\x3e\x20\x3c\x70\x61\x74\x68\x20\x73\x74\x72\x6f\x6b\
\x65\x2d\x6c\x69\x6e\x65\x63\x61\x70\x3d\x22\x62\x75\x74\x74\x22\
\x20\x64\x3d\x22\x4d\x31\x32\x2c\x31\x32\x20\x4c\x31\x32\x2c\x31\
\x31\x22\x2f\x3e\x20\x3c\x2f\x73\x76\x67\x3e\
\x00\x00\x03\x76\
\x3c\
\x73\x76\x67\x20\x77\x69\x64\x74\x68\x3d\x22\x33\x32\x70\x78\x22\
\x20\x68\x65\x69\x67\x68\x74\x3d\x22\x33\x32\x70\x78\x22\x20\x76\
\x69\x65\x77\x42\x6f\x78\x3d\x22\x30\x20\x30\x20\x32\x34\x20\x32\
\x34\x22\x20\x66\x69\x6c\x6c\x3d\x22\x6e\x6f\x6e\x65\x22\x20\x78\
\x6d\x6c\x6e\x73\x3d\x22\x68\x74\x74\x70\x3a\x2f\x2f\x77\x77\x77\
\x2e\x77\x33\x2e\x6f\x72\x67\x2f\x32\x30\x30\x30\x2f\x73\x76\x67\
\x22\x20\x61\x72\x69\x61\x2d\x6c\x61\x62\x65\x6c\x6c\x65\x64\x62\
\x79\x3d\x22\x71\x72\x49\x63\x6f\x6e\x54\x69\x74\x6c\x65\x22\x20\
\x73\x74\x72\x6f\x6b\x65\x3d\x22\x23\x30\x30\x30\x22\x20\x73\x74\
\x72\x6f\x6b\x65\x2d\x77\x69\x64\x74\x68\x3d\x22\x31\x2e\x35\x22\
\x20\x73\x74\x72\x6f\x6b\x65\x2d\x6c\x69\x6e\x65\x63\x61\x70\x3d\
\x22\x73\x71\x75\x61\x72\x65\x22\x20\x73\x74\x72\x6f\x6b\x65\x2d\
\x6c\x69\x6e\x65\x6a\x6f\x69\x6e\x3d\x22\x6d\x69\x74\x65\x72\x22\
\x20\x63\x6f\x6c\x6f\x72\x3d\x22\x23\x30\x30\x30\x22\x3e\x20\x3c\
\x74\x69\x74\x6c\x65\x20\x69\x64\x3d\x22\x71\x72\x49\x63\x6f\x6e\
\x54\x69\x74\x6c\x65\x22\x3e\x51\x52\x20\x43\x6f\x64\x65\x3c\x2f\
\x74\x69\x74\x6c\x65\x3e\x20\x3c\x72\x65\x63\x74\x20\x78\x3d\x22\
\x31\x30\x22\x20\x79\x3d\x22\x33\x22\x20\x77\x69\x64\x74\x68\x3d\
\x22\x37\x22\x20\x68\x65\x69\x67\x68\x74\x3d\x22\x37\x22\x20\x74\
\x72\x61\x6e\x73\x66\x6f\x72\x6d\x3d\x22\x72\x6f\x74\x61\x74\x65\
\x28\x39\x30\x20\x31\x30\x20\x33\x29\x22\x2f\x3e\x20\x3c\x72\x65\
\x63\x74\x20\x77\x69\x64\x74\x68\x3d\x22\x31\x22\x20\x68\x65\x69\
\x67\x68\x74\x3d\x22\x31\x22\x20\x74\x72\x61\x6e\x73\x66\x6f\x72\
\x6d\x3d\x22\x6d\x61\x74\x72\x69\x78\x28\x2d\x31\x20\x30\x20\x30\
\x20\x31\x20\x37\x20\x36\x29\x22\x2f\x3e\x20\x3c\x72\x65\x63\x74\
\x20\x78\x3d\x22\x31\x30\x22\x20\x79\x3d\x22\x31\x34\x22\x20\x77\
\x69\x64\x74\x68\x3d\x22\x37\x22\x20\x68\x65\x69\x67\x68\x74\x3d\
\x22\x37\x22\x20\x74\x72\x61\x6e\x73\x66\x6f\x72\x6d\x3d\x22\x72\
\x6f\x74\x61\x74\x65\x28\x39\x30\x20\x31\x30\x20\x31\x34\x29\x22\
\x2f\x3e\x20\x3c\x72\x65\x63\x74\x20\x78\x3d\x22\x36\x22\x20\x79\
\x3d\x22\x31\x37\x22\x20\x77\x69\x64\x74\x68\x3d\x22\x31\x22\x20\
\x68\x65\x69\x67\x68\x74\x3d\x22\x31\x22\x2f\x3e\x20\x3c\x72\x65\
\x63\x74\x20\x78\x3d\x22\x31\x34\x22\x20\x79\x3d\x22\x32\x30\x22\
\x20\x77\x69\x64\x74\x68\x3d\x22\x31\x22\x20\x68\x65\x69\x67\x68\
\x74\x3d\x22\x31\x22\x2f\x3e\x20\x3c\x72\x65\x63\x74\x20\x78\x3d\
\x22\x31\x37\x22\x20\x79\x3d\x22\x31\x37\x22\x20\x77\x69\x64\x74\
\x68\x3d\x22\x31\x22\x20\x68\x65\x69\x67\x68\x74\x3d\x22\x31\x22\
\x2f\x3e\x20\x3c\x72\x65\x63\x74\x20\x78\x3d\x22\x31\x34\x22\x20\
\x79\x3d\x22\x31\x34\x22\x20\x77\x69\x64\x74\x68\x3d\x22\x31\x22\
\x20\x68\x65\x69\x67\x68\x74\x3d\x22\x31\x22\x2f\x3e\x20\x3c\x72\
\x65\x63\x74\x20\x78\x3d\x22\x32\x30\x22\x20\x79\x3d\x22\x31\x37\
\x22\x20\x77\x69\x64\x74\x68\x3d\x22\x31\x22\x20\x68\x65\x69\x67\
\x68\x74\x3d\x22\x31\x22\x2f\x3e\x20\x3c\x72\x65\x63\x74\x20\x78\
\x3d\x22\x32\x30\x22\x20\x79\x3d\x22\x31\x34\x22\x20\x77\x69\x64\
\x74\x68\x3d\x22\x31\x22\x20\x68\x65\x69\x67\x68\x74\x3d\x22\x31\
\x22\x2f\x3e\x20\x3c\x72\x65\x63\x74\x20\x78\x3d\x22\x32\x30\x22\
\x20\x79\x3d\x22\x32\x30\x22\x20\x77\x69\x64\x74\x68\x3d\x22\x31\
\x22\x20\x68\x65\x69\x67\x68\x74\x3d\x22\x31\x22\x2f\x3e\x20\x3c\
\x72\x65\x63\x74\x20\x78\x3d\x22\x32\x31\x22\x20\x79\x3d\x22\x33\
\x22\x20\x77\x69\x64\x74\x68\x3d\x22\x37\x22\x20\x68\x65\x69\x67\
\x68\x74\x3d\x22\x37\x22\x20\x74\x72\x61\x6e\x73\x66\x6f\x72\x6d\
\x3d\x22\x72\x6f\x74\x61\x74\x65\x28\x39\x30\x20\x32\x31\x20\x33\
\x29\x22\x2f\x3e\x20\x3c\x72\x65\x63\x74\x20\x78\x3d\x22\x31\x37\
\x22\x20\x79\x3d\x22\x36\x22\x20\x77\x69\x64\x74\x68\x3d\x22\x31\
\x22\x20\x68\x65\x69\x67\x68\x74\x3d\x22\x31\x22\x2f\x3e\x20\x3c\
\x2f\x73\x76\x67\x3e\
\x00\x00\x01\xdc\
\x3c\
\x73\x76\x67\x20\x77\x69\x64\x74\x68\x3d\x22\x33\x32\x70\x78\x22\
\x20\x68\x65\x69\x67\x68\x74\x3d\x22\x33\x32\x70\x78\x22\x20\x76\
\x69\x65\x77\x42\x6f\x78\x3d\x22\x30\x20\x30\x20\x32\x34\x20\x32\
\x34\x22\x20\x78\x6d\x6c\x6e\x73\x3d\x22\x68\x74\x74\x70\x3a\x2f\
\x2f\x77\x77\x77\x2e\x77\x33\x2e\x6f\x72\x67\x2f\x32\x30\x30\x30\
\x2f\x73\x76\x67\x22\x20\x61\x72\x69\x61\x2d\x6c\x61\x62\x65\x6c\
\x6c\x65\x64\x62\x79\x3d\x22\x61\x63\x63\x65\x73\x73\x69\x62\x69\
\x6c\x69\x74\x79\x49\x63\x6f\x6e\x54\x69\x74\x6c\x65\x22\x20\x73\
\x74\x72\x6f\x6b\x65\x3d\x22\x23\x30\x30\x30\x22\x20\x73\x74\x72\
\x6f\x6b\x65\x2d\x77\x69\x64\x74\x68\x3d\x22\x31\x2e\x35\x22\x20\
\x73\x74\x72\x6f\x6b\x65\x2d\x6c\x69\x6e\x65\x63\x61\x70\x3d\x22\
\x73\x71\x75\x61\x72\x65\x22\x20\x73\x74\x72\x6f\x6b\x65\x2d\x6c\
\x69\x6e\x65\x6a\x6f\x69\x6e\x3d\x22\x6d\x69\x74\x65\x72\x22\x20\
\x66\x69\x6c\x6c\x3d\x22\x6e\x6f\x6e\x65\x22\x20\x63\x6f\x6c\x6f\
\x72\x3d\x22\x23\x30\x30\x30\x22\x3e\x20\x3c\x74\x69\x74\x6c\x65\
\x20\x69\x64\x3d\x22\x61\x63\x63\x65\x73\x73\x69\x62\x69\x6c\x69\
\x74\x79\x49\x63\x6f\x6e\x54\x69\x74\x6c\x65\x22\x3e\x41\x31\x31\
\x59\x20\x28\x61\x63\x63\x65\x73\x73\x69\x62\x69\x6c\x69\x74\x79\
\x29\x3c\x2f\x74\x69\x74\x6c\x65\x3e\x20\x3c\x70\x61\x74\x68\x20\
\x64\x3d\x22\x4d\x32\x20\x31\x36\x4c\x32\x2e\x38\x20\x31\x34\x4d\
\x36\x20\x31\x36\x4c\x35\x2e\x32\x20\x31\x34\x4d\x35\x2e\x32\x20\
\x31\x34\x4c\x34\x20\x31\x31\x4c\x32\x2e\x38\x20\x31\x34\x4d\x35\
\x2e\x32\x20\x31\x34\x48\x32\x2e\x38\x22\x2f\x3e\x20\x3c\x70\x61\
\x74\x68\x20\x64\x3d\x22\x4d\x32\x30\x20\x31\x33\x4c\x32\x32\x20\
\x31\x30\x4d\x32\x30\x20\x31\x33\x4c\x31\x38\x20\x31\x30\x4d\x32\
\x30\x20\x31\x33\x4c\x32\x30\x20\x31\x36\x22\x2f\x3e\x20\x3c\x70\
\x61\x74\x68\x20\x64\x3d\x22\x4d\x38\x20\x31\x32\x4c\x31\x30\x20\
\x31\x30\x56\x31\x36\x22\x2f\x3e\x20\x3c\x70\x61\x74\x68\x20\x64\
\x3d\x22\x4d\x31\x33\x20\x31\x32\x4c\x31\x35\x20\x31\x30\x56\x31\
\x36\x22\x2f\x3e\x20\x3c\x2f\x73\x76\x67\x3e\
\x00\x00\x01\xed\
\x3c\
\x73\x76\x67\x20\x72\x6f\x6c\x65\x3d\x22\x69\x6d\x67\x22\x20\x78\
\x6d\x6c\x6e\x73\x3d\x22\x68\x74\x74\x70\x3a\x2f\x2f\x77\x77\x77\
\x2e\x77\x33\x2e\x6f\x72\x67\x2f\x32\x30\x30\x30\x2f\x73\x76\x67\
\x22\x20\x77\x69\x64\x74\x68\x3d\x22\x33\x32\x70\x78\x22\x20\x68\
\x65\x69\x67\x68\x74\x3d\x22\x33\x32\x70\x78\x22\x20\x76\x69\x65\
\x77\x42\x6f\x78\x3d\x22\x30\x20\x30\x20\x32\x34\x20\x32\x34\x22\
\x20\x61\x72\x69\x61\x2d\x6c\x61\x62\x65\x6c\x6c\x65\x64\x62\x79\
\x3d\x22\x65\x6e\x76\x65\x6c\x6f\x70\x65\x49\x63\x6f\x6e\x54\x69\
\x74\x6c\x65\x22\x20\x73\x74\x72\x6f\x6b\x65\x3d\x22\x23\x30\x30\
\x30\x22\x20\x73\x74\x72\x6f\x6b\x65\x2d\x77\x69\x64\x74\x68\x3d\
\x22\x31\x2e\x35\x22\x20\x73\x74\x72\x6f\x6b\x65\x2d\x6c\x69\x6e\
\x65\x63\x61\x70\x3d\x22\x73\x71\x75\x61\x72\x65\x22\x20\x73\x74\
\x72\x6f\x6b\x65\x2d\x6c\x69\x6e\x65\x6a\x6f\x69\x6e\x3d\x22\x6d\
\x69\x74\x65\x72\x22\x20\x66\x69\x6c\x6c\x3d\x22\x6e\x6f\x6e\x65\
\x22\x20\x63\x6f\x6c\x6f\x72\x3d\x22\x23\x30\x30\x30\x22\x3e\x20\
\x3c\x74\x69\x74\x6c\x65\x20\x69\x64\x3d\x22\x65\x6e\x76\x65\x6c\
\x6f\x70\x65\x49\x63\x6f\x6e\x54\x69\x74\x6c\x65\x22\x3e\x45\x6e\
\x76\x65\x6c\x6f\x70\x65\x3c\x2f\x74\x69\x74\x6c\x65\x3e\x20\x3c\
\x72\x65\x63\x74\x20\x77\x69\x64\x74\x68\x3d\x22\x32\x30\x22\x20\
\x68\x65\x69\x67\x68\x74\x3d\x22\x31\x34\x22\x20\x78\x3d\x22\x32\
\x22\x20\x79\x3d\x22\x35\x22\x2f\x3e\x20\x3c\x70\x61\x74\x68\x20\
\x73\x74\x72\x6f\x6b\x65\x2d\x6c\x69\x6e\x65\x63\x61\x70\x3d\x22\
\x72\x6f\x75\x6e\x64\x22\x20\x64\x3d\x22\x4d\x32\x20\x35\x6c\x31\
\x30\x20\x39\x20\x31\x30\x2d\x39\x22\x2f\x3e\x20\x3c\x70\x61\x74\
\x68\x20\x73\x74\x72\x6f\x6b\x65\x2d\x6c\x69\x6e\x65\x63\x61\x70\
\x3d\x22\x72\x6f\x75\x6e\x64\x22\x20\x64\x3d\x22\x4d\x32\x20\x31\
\x39\x6c\x36\x2e\x38\x32\x35\x2d\x37\x2e\x38\x22\x2f\x3e\x20\x3c\
\x70\x61\x74\x68\x20\x73\x74\x72\x6f\x6b\x65\x2d\x6c\x69\x6e\x65\
\x63\x61\x70\x3d\x22\x72\x6f\x75\x6e\x64\x22\x20\x64\x3d\x22\x4d\
\x32\x32\x20\x31\x39\x6c\x2d\x36\x2e\x38\x34\x34\x2d\x37\x2e\x38\
\x32\x32\x22\x2f\x3e\x20\x3c\x2f\x73\x76\x67\x3e\
\x00\x00\x01\x66\
\x3c\
\x73\x76\x67\x20\x77\x69\x64\x74\x68\x3d\x22\x33\x32\x70\x78\x22\
\x20\x68\x65\x69\x67\x68\x74\x3d\x22\x33\x32\x70\x78\x22\x20\x76\
\x69\x65\x77\x42\x6f\x78\x3d\x22\x30\x20\x30\x20\x32\x34\x20\x32\
\x34\x22\x20\x78\x6d\x6c\x6e\x73\x3d\x22\x68\x74\x74\x70\x3a\x2f\
\x2f\x77\x77\x77\x2e\x77\x33\x2e\x6f\x72\x67\x2f\x32\x30\x30\x30\
\x2f\x73\x76\x67\x22\x20\x61\x72\x69\x61\x2d\x6c\x61\x62\x65\x6c\
\x6c\x65\x64\x62\x79\x3d\x22\x67\x72\x69\x64\x49\x63\x6f\x6e\x54\
\x69\x74\x6c\x65\x22\x20\x73\x74\x72\x6f\x6b\x65\x3d\x22\x23\x30\
\x30\x30\x22\x20\x73\x74\x72\x6f\x6b\x65\x2d\x77\x69\x64\x74\x68\
\x3d\x22\x31\x2e\x35\x22\x20\x73\x74\x72\x6f\x6b\x65\x2d\x6c\x69\
\x6e\x65\x63\x61\x70\x3d\x22\x73\x71\x75\x61\x72\x65\x22\x20\x73\
\x74\x72\x6f\x6b\x65\x2d\x6c\x69\x6e\x65\x6a\x6f\x69\x6e\x3d\x22\
\x6d\x69\x74\x65\x72\x22\x20\x66\x69\x6c\x6c\x3d\x22\x6e\x6f\x6e\
\x65\x22\x20\x63\x6f\x6c\x6f\x72\x3d\x22\x23\x30\x30\x30\x22\x3e\
\x20\x3c\x74\x69\x74\x6c\x65\x20\x69\x64\x3d\x22\x67\x72\x69\x64\
\x49\x63\x6f\x6e\x54\x69\x74\x6c\x65\x22\x3e\x47\x72\x69\x64\x3c\
\x2f\x74\x69\x74\x6c\x65\x3e\x20\x3c\x70\x61\x74\x68\x20\x64\x3d\
\x22\x4d\x37\x20\x33\x56\x32\x31\x22\x2f\x3e\x20\x3c\x70\x61\x74\
\x68\x20\x64\x3d\x22\x4d\x31\x37\x20\x33\x56\x32\x31\x22\x2f\x3e\
\x20\x3c\x70\x61\x74\x68\x20\x64\x3d\x22\x4d\x32\x31\x20\x31\x37\
\x4c\x33\x20\x31\x37\x22\x2f\x3e\x20\x3c\x70\x61\x74\x68\x20\x64\
\x3d\x22\x4d\x32\x31\x20\x37\x4c\x33\x20\x37\x22\x2f\x3e\x20\x3c\
\x2f\x73\x76\x67\x3e\
\x00\x00\x02\x00\
\x3c\
\x73\x76\x67\x20\x72\x6f\x6c\x65\x3d\x22\x69\x6d\x67\x22\x20\x78\
\x6d\x6c\x6e\x73\x3d\x22\x68\x74\x74\x70\x3a\x2f\x2f\x77\x77\x77\
\x2e\x77\x33\x2e\x6f\x72\x67\x2f\x32\x30\x30\x30\x2f\x73\x76\x67\
\x22\x20\x77\x69\x64\x74\x68\x3d\x22\x33\x32\x70\x78\x22\x20\x68\
\x65\x69\x67\x68\x74\x3d\x22\x33\x32\x70\x78\x22\x20\x76\x69\x65\
\x77\x42\x6f\x78\x3d\x22\x30\x20\x30\x20\x32\x34\x20\x32\x34\x22\
\x20\x61\x72\x69\x61\x2d\x6c\x61\x62\x65\x6c\x6c\x65\x64\x62\x79\
\x3d\x22\x63\x6c\x69\x70\x62\x6f\x61\x72\x64\x49\x63\x6f\x6e\x54\
\x69\x74\x6c\x65\x22\x20\x73\x74\x72\x6f\x6b\x65\x3d\x22\x23\x30\
\x30\x30\x22\x20\x73\x74\x72\x6f\x6b\x65\x2d\x77\x69\x64\x74\x68\
\x3d\x22\x31\x2e\x35\x22\x20\x73\x74\x72\x6f\x6b\x65\x2d\x6c\x69\
\x6e\x65\x63\x61\x70\x3d\x22\x73\x71\x75\x61\x72\x65\x22\x20\x73\
\x74\x72\x6f\x6b\x65\x2d\x6c\x69\x6e\x65\x6a\x6f\x69\x6e\x3d\x22\
\x6d\x69\x74\x65\x72\x22\x20\x66\x69\x6c\x6c\x3d\x22\x6e\x6f\x6e\
\x65\x22\x20\x63\x6f\x6c\x6f\x72\x3d\x22\x23\x30\x30\x30\x22\x3e\
\x20\x3c\x74\x69\x74\x6c\x65\x20\x69\x64\x3d\x22\x63\x6c\x69\x70\
\x62\x6f\x61\x72\x64\x49\x63\x6f\x6e\x54\x69\x74\x6c\x65\x22\x3e\
\x43\x6c\x69\x70\x62\x6f\x61\x72\x64\x3c\x2f\x74\x69\x74\x6c\x65\
\x3e\x20\x3c\x70\x6f\x6c\x79\x6c\x69\x6e\x65\x20\x70\x6f\x69\x6e\
\x74\x73\x3d\x22\x31\x35\x20\x33\x20\x31\x39\x20\x33\x20\x31\x39\
\x20\x32\x31\x20\x35\x20\x32\x31\x20\x35\x20\x33\x20\x35\x20\x33\
\x20\x39\x20\x33\x22\x2f\x3e\x20\x3c\x70\x61\x74\x68\x20\x64\x3d\
\x22\x4d\x31\x34\x2c\x34\x20\x4c\x31\x30\x2c\x34\x20\x43\x39\x2e\
\x34\x34\x37\x37\x31\x35\x32\x35\x2c\x34\x20\x39\x2c\x33\x2e\x35\
\x35\x32\x32\x38\x34\x37\x35\x20\x39\x2c\x33\x20\x43\x39\x2c\x32\
\x2e\x34\x34\x37\x37\x31\x35\x32\x35\x20\x39\x2e\x34\x34\x37\x37\
\x31\x35\x32\x35\x2c\x32\x20\x31\x30\x2c\x32\x20\x4c\x31\x34\x2c\
\x32\x20\x43\x31\x34\x2e\x35\x35\x32\x32\x38\x34\x37\x2c\x32\x20\
\x31\x35\x2c\x32\x2e\x34\x34\x37\x37\x31\x35\x32\x35\x20\x31\x35\
\x2c\x33\x20\x43\x31\x35\x2c\x33\x2e\x35\x35\x32\x32\x38\x34\x37\
\x35\x20\x31\x34\x2e\x35\x35\x32\x32\x38\x34\x37\x2c\x34\x20\x31\
\x34\x2c\x34\x20\x5a\x22\x2f\x3e\x20\x3c\x2f\x73\x76\x67\x3e\
\x00\x00\x01\x5b\
\x3c\
\x73\x76\x67\x20\x72\x6f\x6c\x65\x3d\x22\x69\x6d\x67\x22\x20\x78\
\x6d\x6c\x6e\x73\x3d\x22\x68\x74\x74\x70\x3a\x2f\x2f\x77\x77\x77\
\x2e\x77\x33\x2e\x6f\x72\x67\x2f\x32\x30\x30\x30\x2f\x73\x76\x67\
\x22\x20\x77\x69\x64\x74\x68\x3d\x22\x33\x32\x70\x78\x22\x20\x68\
\x65\x69\x67\x68\x74\x3d\x22\x33\x32\x70\x78\x22\x20\x76\x69\x65\
\x77\x42\x6f\x78\x3d\x22\x30\x20\x30\x20\x32\x34\x20\x32\x34\x22\
\x20\x61\x72\x69\x61\x2d\x6c\x61\x62\x65\x6c\x6c\x65\x64\x62\x79\
\x3d\x22\x64\x69\x73\x63\x49\x63\x6f\x6e\x54\x69\x74\x6c\x65\x22\
\x20\x73\x74\x72\x6f\x6b\x65\x3d\x22\x23\x30\x30\x30\x22\x20\x73\
\x74\x72\x6f\x6b\x65\x2d\x77\x69\x64\x74\x68\x3d\x22\x31\x2e\x35\
\x22\x20\x73\x74\x72\x6f\x6b\x65\x2d\x6c\x69\x6e\x65\x63\x61\x70\
\x3d\x22\x73\x71\x75\x61\x72\x65\x22\x20\x73\x74\x72\x6f\x6b\x65\
\x2d\x6c\x69\x6e\x65\x6a\x6f\x69\x6e\x3d\x22\x6d\x69\x74\x65\x72\
\x22\x20\x66\x69\x6c\x6c\x3d\x22\x6e\x6f\x6e\x65\x22\x20\x63\x6f\
\x6c\x6f\x72\x3d\x22\x23\x30\x30\x30\x22\x3e\x20\x3c\x74\x69\x74\
\x6c\x65\x20\x69\x64\x3d\x22\x64\x69\x73\x63\x49\x63\x6f\x6e\x54\
\x69\x74\x6c\x65\x22\x3e\x44\x69\x73\x63\x3c\x2f\x74\x69\x74\x6c\
\x65\x3e\x20\x3c\x63\x69\x72\x63\x6c\x65\x20\x63\x78\x3d\x22\x31\
\x32\x22\x20\x63\x79\x3d\x22\x31\x32\x22\x20\x72\x3d\x22\x31\x30\
\x22\x2f\x3e\x20\x3c\x63\x69\x72\x63\x6c\x65\x20\x63\x78\x3d\x22\
\x31\x32\x22\x20\x63\x79\x3d\x22\x31\x32\x22\x20\x72\x3d\x22\x34\
\x22\x2f\x3e\x20\x3c\x2f\x73\x76\x67\x3e\
\x00\x00\x02\xf4\
\x3c\
\x73\x76\x67\x20\x72\x6f\x6c\x65\x3d\x22\x69\x6d\x67\x22\x20\x78\
\x6d\x6c\x6e\x73\x3d\x22\x68\x74\x74\x70\x3a\x2f\x2f\x77\x77\x77\
\x2e\x77\x33\x2e\x6f\x72\x67\x2f\x32\x30\x30\x30\x2f\x73\x76\x67\
\x22\x20\x77\x69\x64\x74\x68\x3d\x22\x33\x32\x70\x78\x22\x20\x68\
\x65\x69\x67\x68\x74\x3d\x22\x33\x32\x70\x78\x22\x20\x76\x69\x65\
\x77\x42\x6f\x78\x3d\x22\x30\x20\x30\x20\x32\x34\x20\x32\x34\x22\
\x20\x61\x72\x69\x61\x2d\x6c\x61\x62\x65\x6c\x6c\x65\x64\x62\x79\
\x3d\x22\x62\x65\x6c\x6c\x49\x63\x6f\x6e\x54\x69\x74\x6c\x65\x22\
\x20\x73\x74\x72\x6f\x6b\x65\x3d\x22\x23\x30\x30\x30\x22\x20\x73\
\x74\x72\x6f\x6b\x65\x2d\x77\x69\x64\x74\x68\x3d\x22\x31\x2e\x35\
\x22\x20\x73\x74\x72\x6f\x6b\x65\x2d\x6c\x69\x6e\x65\x63\x61\x70\
\x3d\x22\x73\x71\x75\x61\x72\x65\x22\x20\x73\x74\x72\x6f\x6b\x65\
\x2d\x6c\x69\x6e\x65\x6a\x6f\x69\x6e\x3d\x22\x6d\x69\x74\x65\x72\
\x22\x20\x66\x69\x6c\x6c\x3d\x22\x6e\x6f\x6e\x65\x22\x20\x63\x6f\
\x6c\x6f\x72\x3d\x22\x23\x30\x30\x30\x22\x3e\x20\x3c\x74\x69\x74\
\x6c\x65\x20\x69\x64\x3d\x22\x62\x65\x6c\x6c\x49\x63\x6f\x6e\x54\
\x69\x74\x6c\x65\x22\x3e\x42\x65\x6c\x6c\x3c\x2f\x74\x69\x74\x6c\
\x65\x3e\x20\x3c\x70\x61\x74\x68\x20\x73\x74\x72\x6f\x6b\x65\x2d\
\x6c\x69\x6e\x65\x6a\x6f\x69\x6e\x3d\x22\x72\x6f\x75\x6e\x64\x22\
\x20\x64\x3d\x22\x4d\x31\x30\x2e\x35\x2c\x34\x2e\x35\x20\x43\x31\
\x32\x2e\x31\x36\x36\x36\x36\x36\x37\x2c\x34\x2e\x35\x20\x31\x33\
\x2e\x38\x33\x33\x33\x33\x33\x33\x2c\x34\x2e\x35\x20\x31\x35\x2e\
\x35\x2c\x34\x2e\x35\x20\x43\x31\x37\x2e\x35\x2c\x34\x2e\x35\x20\
\x31\x38\x2e\x38\x33\x33\x33\x33\x33\x33\x2c\x33\x2e\x38\x33\x33\
\x33\x33\x33\x33\x33\x20\x31\x39\x2e\x35\x2c\x32\x2e\x35\x20\x4c\
\x31\x39\x2e\x35\x2c\x31\x38\x2e\x35\x20\x43\x31\x38\x2e\x38\x33\
\x33\x33\x33\x33\x33\x2c\x31\x37\x2e\x31\x36\x36\x36\x36\x36\x37\
\x20\x31\x37\x2e\x35\x2c\x31\x36\x2e\x35\x20\x31\x35\x2e\x35\x2c\
\x31\x36\x2e\x35\x20\x43\x31\x33\x2e\x38\x33\x33\x33\x33\x33\x33\
\x2c\x31\x36\x2e\x35\x20\x31\x32\x2e\x31\x36\x36\x36\x36\x36\x37\
\x2c\x31\x36\x2e\x35\x20\x31\x30\x2e\x35\x2c\x31\x36\x2e\x35\x20\
\x4c\x31\x30\x2e\x35\x2c\x31\x36\x2e\x35\x20\x43\x37\x2e\x31\x38\
\x36\x32\x39\x31\x35\x2c\x31\x36\x2e\x35\x20\x34\x2e\x35\x2c\x31\
\x33\x2e\x38\x31\x33\x37\x30\x38\x35\x20\x34\x2e\x35\x2c\x31\x30\
\x2e\x35\x20\x4c\x34\x2e\x35\x2c\x31\x30\x2e\x35\x20\x43\x34\x2e\
\x35\x2c\x37\x2e\x31\x38\x36\x32\x39\x31\x35\x20\x37\x2e\x31\x38\
\x36\x32\x39\x31\x35\x2c\x34\x2e\x35\x20\x31\x30\x2e\x35\x2c\x34\
\x2e\x35\x20\x5a\x22\x20\x74\x72\x61\x6e\x73\x66\x6f\x72\x6d\x3d\
\x22\x72\x6f\x74\x61\x74\x65\x28\x39\x30\x20\x31\x32\x20\x31\x30\
\x2e\x35\x29\x22\x2f\x3e\x20\x3c\x70\x61\x74\x68\x20\x64\x3d\x22\
\x4d\x31\x31\x2c\x32\x31\x20\x43\x31\x32\x2e\x31\x30\x34\x35\x36\
\x39\x35\x2c\x32\x31\x20\x31\x33\x2c\x32\x30\x2e\x31\x30\x34\x35\
\x36\x39\x35\x20\x31\x33\x2c\x31\x39\x20\x43\x31\x33\x2c\x31\x37\
\x2e\x38\x39\x35\x34\x33\x30\x35\x20\x31\x32\x2e\x31\x30\x34\x35\
\x36\x39\x35\x2c\x31\x37\x20\x31\x31\x2c\x31\x37\x22\x20\x74\x72\
\x61\x6e\x73\x66\x6f\x72\x6d\x3d\x22\x72\x6f\x74\x61\x74\x65\x28\
\x39\x30\x20\x31\x32\x20\x31\x39\x29\x22\x2f\x3e\x20\x3c\x2f\x73\
\x76\x67\x3e\
\x00\x00\x02\x99\
\x3c\
\x73\x76\x67\x20\x77\x69\x64\x74\x68\x3d\x22\x33\x32\x70\x78\x22\
\x20\x68\x65\x69\x67\x68\x74\x3d\x22\x33\x32\x70\x78\x22\x20\x76\
\x69\x65\x77\x42\x6f\x78\x3d\x22\x30\x20\x30\x20\x32\x34\x20\x32\
\x34\x22\x20\x78\x6d\x6c\x6e\x73\x3d\x22\x68\x74\x74\x70\x3a\x2f\
\x2f\x77\x77\x77\x2e\x77\x33\x2e\x6f\x72\x67\x2f\x32\x30\x30\x30\
\x2f\x73\x76\x67\x22\x20\x61\x72\x69\x61\x2d\x6c\x61\x62\x65\x6c\
\x6c\x65\x64\x62\x79\x3d\x22\x61\x70\x70\x73\x41\x6c\x74\x49\x63\
\x6f\x6e\x54\x69\x74\x6c\x65\x22\x20\x73\x74\x72\x6f\x6b\x65\x3d\
\x22\x23\x30\x30\x30\x22\x20\x73\x74\x72\x6f\x6b\x65\x2d\x77\x69\
\x64\x74\x68\x3d\x22\x31\x2e\x35\x22\x20\x73\x74\x72\x6f\x6b\x65\
\x2d\x6c\x69\x6e\x65\x63\x61\x70\x3d\x22\x73\x71\x75\x61\x72\x65\
\x22\x20\x73\x74\x72\x6f\x6b\x65\x2d\x6c\x69\x6e\x65\x6a\x6f\x69\
\x6e\x3d\x22\x6d\x69\x74\x65\x72\x22\x20\x66\x69\x6c\x6c\x3d\x22\
\x6e\x6f\x6e\x65\x22\x20\x63\x6f\x6c\x6f\x72\x3d\x22\x23\x30\x30\
\x30\x22\x3e\x20\x3c\x74\x69\x74\x6c\x65\x20\x69\x64\x3d\x22\x61\
\x70\x70\x73\x41\x6c\x74\x49\x63\x6f\x6e\x54\x69\x74\x6c\x65\x22\
\x3e\x41\x70\x70\x73\x20\x64\x72\x61\x77\x65\x72\x3c\x2f\x74\x69\
\x74\x6c\x65\x3e\x20\x3c\x72\x65\x63\x74\x20\x78\x3d\x22\x35\x22\
\x20\x79\x3d\x22\x35\x22\x20\x77\x69\x64\x74\x68\x3d\x22\x32\x22\
\x20\x68\x65\x69\x67\x68\x74\x3d\x22\x32\x22\x2f\x3e\x20\x3c\x72\
\x65\x63\x74\x20\x78\x3d\x22\x31\x31\x22\x20\x79\x3d\x22\x35\x22\
\x20\x77\x69\x64\x74\x68\x3d\x22\x32\x22\x20\x68\x65\x69\x67\x68\
\x74\x3d\x22\x32\x22\x2f\x3e\x20\x3c\x72\x65\x63\x74\x20\x78\x3d\
\x22\x31\x37\x22\x20\x79\x3d\x22\x35\x22\x20\x77\x69\x64\x74\x68\
\x3d\x22\x32\x22\x20\x68\x65\x69\x67\x68\x74\x3d\x22\x32\x22\x2f\
\x3e\x20\x3c\x72\x65\x63\x74\x20\x78\x3d\x22\x35\x22\x20\x79\x3d\
\x22\x31\x31\x22\x20\x77\x69\x64\x74\x68\x3d\x22\x32\x22\x20\x68\
\x65\x69\x67\x68\x74\x3d\x22\x32\x22\x2f\x3e\x20\x3c\x72\x65\x63\
\x74\x20\x78\x3d\x22\x31\x31\x22\x20\x79\x3d\x22\x31\x31\x22\x20\
\x77\x69\x64\x74\x68\x3d\x22\x32\x22\x20\x68\x65\x69\x67\x68\x74\
\x3d\x22\x32\x22\x2f\x3e\x20\x3c\x72\x65\x63\x74\x20\x78\x3d\x22\
\x31\x37\x22\x20\x79\x3d\x22\x31\x31\x22\x20\x77\x69\x64\x74\x68\
\x3d\x22\x32\x22\x20\x68\x65\x69\x67\x68\x74\x3d\x22\x32\x22\x2f\
\x3e\x20\x3c\x72\x65\x63\x74\x20\x78\x3d\x22\x35\x22\x20\x79\x3d\
\x22\x31\x37\x22\x20\x77\x69\x64\x74\x68\x3d\x22\x32\x22\x20\x68\
\x65\x69\x67\x68\x74\x3d\x22\x32\x22\x2f\x3e\x20\x3c\x72\x65\x63\
\x74\x20\x78\x3d\x22\x31\x31\x22\x20\x79\x3d\x22\x31\x37\x22\x20\
\x77\x69\x64\x74\x68\x3d\x22\x32\x22\x20\x68\x65\x69\x67\x68\x74\
\x3d\x22\x32\x22\x2f\x3e\x20\x3c\x72\x65\x63\x74\x20\x78\x3d\x22\
\x31\x37\x22\x20\x79\x3d\x22\x31\x37\x22\x20\x77\x69\x64\x74\x68\
\x3d\x22\x32\x22\x20\x68\x65\x69\x67\x68\x74\x3d\x22\x32\x22\x2f\
\x3e\x20\x3c\x2f\x73\x76\x67\x3e\
\x00\x00\x01\x59\
\x3c\
\x73\x76\x67\x20\x72\x6f\x6c\x65\x3d\x22\x69\x6d\x67\x22\x20\x78\
\x6d\x6c\x6e\x73\x3d\x22\x68\x74\x74\x70\x3a\x2f\x2f\x77\x77\x77\
\x2e\x77\x33\x2e\x6f\x72\x67\x2f\x32\x30\x30\x30\x2f\x73\x76\x67\
\x22\x20\x77\x69\x64\x74\x68\x3d\x22\x33\x32\x70\x78\x22\x20\x68\
\x65\x69\x67\x68\x74\x3d\x22\x33\x32\x70\x78\x22\x20\x76\x69\x65\
\x77\x42\x6f\x78\x3d\x22\x30\x20\x30\x20\x32\x34\x20\x32\x34\x22\
\x20\x61\x72\x69\x61\x2d\x6c\x61\x62\x65\x6c\x6c\x65\x64\x62\x79\
\x3d\x22\x76\x65\x72\x74\x69\x63\x61\x6c\x49\x63\x6f\x6e\x54\x69\
\x74\x6c\x65\x22\x20\x73\x74\x72\x6f\x6b\x65\x3d\x22\x23\x30\x30\
\x30\x22\x20\x73\x74\x72\x6f\x6b\x65\x2d\x77\x69\x64\x74\x68\x3d\
\x22\x31\x2e\x35\x22\x20\x73\x74\x72\x6f\x6b\x65\x2d\x6c\x69\x6e\
\x65\x63\x61\x70\x3d\x22\x73\x71\x75\x61\x72\x65\x22\x20\x73\x74\
\x72\x6f\x6b\x65\x2d\x6c\x69\x6e\x65\x6a\x6f\x69\x6e\x3d\x22\x6d\
\x69\x74\x65\x72\x22\x20\x66\x69\x6c\x6c\x3d\x22\x6e\x6f\x6e\x65\
\x22\x20\x63\x6f\x6c\x6f\x72\x3d\x22\x23\x30\x30\x30\x22\x3e\x20\
\x3c\x74\x69\x74\x6c\x65\x20\x69\x64\x3d\x22\x76\x65\x72\x74\x69\
\x63\x61\x6c\x49\x63\x6f\x6e\x54\x69\x74\x6c\x65\x22\x3e\x56\x65\
\x72\x74\x69\x63\x61\x6c\x20\x4c\x61\x79\x6f\x75\x74\x3c\x2f\x74\
\x69\x74\x6c\x65\x3e\x20\x3c\x70\x61\x74\x68\x20\x64\x3d\x22\x4d\
\x31\x37\x20\x31\x38\x4c\x31\x37\x20\x36\x4d\x31\x32\x20\x31\x38\
\x4c\x31\x32\x20\x36\x4d\x37\x20\x31\x38\x4c\x37\x20\x36\x22\x2f\
\x3e\x20\x3c\x2f\x73\x76\x67\x3e\
\x00\x00\x01\x98\
\x3c\
\x73\x76\x67\x20\x72\x6f\x6c\x65\x3d\x22\x69\x6d\x67\x22\x20\x78\
\x6d\x6c\x6e\x73\x3d\x22\x68\x74\x74\x70\x3a\x2f\x2f\x77\x77\x77\
\x2e\x77\x33\x2e\x6f\x72\x67\x2f\x32\x30\x30\x30\x2f\x73\x76\x67\
\x22\x20\x77\x69\x64\x74\x68\x3d\x22\x33\x32\x70\x78\x22\x20\x68\
\x65\x69\x67\x68\x74\x3d\x22\x33\x32\x70\x78\x22\x20\x76\x69\x65\
\x77\x42\x6f\x78\x3d\x22\x30\x20\x30\x20\x32\x34\x20\x32\x34\x22\
\x20\x61\x72\x69\x61\x2d\x6c\x61\x62\x65\x6c\x6c\x65\x64\x62\x79\
\x3d\x22\x6e\x6f\x74\x65\x62\x6f\x6f\x6b\x49\x63\x6f\x6e\x54\x69\
\x74\x6c\x65\x22\x20\x73\x74\x72\x6f\x6b\x65\x3d\x22\x23\x30\x30\
\x30\x22\x20\x73\x74\x72\x6f\x6b\x65\x2d\x77\x69\x64\x74\x68\x3d\
\x22\x31\x2e\x35\x22\x20\x73\x74\x72\x6f\x6b\x65\x2d\x6c\x69\x6e\
\x65\x63\x61\x70\x3d\x22\x73\x71\x75\x61\x72\x65\x22\x20\x73\x74\
\x72\x6f\x6b\x65\x2d\x6c\x69\x6e\x65\x6a\x6f\x69\x6e\x3d\x22\x6d\
\x69\x74\x65\x72\x22\x20\x66\x69\x6c\x6c\x3d\x22\x6e\x6f\x6e\x65\
\x22\x20\x63\x6f\x6c\x6f\x72\x3d\x22\x23\x30\x30\x30\x22\x3e\x20\
\x3c\x74\x69\x74\x6c\x65\x20\x69\x64\x3d\x22\x6e\x6f\x74\x65\x62\
\x6f\x6f\x6b\x49\x63\x6f\x6e\x54\x69\x74\x6c\x65\x22\x3e\x4e\x6f\
\x74\x65\x62\x6f\x6f\x6b\x3c\x2f\x74\x69\x74\x6c\x65\x3e\x20\x3c\
\x70\x61\x74\x68\x20\x64\x3d\x22\x4d\x39\x20\x38\x68\x35\x22\x2f\
\x3e\x20\x3c\x70\x61\x74\x68\x20\x64\x3d\x22\x4d\x31\x38\x20\x33\
\x76\x31\x38\x48\x36\x61\x31\x20\x31\x20\x30\x20\x30\x20\x31\x2d\
\x31\x2d\x31\x56\x34\x61\x31\x20\x31\x20\x30\x20\x30\x20\x31\x20\
\x31\x2d\x31\x68\x31\x32\x7a\x22\x2f\x3e\x20\x3c\x70\x61\x74\x68\
\x20\x64\x3d\x22\x4d\x35\x20\x31\x39\x76\x2d\x31\x61\x31\x20\x31\
\x20\x30\x20\x30\x20\x31\x20\x31\x2d\x31\x68\x31\x32\x22\x2f\x3e\
\x20\x3c\x2f\x73\x76\x67\x3e\
\x00\x00\x01\x73\
\x3c\
\x73\x76\x67\x20\x72\x6f\x6c\x65\x3d\x22\x69\x6d\x67\x22\x20\x78\
\x6d\x6c\x6e\x73\x3d\x22\x68\x74\x74\x70\x3a\x2f\x2f\x77\x77\x77\
\x2e\x77\x33\x2e\x6f\x72\x67\x2f\x32\x30\x30\x30\x2f\x73\x76\x67\
\x22\x20\x77\x69\x64\x74\x68\x3d\x22\x33\x32\x70\x78\x22\x20\x68\
\x65\x69\x67\x68\x74\x3d\x22\x33\x32\x70\x78\x22\x20\x76\x69\x65\
\x77\x42\x6f\x78\x3d\x22\x30\x20\x30\x20\x32\x34\x20\x32\x34\x22\
\x20\x61\x72\x69\x61\x2d\x6c\x61\x62\x65\x6c\x6c\x65\x64\x62\x79\
\x3d\x22\x62\x61\x74\x74\x65\x72\x79\x4c\x6f\x77\x49\x63\x6f\x6e\
\x54\x69\x74\x6c\x65\x22\x20\x73\x74\x72\x6f\x6b\x65\x3d\x22\x23\
\x30\x30\x30\x22\x20\x73\x74\x72\x6f\x6b\x65\x2d\x77\x69\x64\x74\
\x68\x3d\x22\x31\x2e\x35\x22\x20\x73\x74\x72\x6f\x6b\x65\x2d\x6c\
\x69\x6e\x65\x63\x61\x70\x3d\x22\x73\x71\x75\x61\x72\x65\x22\x20\
\x73\x74\x72\x6f\x6b\x65\x2d\x6c\x69\x6e\x65\x6a\x6f\x69\x6e\x3d\
\x22\x6d\x69\x74\x65\x72\x22\x20\x66\x69\x6c\x6c\x3d\x22\x6e\x6f\
\x6e\x65\x22\x20\x63\x6f\x6c\x6f\x72\x3d\x22\x23\x30\x30\x30\x22\
\x3e\x20\x3c\x74\x69\x74\x6c\x65\x20\x69\x64\x3d\x22\x62\x61\x74\
\x74\x65\x72\x79\x4c\x6f\x77\x49\x63\x6f\x6e\x54\x69\x74\x6c\x65\
\x22\x3e\x42\x61\x74\x74\x65\x72\x79\x20\x4c\x6f\x77\x3c\x2f\x74\
\x69\x74\x6c\x65\x3e\x20\x3c\x70\x61\x74\x68\x20\x64\x3d\x22\x4d\
\x32\x31\x20\x31\x34\x76\x2d\x34\x22\x2f\x3e\x20\x3c\x70\x61\x74\
\x68\x20\x64\x3d\x22\x4d\x32\x30\x20\x36\x48\x34\x76\x31\x32\x68\
\x31\x36\x7a\x22\x2f\x3e\x20\x3c\x70\x61\x74\x68\x20\x64\x3d\x22\
\x4d\x38\x20\x31\x34\x76\x2d\x34\x22\x2f\x3e\x20\x3c\x2f\x73\x76\
\x67\x3e\
\x00\x00\x01\xa7\
\x3c\
\x73\x76\x67\x20\x72\x6f\x6c\x65\x3d\x22\x69\x6d\x67\x22\x20\x78\
\x6d\x6c\x6e\x73\x3d\x22\x68\x74\x74\x70\x3a\x2f\x2f\x77\x77\x77\
\x2e\x77\x33\x2e\x6f\x72\x67\x2f\x32\x30\x30\x30\x2f\x73\x76\x67\
\x22\x20\x77\x69\x64\x74\x68\x3d\x22\x33\x32\x70\x78\x22\x20\x68\
\x65\x69\x67\x68\x74\x3d\x22\x33\x32\x70\x78\x22\x20\x76\x69\x65\
\x77\x42\x6f\x78\x3d\x22\x30\x20\x30\x20\x32\x34\x20\x32\x34\x22\
\x20\x61\x72\x69\x61\x2d\x6c\x61\x62\x65\x6c\x6c\x65\x64\x62\x79\
\x3d\x22\x62\x61\x63\x6b\x4c\x65\x66\x74\x49\x63\x6f\x6e\x54\x69\
\x74\x6c\x65\x22\x20\x73\x74\x72\x6f\x6b\x65\x3d\x22\x23\x30\x30\
\x30\x22\x20\x73\x74\x72\x6f\x6b\x65\x2d\x77\x69\x64\x74\x68\x3d\
\x22\x31\x2e\x35\x22\x20\x73\x74\x72\x6f\x6b\x65\x2d\x6c\x69\x6e\
\x65\x63\x61\x70\x3d\x22\x73\x71\x75\x61\x72\x65\x22\x20\x73\x74\
\x72\x6f\x6b\x65\x2d\x6c\x69\x6e\x65\x6a\x6f\x69\x6e\x3d\x22\x6d\
\x69\x74\x65\x72\x22\x20\x66\x69\x6c\x6c\x3d\x22\x6e\x6f\x6e\x65\
\x22\x20\x63\x6f\x6c\x6f\x72\x3d\x22\x23\x30\x30\x30\x22\x3e\x20\
\x3c\x74\x69\x74\x6c\x65\x20\x69\x64\x3d\x22\x62\x61\x63\x6b\x4c\
\x65\x66\x74\x49\x63\x6f\x6e\x54\x69\x74\x6c\x65\x22\x3e\x54\x75\
\x72\x6e\x20\x62\x61\x63\x6b\x3c\x2f\x74\x69\x74\x6c\x65\x3e\x20\
\x3c\x70\x61\x74\x68\x20\x64\x3d\x22\x4d\x35\x2c\x31\x37\x20\x4c\
\x35\x2c\x31\x35\x20\x43\x35\x2c\x31\x30\x2e\x30\x32\x39\x34\x33\
\x37\x33\x20\x38\x2e\x38\x30\x35\x35\x37\x39\x36\x33\x2c\x36\x20\
\x31\x33\x2e\x35\x2c\x36\x20\x43\x31\x38\x2e\x31\x39\x34\x34\x32\
\x30\x34\x2c\x36\x20\x32\x32\x2c\x31\x30\x2e\x30\x32\x39\x34\x33\
\x37\x33\x20\x32\x32\x2c\x31\x35\x22\x2f\x3e\x20\x3c\x70\x6f\x6c\
\x79\x6c\x69\x6e\x65\x20\x70\x6f\x69\x6e\x74\x73\x3d\x22\x38\x20\
\x31\x35\x20\x35\x20\x31\x38\x20\x32\x20\x31\x35\x22\x2f\x3e\x20\
\x3c\x2f\x73\x76\x67\x3e\
\x00\x00\x01\xad\
\x3c\
\x73\x76\x67\x20\x77\x69\x64\x74\x68\x3d\x22\x33\x32\x70\x78\x22\
\x20\x68\x65\x69\x67\x68\x74\x3d\x22\x33\x32\x70\x78\x22\x20\x76\
\x69\x65\x77\x42\x6f\x78\x3d\x22\x30\x20\x30\x20\x32\x34\x20\x32\
\x34\x22\x20\x78\x6d\x6c\x6e\x73\x3d\x22\x68\x74\x74\x70\x3a\x2f\
\x2f\x77\x77\x77\x2e\x77\x33\x2e\x6f\x72\x67\x2f\x32\x30\x30\x30\
\x2f\x73\x76\x67\x22\x20\x61\x72\x69\x61\x2d\x6c\x61\x62\x65\x6c\
\x6c\x65\x64\x62\x79\x3d\x22\x63\x68\x65\x63\x6b\x62\x6f\x78\x49\
\x63\x6f\x6e\x54\x69\x74\x6c\x65\x22\x20\x73\x74\x72\x6f\x6b\x65\
\x3d\x22\x23\x30\x30\x30\x22\x20\x73\x74\x72\x6f\x6b\x65\x2d\x77\
\x69\x64\x74\x68\x3d\x22\x31\x2e\x35\x22\x20\x73\x74\x72\x6f\x6b\
\x65\x2d\x6c\x69\x6e\x65\x63\x61\x70\x3d\x22\x73\x71\x75\x61\x72\
\x65\x22\x20\x73\x74\x72\x6f\x6b\x65\x2d\x6c\x69\x6e\x65\x6a\x6f\
\x69\x6e\x3d\x22\x6d\x69\x74\x65\x72\x22\x20\x66\x69\x6c\x6c\x3d\
\x22\x6e\x6f\x6e\x65\x22\x20\x63\x6f\x6c\x6f\x72\x3d\x22\x23\x30\
\x30\x30\x22\x3e\x20\x3c\x74\x69\x74\x6c\x65\x20\x69\x64\x3d\x22\
\x63\x68\x65\x63\x6b\x62\x6f\x78\x49\x63\x6f\x6e\x54\x69\x74\x6c\
\x65\x22\x3e\x43\x68\x65\x63\x6b\x62\x6f\x78\x20\x28\x73\x65\x6c\
\x65\x63\x74\x65\x64\x29\x3c\x2f\x74\x69\x74\x6c\x65\x3e\x20\x3c\
\x72\x65\x63\x74\x20\x78\x3d\x22\x32\x31\x22\x20\x79\x3d\x22\x33\
\x22\x20\x77\x69\x64\x74\x68\x3d\x22\x31\x38\x22\x20\x68\x65\x69\
\x67\x68\x74\x3d\x22\x31\x38\x22\x20\x72\x78\x3d\x22\x31\x22\x20\
\x74\x72\x61\x6e\x73\x66\x6f\x72\x6d\x3d\x22\x72\x6f\x74\x61\x74\
\x65\x28\x39\x30\x20\x32\x31\x20\x33\x29\x22\x2f\x3e\x20\x3c\x70\
\x61\x74\x68\x20\x64\x3d\x22\x4d\x36\x2e\x36\x36\x36\x36\x36\x20\
\x31\x32\x2e\x36\x36\x36\x37\x4c\x39\x2e\x39\x39\x39\x39\x39\x20\
\x31\x36\x4c\x31\x37\x2e\x33\x33\x33\x33\x20\x38\x2e\x36\x36\x36\
\x36\x39\x22\x2f\x3e\x20\x3c\x2f\x73\x76\x67\x3e\
\x00\x00\x01\x82\
\x3c\
\x73\x76\x67\x20\x72\x6f\x6c\x65\x3d\x22\x69\x6d\x67\x22\x20\x78\
\x6d\x6c\x6e\x73\x3d\x22\x68\x74\x74\x70\x3a\x2f\x2f\x77\x77\x77\
\x2e\x77\x33\x2e\x6f\x72\x67\x2f\x32\x30\x30\x30\x2f\x73\x76\x67\
\x22\x20\x77\x69\x64\x74\x68\x3d\x22\x33\x32\x70\x78\x22\x20\x68\
\x65\x69\x67\x68\x74\x3d\x22\x33\x32\x70\x78\x22\x20\x76\x69\x65\
\x77\x42\x6f\x78\x3d\x22\x30\x20\x30\x20\x32\x34\x20\x32\x34\x22\
\x20\x61\x72\x69\x61\x2d\x6c\x61\x62\x65\x6c\x6c\x65\x64\x62\x79\
\x3d\x22\x63\x6c\x6f\x73\x65\x49\x63\x6f\x6e\x54\x69\x74\x6c\x65\
\x22\x20\x73\x74\x72\x6f\x6b\x65\x3d\x22\x23\x30\x30\x30\x22\x20\
\x73\x74\x72\x6f\x6b\x65\x2d\x77\x69\x64\x74\x68\x3d\x22\x31\x2e\
\x35\x22\x20\x73\x74\x72\x6f\x6b\x65\x2d\x6c\x69\x6e\x65\x63\x61\
\x70\x3d\x22\x73\x71\x75\x61\x72\x65\x22\x20\x73\x74\x72\x6f\x6b\
\x65\x2d\x6c\x69\x6e\x65\x6a\x6f\x69\x6e\x3d\x22\x6d\x69\x74\x65\
\x72\x22\x20\x66\x69\x6c\x6c\x3d\x22\x6e\x6f\x6e\x65\x22\x20\x63\
\x6f\x6c\x6f\x72\x3d\x22\x23\x30\x30\x30\x22\x3e\x20\x3c\x74\x69\
\x74\x6c\x65\x20\x69\x64\x3d\x22\x63\x6c\x6f\x73\x65\x49\x63\x6f\
\x6e\x54\x69\x74\x6c\x65\x22\x3e\x43\x6c\x6f\x73\x65\x3c\x2f\x74\
\x69\x74\x6c\x65\x3e\x20\x3c\x70\x61\x74\x68\x20\x64\x3d\x22\x4d\
\x36\x2e\x33\x34\x33\x31\x34\x35\x37\x35\x20\x36\x2e\x33\x34\x33\
\x31\x34\x35\x37\x35\x4c\x31\x37\x2e\x36\x35\x36\x38\x35\x34\x32\
\x20\x31\x37\x2e\x36\x35\x36\x38\x35\x34\x32\x4d\x36\x2e\x33\x34\
\x33\x31\x34\x35\x37\x35\x20\x31\x37\x2e\x36\x35\x36\x38\x35\x34\
\x32\x4c\x31\x37\x2e\x36\x35\x36\x38\x35\x34\x32\x20\x36\x2e\x33\
\x34\x33\x31\x34\x35\x37\x35\x22\x2f\x3e\x20\x3c\x2f\x73\x76\x67\
\x3e\
\x00\x00\x01\x6b\
\x3c\
\x73\x76\x67\x20\x77\x69\x64\x74\x68\x3d\x22\x33\x32\x70\x78\x22\
\x20\x68\x65\x69\x67\x68\x74\x3d\x22\x33\x32\x70\x78\x22\x20\x76\
\x69\x65\x77\x42\x6f\x78\x3d\x22\x30\x20\x30\x20\x32\x34\x20\x32\
\x34\x22\x20\x78\x6d\x6c\x6e\x73\x3d\x22\x68\x74\x74\x70\x3a\x2f\
\x2f\x77\x77\x77\x2e\x77\x33\x2e\x6f\x72\x67\x2f\x32\x30\x30\x30\
\x2f\x73\x76\x67\x22\x20\x61\x72\x69\x61\x2d\x6c\x61\x62\x65\x6c\
\x6c\x65\x64\x62\x79\x3d\x22\x63\x68\x61\x74\x41\x64\x64\x49\x63\
\x6f\x6e\x54\x69\x74\x6c\x65\x22\x20\x73\x74\x72\x6f\x6b\x65\x3d\
\x22\x23\x30\x30\x30\x22\x20\x73\x74\x72\x6f\x6b\x65\x2d\x77\x69\
\x64\x74\x68\x3d\x22\x31\x2e\x35\x22\x20\x73\x74\x72\x6f\x6b\x65\
\x2d\x6c\x69\x6e\x65\x63\x61\x70\x3d\x22\x73\x71\x75\x61\x72\x65\
\x22\x20\x73\x74\x72\x6f\x6b\x65\x2d\x6c\x69\x6e\x65\x6a\x6f\x69\
\x6e\x3d\x22\x6d\x69\x74\x65\x72\x22\x20\x66\x69\x6c\x6c\x3d\x22\
\x6e\x6f\x6e\x65\x22\x20\x63\x6f\x6c\x6f\x72\x3d\x22\x23\x30\x30\
\x30\x22\x3e\x20\x3c\x74\x69\x74\x6c\x65\x20\x69\x64\x3d\x22\x63\
\x68\x61\x74\x41\x64\x64\x49\x63\x6f\x6e\x54\x69\x74\x6c\x65\x22\
\x3e\x4e\x65\x77\x20\x63\x68\x61\x74\x3c\x2f\x74\x69\x74\x6c\x65\
\x3e\x20\x3c\x70\x61\x74\x68\x20\x64\x3d\x22\x4d\x32\x31\x20\x34\
\x56\x31\x37\x48\x31\x33\x4c\x37\x20\x32\x31\x56\x31\x37\x48\x33\
\x56\x34\x48\x32\x31\x5a\x22\x2f\x3e\x20\x3c\x70\x61\x74\x68\x20\
\x64\x3d\x22\x4d\x31\x35\x20\x31\x30\x48\x39\x22\x2f\x3e\x20\x3c\
\x70\x61\x74\x68\x20\x64\x3d\x22\x4d\x31\x32\x20\x37\x56\x31\x33\
\x22\x2f\x3e\x20\x3c\x2f\x73\x76\x67\x3e\
\x00\x00\x01\xcd\
\x3c\
\x73\x76\x67\x20\x72\x6f\x6c\x65\x3d\x22\x69\x6d\x67\x22\x20\x78\
\x6d\x6c\x6e\x73\x3d\x22\x68\x74\x74\x70\x3a\x2f\x2f\x77\x77\x77\
\x2e\x77\x33\x2e\x6f\x72\x67\x2f\x32\x30\x30\x30\x2f\x73\x76\x67\
\x22\x20\x77\x69\x64\x74\x68\x3d\x22\x33\x32\x70\x78\x22\x20\x68\
\x65\x69\x67\x68\x74\x3d\x22\x33\x32\x70\x78\x22\x20\x76\x69\x65\
\x77\x42\x6f\x78\x3d\x22\x30\x20\x30\x20\x32\x34\x20\x32\x34\x22\
\x20\x61\x72\x69\x61\x2d\x6c\x61\x62\x65\x6c\x6c\x65\x64\x62\x79\
\x3d\x22\x72\x73\x73\x49\x63\x6f\x6e\x54\x69\x74\x6c\x65\x22\x20\
\x73\x74\x72\x6f\x6b\x65\x3d\x22\x23\x30\x30\x30\x22\x20\x73\x74\
\x72\x6f\x6b\x65\x2d\x77\x69\x64\x74\x68\x3d\x22\x31\x2e\x35\x22\
\x20\x73\x74\x72\x6f\x6b\x65\x2d\x6c\x69\x6e\x65\x63\x61\x70\x3d\
\x22\x73\x71\x75\x61\x72\x65\x22\x20\x73\x74\x72\x6f\x6b\x65\x2d\
\x6c\x69\x6e\x65\x6a\x6f\x69\x6e\x3d\x22\x6d\x69\x74\x65\x72\x22\
\x20\x66\x69\x6c\x6c\x3d\x22\x6e\x6f\x6e\x65\x22\x20\x63\x6f\x6c\
\x6f\x72\x3d\x22\x23\x30\x30\x30\x22\x3e\x20\x3c\x74\x69\x74\x6c\
\x65\x20\x69\x64\x3d\x22\x72\x73\x73\x49\x63\x6f\x6e\x54\x69\x74\
\x6c\x65\x22\x3e\x52\x53\x53\x3c\x2f\x74\x69\x74\x6c\x65\x3e\x20\
\x3c\x6c\x69\x6e\x65\x20\x78\x31\x3d\x22\x36\x22\x20\x79\x31\x3d\
\x22\x31\x38\x22\x20\x78\x32\x3d\x22\x36\x22\x20\x79\x32\x3d\x22\
\x31\x38\x22\x20\x73\x74\x72\x6f\x6b\x65\x2d\x6c\x69\x6e\x65\x63\
\x61\x70\x3d\x22\x72\x6f\x75\x6e\x64\x22\x2f\x3e\x20\x3c\x70\x61\
\x74\x68\x20\x64\x3d\x22\x4d\x31\x30\x20\x31\x38\x43\x31\x30\x20\
\x31\x35\x2e\x37\x39\x30\x38\x36\x31\x20\x38\x2e\x32\x30\x39\x31\
\x33\x39\x20\x31\x34\x20\x36\x20\x31\x34\x4d\x31\x34\x20\x31\x38\
\x43\x31\x34\x20\x31\x33\x2e\x35\x38\x31\x37\x32\x32\x20\x31\x30\
\x2e\x34\x31\x38\x32\x37\x38\x20\x31\x30\x20\x36\x20\x31\x30\x4d\
\x31\x38\x20\x31\x38\x43\x31\x38\x20\x31\x31\x2e\x33\x37\x32\x35\
\x38\x33\x20\x31\x32\x2e\x36\x32\x37\x34\x31\x37\x20\x36\x20\x36\
\x20\x36\x22\x2f\x3e\x20\x3c\x2f\x73\x76\x67\x3e\
\x00\x00\x02\x68\
\x3c\
\x73\x76\x67\x20\x72\x6f\x6c\x65\x3d\x22\x69\x6d\x67\x22\x20\x78\
\x6d\x6c\x6e\x73\x3d\x22\x68\x74\x74\x70\x3a\x2f\x2f\x77\x77\x77\
\x2e\x77\x33\x2e\x6f\x72\x67\x2f\x32\x30\x30\x30\x2f\x73\x76\x67\
\x22\x20\x77\x69\x64\x74\x68\x3d\x22\x33\x32\x70\x78\x22\x20\x68\
\x65\x69\x67\x68\x74\x3d\x22\x33\x32\x70\x78\x22\x20\x76\x69\x65\
\x77\x42\x6f\x78\x3d\x22\x30\x20\x30\x20\x32\x34\x20\x32\x34\x22\
\x20\x61\x72\x69\x61\x2d\x6c\x61\x62\x65\x6c\x6c\x65\x64\x62\x79\
\x3d\x22\x63\x6c\x6f\x75\x64\x49\x63\x6f\x6e\x54\x69\x74\x6c\x65\
\x22\x20\x73\x74\x72\x6f\x6b\x65\x3d\x22\x23\x30\x30\x30\x22\x20\
\x73\x74\x72\x6f\x6b\x65\x2d\x77\x69\x64\x74\x68\x3d\x22\x31\x2e\
\x35\x22\x20\x73\x74\x72\x6f\x6b\x65\x2d\x6c\x69\x6e\x65\x63\x61\
\x70\x3d\x22\x73\x71\x75\x61\x72\x65\x22\x20\x73\x74\x72\x6f\x6b\
\x65\x2d\x6c\x69\x6e\x65\x6a\x6f\x69\x6e\x3d\x22\x6d\x69\x74\x65\
\x72\x22\x20\x66\x69\x6c\x6c\x3d\x22\x6e\x6f\x6e\x65\x22\x20\x63\
\x6f\x6c\x6f\x72\x3d\x22\x23\x30\x30\x30\x22\x3e\x20\x3c\x74\x69\
\x74\x6c\x65\x20\x69\x64\x3d\x22\x63\x6c\x6f\x75\x64\x49\x63\x6f\
\x6e\x54\x69\x74\x6c\x65\x22\x3e\x43\x6c\x6f\x75\x64\x3c\x2f\x74\
\x69\x74\x6c\x65\x3e\x20\x3c\x70\x61\x74\x68\x20\x64\x3d\x22\x4d\
\x36\x2e\x35\x2c\x31\x38\x20\x43\x34\x2e\x30\x31\x34\x37\x31\x38\
\x36\x33\x2c\x31\x38\x20\x32\x2c\x31\x35\x2e\x39\x38\x35\x32\x38\
\x31\x34\x20\x32\x2c\x31\x33\x2e\x35\x20\x43\x32\x2c\x31\x31\x2e\
\x30\x31\x34\x37\x31\x38\x36\x20\x34\x2e\x30\x31\x34\x37\x31\x38\
\x36\x33\x2c\x39\x20\x36\x2e\x35\x2c\x39\x20\x43\x36\x2e\x39\x31\
\x39\x34\x38\x34\x39\x2c\x39\x20\x37\x2e\x33\x32\x35\x35\x36\x33\
\x38\x2c\x39\x2e\x30\x35\x37\x33\x39\x37\x38\x39\x20\x37\x2e\x37\
\x31\x30\x38\x31\x31\x34\x32\x2c\x39\x2e\x31\x36\x34\x37\x36\x38\
\x33\x38\x20\x43\x38\x2e\x37\x32\x32\x37\x37\x2c\x37\x2e\x32\x38\
\x30\x38\x39\x30\x38\x39\x20\x31\x30\x2e\x37\x31\x31\x38\x30\x31\
\x2c\x36\x20\x31\x33\x2c\x36\x20\x43\x31\x35\x2e\x39\x38\x31\x37\
\x35\x30\x32\x2c\x36\x20\x31\x38\x2e\x34\x35\x35\x34\x39\x32\x37\
\x2c\x38\x2e\x31\x37\x35\x30\x33\x38\x39\x34\x20\x31\x38\x2e\x39\
\x32\x31\x31\x39\x35\x31\x2c\x31\x31\x2e\x30\x32\x35\x30\x38\x34\
\x31\x20\x43\x32\x30\x2e\x36\x35\x35\x35\x39\x32\x38\x2c\x31\x31\
\x2e\x32\x33\x33\x31\x30\x38\x35\x20\x32\x32\x2c\x31\x32\x2e\x37\
\x30\x39\x35\x35\x32\x37\x20\x32\x32\x2c\x31\x34\x2e\x35\x20\x43\
\x32\x32\x2c\x31\x36\x2e\x34\x33\x32\x39\x39\x36\x36\x20\x32\x30\
\x2e\x34\x33\x32\x39\x39\x36\x36\x2c\x31\x38\x20\x31\x38\x2e\x35\
\x2c\x31\x38\x20\x4c\x36\x2e\x35\x2c\x31\x38\x20\x5a\x22\x2f\x3e\
\x20\x3c\x2f\x73\x76\x67\x3e\
\x00\x00\x01\x9f\
\x3c\
\x73\x76\x67\x20\x77\x69\x64\x74\x68\x3d\x22\x33\x32\x70\x78\x22\
\x20\x68\x65\x69\x67\x68\x74\x3d\x22\x33\x32\x70\x78\x22\x20\x76\
\x69\x65\x77\x42\x6f\x78\x3d\x22\x30\x20\x30\x20\x32\x34\x20\x32\
\x34\x22\x20\x78\x6d\x6c\x6e\x73\x3d\x22\x68\x74\x74\x70\x3a\x2f\
\x2f\x77\x77\x77\x2e\x77\x33\x2e\x6f\x72\x67\x2f\x32\x30\x30\x30\
\x2f\x73\x76\x67\x22\x20\x61\x72\x69\x61\x2d\x6c\x61\x62\x65\x6c\
\x6c\x65\x64\x62\x79\x3d\x22\x73\x77\x61\x70\x48\x6f\x72\x69\x7a\
\x6f\x6e\x74\x61\x6c\x49\x63\x6f\x6e\x54\x69\x74\x6c\x65\x22\x20\
\x73\x74\x72\x6f\x6b\x65\x3d\x22\x23\x30\x30\x30\x22\x20\x73\x74\
\x72\x6f\x6b\x65\x2d\x77\x69\x64\x74\x68\x3d\x22\x31\x2e\x35\x22\
\x20\x73\x74\x72\x6f\x6b\x65\x2d\x6c\x69\x6e\x65\x63\x61\x70\x3d\
\x22\x73\x71\x75\x61\x72\x65\x22\x20\x73\x74\x72\x6f\x6b\x65\x2d\
\x6c\x69\x6e\x65\x6a\x6f\x69\x6e\x3d\x22\x6d\x69\x74\x65\x72\x22\
\x20\x66\x69\x6c\x6c\x3d\x22\x6e\x6f\x6e\x65\x22\x20\x63\x6f\x6c\
\x6f\x72\x3d\x22\x23\x30\x30\x30\x22\x3e\x20\x3c\x74\x69\x74\x6c\
\x65\x20\x69\x64\x3d\x22\x73\x77\x61\x70\x48\x6f\x72\x69\x7a\x6f\
\x6e\x74\x61\x6c\x49\x63\x6f\x6e\x54\x69\x74\x6c\x65\x22\x3e\x53\
\x77\x61\x70\x20\x69\x74\x65\x6d\x73\x20\x28\x68\x6f\x72\x69\x7a\
\x6f\x6e\x74\x61\x6c\x6c\x79\x29\x3c\x2f\x74\x69\x74\x6c\x65\x3e\
\x20\x3c\x70\x61\x74\x68\x20\x64\x3d\x22\x4d\x31\x36\x20\x34\x4c\
\x31\x39\x20\x37\x4c\x31\x36\x20\x31\x30\x22\x2f\x3e\x20\x3c\x70\
\x61\x74\x68\x20\x64\x3d\x22\x4d\x34\x20\x37\x4c\x31\x38\x20\x37\
\x22\x2f\x3e\x20\x3c\x70\x61\x74\x68\x20\x64\x3d\x22\x4d\x37\x20\
\x32\x30\x4c\x34\x20\x31\x37\x4c\x37\x20\x31\x34\x22\x2f\x3e\x20\
\x3c\x70\x61\x74\x68\x20\x64\x3d\x22\x4d\x31\x39\x20\x31\x37\x4c\
\x35\x20\x31\x37\x22\x2f\x3e\x20\x3c\x2f\x73\x76\x67\x3e\
\x00\x00\x01\x58\
\x3c\
\x73\x76\x67\x20\x72\x6f\x6c\x65\x3d\x22\x69\x6d\x67\x22\x20\x78\
\x6d\x6c\x6e\x73\x3d\x22\x68\x74\x74\x70\x3a\x2f\x2f\x77\x77\x77\
\x2e\x77\x33\x2e\x6f\x72\x67\x2f\x32\x30\x30\x30\x2f\x73\x76\x67\
\x22\x20\x77\x69\x64\x74\x68\x3d\x22\x33\x32\x70\x78\x22\x20\x68\
\x65\x69\x67\x68\x74\x3d\x22\x33\x32\x70\x78\x22\x20\x76\x69\x65\
\x77\x42\x6f\x78\x3d\x22\x30\x20\x30\x20\x32\x34\x20\x32\x34\x22\
\x20\x61\x72\x69\x61\x2d\x6c\x61\x62\x65\x6c\x6c\x65\x64\x62\x79\
\x3d\x22\x61\x6c\x69\x67\x6e\x52\x69\x67\x68\x74\x49\x63\x6f\x6e\
\x54\x69\x74\x6c\x65\x22\x20\x73\x74\x72\x6f\x6b\x65\x3d\x22\x23\
\x30\x30\x30\x22\x20\x73\x74\x72\x6f\x6b\x65\x2d\x77\x69\x64\x74\
\x68\x3d\x22\x31\x2e\x35\x22\x20\x73\x74\x72\x6f\x6b\x65\x2d\x6c\
\x69\x6e\x65\x63\x61\x70\x3d\x22\x73\x71\x75\x61\x72\x65\x22\x20\
\x73\x74\x72\x6f\x6b\x65\x2d\x6c\x69\x6e\x65\x6a\x6f\x69\x6e\x3d\
\x22\x6d\x69\x74\x65\x72\x22\x20\x66\x69\x6c\x6c\x3d\x22\x6e\x6f\
\x6e\x65\x22\x20\x63\x6f\x6c\x6f\x72\x3d\x22\x23\x30\x30\x30\x22\
\x3e\x20\x3c\x74\x69\x74\x6c\x65\x20\x69\x64\x3d\x22\x61\x6c\x69\
\x67\x6e\x52\x69\x67\x68\x74\x49\x63\x6f\x6e\x54\x69\x74\x6c\x65\
\x22\x3e\x41\x6c\x69\x67\x6e\x20\x52\x69\x67\x68\x74\x3c\x2f\x74\
\x69\x74\x6c\x65\x3e\x20\x3c\x70\x61\x74\x68\x20\x64\x3d\x22\x4d\
\x31\x30\x20\x31\x30\x68\x38\x4d\x36\x20\x36\x68\x31\x32\x4d\x36\
\x20\x31\x34\x68\x31\x32\x6d\x2d\x38\x20\x34\x68\x38\x22\x2f\x3e\
\x20\x3c\x2f\x73\x76\x67\x3e\
\x00\x00\x02\xe5\
\x3c\
\x73\x76\x67\x20\x72\x6f\x6c\x65\x3d\x22\x69\x6d\x67\x22\x20\x78\
\x6d\x6c\x6e\x73\x3d\x22\x68\x74\x74\x70\x3a\x2f\x2f\x77\x77\x77\
\x2e\x77\x33\x2e\x6f\x72\x67\x2f\x32\x30\x30\x30\x2f\x73\x76\x67\
\x22\x20\x77\x69\x64\x74\x68\x3d\x22\x33\x32\x70\x78\x22\x20\x68\
\x65\x69\x67\x68\x74\x3d\x22\x33\x32\x70\x78\x22\x20\x76\x69\x65\
\x77\x42\x6f\x78\x3d\x22\x30\x20\x30\x20\x32\x34\x20\x32\x34\x22\
\x20\x61\x72\x69\x61\x2d\x6c\x61\x62\x65\x6c\x6c\x65\x64\x62\x79\
\x3d\x22\x70\x68\x6f\x6e\x65\x49\x63\x6f\x6e\x54\x69\x74\x6c\x65\
\x22\x20\x73\x74\x72\x6f\x6b\x65\x3d\x22\x23\x30\x30\x30\x22\x20\
\x73\x74\x72\x6f\x6b\x65\x2d\x77\x69\x64\x74\x68\x3d\x22\x31\x2e\
\x35\x22\x20\x73\x74\x72\x6f\x6b\x65\x2d\x6c\x69\x6e\x65\x63\x61\
\x70\x3d\x22\x73\x71\x75\x61\x72\x65\x22\x20\x73\x74\x72\x6f\x6b\
\x65\x2d\x6c\x69\x6e\x65\x6a\x6f\x69\x6e\x3d\x22\x6d\x69\x74\x65\
\x72\x22\x20\x66\x69\x6c\x6c\x3d\x22\x6e\x6f\x6e\x65\x22\x20\x63\
\x6f\x6c\x6f\x72\x3d\x22\x23\x30\x30\x30\x22\x3e\x20\x3c\x74\x69\
\x74\x6c\x65\x20\x69\x64\x3d\x22\x70\x68\x6f\x6e\x65\x49\x63\x6f\
\x6e\x54\x69\x74\x6c\x65\x22\x3e\x50\x68\x6f\x6e\x65\x3c\x2f\x74\
\x69\x74\x6c\x65\x3e\x20\x3c\x70\x61\x74\x68\x20\x73\x74\x72\x6f\
\x6b\x65\x2d\x6c\x69\x6e\x65\x63\x61\x70\x3d\x22\x72\x6f\x75\x6e\
\x64\x22\x20\x64\x3d\x22\x4d\x31\x32\x2e\x37\x34\x30\x37\x39\x36\
\x37\x2c\x31\x38\x2e\x34\x30\x33\x35\x39\x35\x33\x20\x4c\x31\x35\
\x2e\x38\x39\x37\x36\x35\x36\x39\x2c\x31\x35\x2e\x32\x34\x36\x37\
\x33\x35\x20\x4c\x32\x31\x2e\x31\x31\x34\x36\x37\x36\x2c\x31\x38\
\x2e\x38\x38\x35\x33\x32\x34\x20\x4c\x31\x39\x2e\x39\x34\x34\x33\
\x37\x39\x34\x2c\x32\x30\x2e\x30\x35\x35\x36\x31\x34\x20\x43\x31\
\x39\x2e\x31\x36\x34\x38\x36\x35\x37\x2c\x32\x30\x2e\x38\x33\x35\
\x31\x32\x37\x37\x20\x31\x38\x2e\x30\x32\x30\x36\x32\x33\x2c\x32\
\x31\x2e\x31\x32\x34\x33\x31\x36\x35\x20\x31\x36\x2e\x39\x36\x34\
\x33\x35\x30\x32\x2c\x32\x30\x2e\x38\x30\x38\x37\x36\x38\x33\x20\
\x43\x31\x33\x2e\x37\x33\x35\x31\x31\x36\x38\x2c\x31\x39\x2e\x38\
\x34\x34\x30\x37\x35\x33\x20\x31\x30\x2e\x38\x33\x34\x32\x34\x38\
\x34\x2c\x31\x38\x2e\x30\x37\x35\x34\x37\x37\x31\x20\x38\x2e\x32\
\x36\x31\x37\x34\x34\x39\x32\x2c\x31\x35\x2e\x35\x30\x32\x39\x37\
\x33\x37\x20\x43\x35\x2e\x36\x38\x39\x32\x34\x35\x32\x2c\x31\x32\
\x2e\x39\x33\x30\x34\x37\x34\x20\x33\x2e\x39\x32\x30\x36\x34\x38\
\x34\x31\x2c\x31\x30\x2e\x30\x32\x39\x36\x31\x30\x32\x20\x32\x2e\
\x39\x35\x35\x39\x35\x34\x35\x34\x2c\x36\x2e\x38\x30\x30\x33\x38\
\x32\x34\x34\x20\x43\x32\x2e\x36\x34\x30\x33\x39\x30\x38\x35\x2c\
\x35\x2e\x37\x34\x34\x31\x30\x36\x35\x32\x20\x32\x2e\x39\x32\x39\
\x35\x38\x31\x32\x34\x2c\x34\x2e\x35\x39\x39\x38\x35\x36\x30\x31\
\x20\x33\x2e\x37\x30\x39\x31\x30\x30\x30\x39\x2c\x33\x2e\x38\x32\
\x30\x33\x33\x37\x31\x36\x20\x4c\x34\x2e\x38\x37\x39\x33\x39\x34\
\x36\x34\x2c\x32\x2e\x36\x35\x30\x30\x34\x32\x36\x31\x20\x4c\x38\
\x2e\x35\x31\x37\x39\x38\x33\x35\x38\x2c\x37\x2e\x38\x36\x37\x30\
\x36\x31\x36\x39\x20\x4c\x35\x2e\x33\x36\x31\x31\x32\x33\x33\x31\
\x2c\x31\x31\x2e\x30\x32\x33\x39\x32\x32\x22\x2f\x3e\x20\x3c\x2f\
\x73\x76\x67\x3e\
\x00\x00\x01\x9e\
\x3c\
\x73\x76\x67\x20\x72\x6f\x6c\x65\x3d\x22\x69\x6d\x67\x22\x20\x78\
\x6d\x6c\x6e\x73\x3d\x22\x68\x74\x74\x70\x3a\x2f\x2f\x77\x77\x77\
\x2e\x77\x33\x2e\x6f\x72\x67\x2f\x32\x30\x30\x30\x2f\x73\x76\x67\
\x22\x20\x77\x69\x64\x74\x68\x3d\x22\x33\x32\x70\x78\x22\x20\x68\
\x65\x69\x67\x68\x74\x3d\x22\x33\x32\x70\x78\x22\x20\x76\x69\x65\
\x77\x42\x6f\x78\x3d\x22\x30\x20\x30\x20\x32\x34\x20\x32\x34\x22\
\x20\x61\x72\x69\x61\x2d\x6c\x61\x62\x65\x6c\x6c\x65\x64\x62\x79\
\x3d\x22\x61\x72\x72\x6f\x77\x52\x69\x67\x68\x74\x42\x6f\x74\x74\
\x6f\x6d\x49\x63\x6f\x6e\x54\x69\x74\x6c\x65\x22\x20\x73\x74\x72\
\x6f\x6b\x65\x3d\x22\x23\x30\x30\x30\x22\x20\x73\x74\x72\x6f\x6b\
\x65\x2d\x77\x69\x64\x74\x68\x3d\x22\x31\x2e\x35\x22\x20\x73\x74\
\x72\x6f\x6b\x65\x2d\x6c\x69\x6e\x65\x63\x61\x70\x3d\x22\x73\x71\
\x75\x61\x72\x65\x22\x20\x73\x74\x72\x6f\x6b\x65\x2d\x6c\x69\x6e\
\x65\x6a\x6f\x69\x6e\x3d\x22\x6d\x69\x74\x65\x72\x22\x20\x66\x69\
\x6c\x6c\x3d\x22\x6e\x6f\x6e\x65\x22\x20\x63\x6f\x6c\x6f\x72\x3d\
\x22\x23\x30\x30\x30\x22\x3e\x20\x3c\x74\x69\x74\x6c\x65\x20\x69\
\x64\x3d\x22\x61\x72\x72\x6f\x77\x52\x69\x67\x68\x74\x42\x6f\x74\
\x74\x6f\x6d\x49\x63\x6f\x6e\x54\x69\x74\x6c\x65\x22\x3e\x41\x72\
\x72\x6f\x77\x20\x52\x69\x67\x68\x74\x20\x42\x6f\x74\x74\x6f\x6d\
\x3c\x2f\x74\x69\x74\x6c\x65\x3e\x20\x3c\x70\x61\x74\x68\x20\x64\
\x3d\x22\x4d\x31\x39\x20\x31\x31\x76\x38\x68\x2d\x38\x22\x2f\x3e\
\x20\x3c\x70\x61\x74\x68\x20\x73\x74\x72\x6f\x6b\x65\x2d\x6c\x69\
\x6e\x65\x63\x61\x70\x3d\x22\x72\x6f\x75\x6e\x64\x22\x20\x64\x3d\
\x22\x4d\x31\x39\x20\x31\x39\x6c\x2d\x31\x2d\x31\x22\x2f\x3e\x20\
\x3c\x70\x61\x74\x68\x20\x64\x3d\x22\x4d\x31\x38\x20\x31\x38\x4c\
\x35\x20\x35\x22\x2f\x3e\x20\x3c\x2f\x73\x76\x67\x3e\
\x00\x00\x01\x8c\
\x3c\
\x73\x76\x67\x20\x77\x69\x64\x74\x68\x3d\x22\x33\x32\x70\x78\x22\
\x20\x68\x65\x69\x67\x68\x74\x3d\x22\x33\x32\x70\x78\x22\x20\x76\
\x69\x65\x77\x42\x6f\x78\x3d\x22\x30\x20\x30\x20\x32\x34\x20\x32\
\x34\x22\x20\x66\x69\x6c\x6c\x3d\x22\x6e\x6f\x6e\x65\x22\x20\x78\
\x6d\x6c\x6e\x73\x3d\x22\x68\x74\x74\x70\x3a\x2f\x2f\x77\x77\x77\
\x2e\x77\x33\x2e\x6f\x72\x67\x2f\x32\x30\x30\x30\x2f\x73\x76\x67\
\x22\x20\x61\x72\x69\x61\x2d\x6c\x61\x62\x65\x6c\x6c\x65\x64\x62\
\x79\x3d\x22\x77\x61\x6c\x6b\x69\x6e\x67\x49\x63\x6f\x6e\x54\x69\
\x74\x6c\x65\x22\x20\x73\x74\x72\x6f\x6b\x65\x3d\x22\x23\x30\x30\
\x30\x22\x20\x73\x74\x72\x6f\x6b\x65\x2d\x77\x69\x64\x74\x68\x3d\
\x22\x31\x2e\x35\x22\x20\x73\x74\x72\x6f\x6b\x65\x2d\x6c\x69\x6e\
\x65\x63\x61\x70\x3d\x22\x73\x71\x75\x61\x72\x65\x22\x20\x73\x74\
\x72\x6f\x6b\x65\x2d\x6c\x69\x6e\x65\x6a\x6f\x69\x6e\x3d\x22\x6d\
\x69\x74\x65\x72\x22\x20\x63\x6f\x6c\x6f\x72\x3d\x22\x23\x30\x30\
\x30\x22\x3e\x20\x3c\x74\x69\x74\x6c\x65\x20\x69\x64\x3d\x22\x77\
\x61\x6c\x6b\x69\x6e\x67\x49\x63\x6f\x6e\x54\x69\x74\x6c\x65\x22\
\x3e\x57\x61\x6c\x6b\x69\x6e\x67\x3c\x2f\x74\x69\x74\x6c\x65\x3e\
\x20\x3c\x63\x69\x72\x63\x6c\x65\x20\x63\x78\x3d\x22\x31\x33\x22\
\x20\x63\x79\x3d\x22\x35\x22\x20\x72\x3d\x22\x31\x22\x2f\x3e\x20\
\x3c\x70\x61\x74\x68\x20\x64\x3d\x22\x4d\x31\x35\x20\x32\x30\x4c\
\x31\x34\x20\x31\x37\x4c\x31\x31\x20\x31\x34\x4d\x31\x31\x20\x31\
\x34\x4c\x31\x32\x20\x39\x4d\x31\x31\x20\x31\x34\x4c\x38\x20\x32\
\x30\x4d\x31\x32\x20\x39\x4c\x31\x35\x20\x31\x32\x4c\x31\x37\x20\
\x31\x33\x4d\x31\x32\x20\x39\x4c\x39\x20\x31\x31\x4c\x38\x20\x31\
\x34\x22\x2f\x3e\x20\x3c\x2f\x73\x76\x67\x3e\
\x00\x00\x03\x43\
\x3c\
\x73\x76\x67\x20\x72\x6f\x6c\x65\x3d\x22\x69\x6d\x67\x22\x20\x78\
\x6d\x6c\x6e\x73\x3d\x22\x68\x74\x74\x70\x3a\x2f\x2f\x77\x77\x77\
\x2e\x77\x33\x2e\x6f\x72\x67\x2f\x32\x30\x30\x30\x2f\x73\x76\x67\
\x22\x20\x77\x69\x64\x74\x68\x3d\x22\x33\x32\x70\x78\x22\x20\x68\
\x65\x69\x67\x68\x74\x3d\x22\x33\x32\x70\x78\x22\x20\x76\x69\x65\
\x77\x42\x6f\x78\x3d\x22\x30\x20\x30\x20\x32\x34\x20\x32\x34\x22\
\x20\x61\x72\x69\x61\x2d\x6c\x61\x62\x65\x6c\x6c\x65\x64\x62\x79\
\x3d\x22\x62\x75\x67\x49\x63\x6f\x6e\x54\x69\x74\x6c\x65\x22\x20\
\x73\x74\x72\x6f\x6b\x65\x3d\x22\x23\x30\x30\x30\x22\x20\x73\x74\
\x72\x6f\x6b\x65\x2d\x77\x69\x64\x74\x68\x3d\x22\x31\x2e\x35\x22\
\x20\x73\x74\x72\x6f\x6b\x65\x2d\x6c\x69\x6e\x65\x63\x61\x70\x3d\
\x22\x73\x71\x75\x61\x72\x65\x22\x20\x73\x74\x72\x6f\x6b\x65\x2d\
\x6c\x69\x6e\x65\x6a\x6f\x69\x6e\x3d\x22\x6d\x69\x74\x65\x72\x22\
\x20\x66\x69\x6c\x6c\x3d\x22\x6e\x6f\x6e\x65\x22\x20\x63\x6f\x6c\
\x6f\x72\x3d\x22\x23\x30\x30\x30\x22\x3e\x20\x3c\x74\x69\x74\x6c\
\x65\x20\x69\x64\x3d\x22\x62\x75\x67\x49\x63\x6f\x6e\x54\x69\x74\
\x6c\x65\x22\x3e\x42\x75\x67\x3c\x2f\x74\x69\x74\x6c\x65\x3e\x20\
\x3c\x70\x61\x74\x68\x20\x64\x3d\x22\x4d\x31\x35\x20\x36\x2e\x39\
\x39\x39\x38\x39\x30\x38\x36\x43\x31\x36\x2e\x31\x30\x34\x35\x36\
\x39\x35\x20\x36\x2e\x39\x39\x39\x38\x39\x30\x38\x36\x20\x31\x37\
\x20\x37\x2e\x38\x39\x35\x33\x32\x31\x33\x36\x20\x31\x37\x20\x38\
\x2e\x39\x39\x39\x38\x39\x30\x38\x36\x4c\x31\x37\x20\x31\x36\x2e\
\x34\x35\x38\x36\x38\x36\x43\x31\x37\x20\x31\x37\x2e\x31\x31\x31\
\x33\x31\x33\x33\x20\x31\x36\x2e\x36\x38\x31\x35\x37\x38\x34\x20\
\x31\x37\x2e\x37\x32\x32\x38\x39\x32\x20\x31\x36\x2e\x31\x34\x36\
\x39\x32\x35\x34\x20\x31\x38\x2e\x30\x39\x37\x31\x34\x39\x34\x4c\
\x31\x32\x20\x32\x31\x20\x37\x2e\x38\x35\x33\x30\x37\x34\x35\x36\
\x20\x31\x38\x2e\x30\x39\x37\x31\x34\x39\x34\x43\x37\x2e\x33\x31\
\x38\x34\x32\x31\x36\x34\x20\x31\x37\x2e\x37\x32\x32\x38\x39\x32\
\x20\x37\x20\x31\x37\x2e\x31\x31\x31\x33\x31\x33\x33\x20\x37\x20\
\x31\x36\x2e\x34\x35\x38\x36\x38\x36\x4c\x37\x20\x38\x2e\x39\x39\
\x39\x38\x39\x30\x38\x36\x43\x37\x20\x37\x2e\x38\x39\x35\x33\x32\
\x31\x33\x36\x20\x37\x2e\x38\x39\x35\x34\x33\x30\x35\x20\x36\x2e\
\x39\x39\x39\x38\x39\x30\x38\x36\x20\x39\x20\x36\x2e\x39\x39\x39\
\x38\x39\x30\x38\x36\x20\x39\x2e\x30\x30\x30\x30\x35\x38\x39\x39\
\x20\x35\x2e\x33\x34\x33\x30\x38\x36\x37\x37\x20\x31\x30\x2e\x33\
\x34\x33\x31\x38\x32\x31\x20\x34\x20\x31\x32\x20\x34\x20\x31\x33\
\x2e\x36\x35\x36\x38\x31\x37\x39\x20\x34\x20\x31\x34\x2e\x39\x39\
\x39\x39\x34\x31\x20\x35\x2e\x33\x34\x33\x30\x38\x36\x37\x37\x20\
\x31\x35\x20\x36\x2e\x39\x39\x39\x38\x39\x30\x38\x36\x7a\x4d\x34\
\x20\x31\x33\x4c\x37\x20\x31\x33\x22\x2f\x3e\x20\x3c\x70\x6f\x6c\
\x79\x6c\x69\x6e\x65\x20\x70\x6f\x69\x6e\x74\x73\x3d\x22\x33\x20\
\x37\x20\x35\x20\x39\x20\x37\x20\x39\x22\x2f\x3e\x20\x3c\x70\x6f\
\x6c\x79\x6c\x69\x6e\x65\x20\x70\x6f\x69\x6e\x74\x73\x3d\x22\x32\
\x31\x20\x37\x20\x31\x39\x20\x39\x20\x31\x37\x20\x39\x22\x2f\x3e\
\x20\x3c\x70\x6f\x6c\x79\x6c\x69\x6e\x65\x20\x70\x6f\x69\x6e\x74\
\x73\x3d\x22\x33\x20\x31\x39\x20\x35\x20\x31\x37\x20\x37\x20\x31\
\x37\x22\x2f\x3e\x20\x3c\x70\x6f\x6c\x79\x6c\x69\x6e\x65\x20\x70\
\x6f\x69\x6e\x74\x73\x3d\x22\x31\x37\x20\x31\x37\x20\x31\x39\x20\
\x31\x37\x20\x32\x31\x20\x31\x39\x20\x32\x31\x20\x31\x39\x22\x2f\
\x3e\x20\x3c\x70\x61\x74\x68\x20\x64\x3d\x22\x4d\x31\x37\x2c\x31\
\x33\x20\x4c\x32\x30\x2c\x31\x33\x22\x2f\x3e\x20\x3c\x2f\x73\x76\
\x67\x3e\
\x00\x00\x01\xec\
\x3c\
\x73\x76\x67\x20\x77\x69\x64\x74\x68\x3d\x22\x33\x32\x70\x78\x22\
\x20\x68\x65\x69\x67\x68\x74\x3d\x22\x33\x32\x70\x78\x22\x20\x76\
\x69\x65\x77\x42\x6f\x78\x3d\x22\x30\x20\x30\x20\x32\x34\x20\x32\
\x34\x22\x20\x66\x69\x6c\x6c\x3d\x22\x6e\x6f\x6e\x65\x22\x20\x78\
\x6d\x6c\x6e\x73\x3d\x22\x68\x74\x74\x70\x3a\x2f\x2f\x77\x77\x77\
\x2e\x77\x33\x2e\x6f\x72\x67\x2f\x32\x30\x30\x30\x2f\x73\x76\x67\
\x22\x20\x61\x72\x69\x61\x2d\x6c\x61\x62\x65\x6c\x6c\x65\x64\x62\
\x79\x3d\x22\x64\x69\x72\x65\x63\x74\x69\x6f\x6e\x73\x52\x69\x67\
\x68\x74\x49\x63\x6f\x6e\x54\x69\x74\x6c\x65\x22\x20\x73\x74\x72\
\x6f\x6b\x65\x3d\x22\x23\x30\x30\x30\x22\x20\x73\x74\x72\x6f\x6b\
\x65\x2d\x77\x69\x64\x74\x68\x3d\x22\x31\x2e\x35\x22\x20\x73\x74\
\x72\x6f\x6b\x65\x2d\x6c\x69\x6e\x65\x63\x61\x70\x3d\x22\x73\x71\
\x75\x61\x72\x65\x22\x20\x73\x74\x72\x6f\x6b\x65\x2d\x6c\x69\x6e\
\x65\x6a\x6f\x69\x6e\x3d\x22\x6d\x69\x74\x65\x72\x22\x20\x63\x6f\
\x6c\x6f\x72\x3d\x22\x23\x30\x30\x30\x22\x3e\x20\x3c\x74\x69\x74\
\x6c\x65\x20\x69\x64\x3d\x22\x64\x69\x72\x65\x63\x74\x69\x6f\x6e\
\x73\x52\x69\x67\x68\x74\x49\x63\x6f\x6e\x54\x69\x74\x6c\x65\x22\
\x3e\x54\x75\x72\x6e\x20\x52\x69\x67\x68\x74\x3c\x2f\x74\x69\x74\
\x6c\x65\x3e\x20\x3c\x70\x61\x74\x68\x20\x64\x3d\x22\x4d\x31\x35\
\x20\x31\x31\x48\x31\x32\x43\x31\x32\x20\x31\x31\x20\x31\x30\x20\
\x31\x31\x20\x31\x30\x20\x31\x33\x2e\x32\x43\x31\x30\x20\x31\x34\
\x20\x31\x30\x20\x31\x35\x20\x31\x30\x20\x31\x35\x22\x2f\x3e\x20\
\x3c\x70\x61\x74\x68\x20\x64\x3d\x22\x4d\x31\x33\x20\x31\x33\x4c\
\x31\x35\x20\x31\x31\x4c\x31\x33\x20\x39\x22\x2f\x3e\x20\x3c\x72\
\x65\x63\x74\x20\x77\x69\x64\x74\x68\x3d\x22\x31\x34\x2e\x31\x34\
\x32\x32\x22\x20\x68\x65\x69\x67\x68\x74\x3d\x22\x31\x34\x2e\x31\
\x34\x32\x32\x22\x20\x74\x72\x61\x6e\x73\x66\x6f\x72\x6d\x3d\x22\
\x6d\x61\x74\x72\x69\x78\x28\x2d\x30\x2e\x37\x30\x37\x31\x30\x37\
\x20\x30\x2e\x37\x30\x37\x31\x30\x37\x20\x30\x2e\x37\x30\x37\x31\
\x30\x37\x20\x30\x2e\x37\x30\x37\x31\x30\x37\x20\x31\x32\x20\x32\
\x29\x22\x2f\x3e\x20\x3c\x2f\x73\x76\x67\x3e\
\x00\x00\x01\x72\
\x3c\
\x73\x76\x67\x20\x72\x6f\x6c\x65\x3d\x22\x69\x6d\x67\x22\x20\x78\
\x6d\x6c\x6e\x73\x3d\x22\x68\x74\x74\x70\x3a\x2f\x2f\x77\x77\x77\
\x2e\x77\x33\x2e\x6f\x72\x67\x2f\x32\x30\x30\x30\x2f\x73\x76\x67\
\x22\x20\x77\x69\x64\x74\x68\x3d\x22\x33\x32\x70\x78\x22\x20\x68\
\x65\x69\x67\x68\x74\x3d\x22\x33\x32\x70\x78\x22\x20\x76\x69\x65\
\x77\x42\x6f\x78\x3d\x22\x30\x20\x30\x20\x32\x34\x20\x32\x34\x22\
\x20\x61\x72\x69\x61\x2d\x6c\x61\x62\x65\x6c\x6c\x65\x64\x62\x79\
\x3d\x22\x70\x61\x75\x73\x65\x49\x63\x6f\x6e\x54\x69\x74\x6c\x65\
\x22\x20\x73\x74\x72\x6f\x6b\x65\x3d\x22\x23\x30\x30\x30\x22\x20\
\x73\x74\x72\x6f\x6b\x65\x2d\x77\x69\x64\x74\x68\x3d\x22\x31\x2e\
\x35\x22\x20\x73\x74\x72\x6f\x6b\x65\x2d\x6c\x69\x6e\x65\x63\x61\
\x70\x3d\x22\x73\x71\x75\x61\x72\x65\x22\x20\x73\x74\x72\x6f\x6b\
\x65\x2d\x6c\x69\x6e\x65\x6a\x6f\x69\x6e\x3d\x22\x6d\x69\x74\x65\
\x72\x22\x20\x66\x69\x6c\x6c\x3d\x22\x6e\x6f\x6e\x65\x22\x20\x63\
\x6f\x6c\x6f\x72\x3d\x22\x23\x30\x30\x30\x22\x3e\x20\x3c\x74\x69\
\x74\x6c\x65\x20\x69\x64\x3d\x22\x70\x61\x75\x73\x65\x49\x63\x6f\
\x6e\x54\x69\x74\x6c\x65\x22\x3e\x50\x61\x75\x73\x65\x3c\x2f\x74\
\x69\x74\x6c\x65\x3e\x20\x3c\x72\x65\x63\x74\x20\x77\x69\x64\x74\
\x68\x3d\x22\x34\x22\x20\x68\x65\x69\x67\x68\x74\x3d\x22\x31\x36\
\x22\x20\x78\x3d\x22\x35\x22\x20\x79\x3d\x22\x34\x22\x2f\x3e\x20\
\x3c\x72\x65\x63\x74\x20\x77\x69\x64\x74\x68\x3d\x22\x34\x22\x20\
\x68\x65\x69\x67\x68\x74\x3d\x22\x31\x36\x22\x20\x78\x3d\x22\x31\
\x35\x22\x20\x79\x3d\x22\x34\x22\x2f\x3e\x20\x3c\x2f\x73\x76\x67\
\x3e\
\x00\x00\x01\xa7\
\x3c\
\x73\x76\x67\x20\x72\x6f\x6c\x65\x3d\x22\x69\x6d\x67\x22\x20\x78\
\x6d\x6c\x6e\x73\x3d\x22\x68\x74\x74\x70\x3a\x2f\x2f\x77\x77\x77\
\x2e\x77\x33\x2e\x6f\x72\x67\x2f\x32\x30\x30\x30\x2f\x73\x76\x67\
\x22\x20\x77\x69\x64\x74\x68\x3d\x22\x33\x32\x70\x78\x22\x20\x68\
\x65\x69\x67\x68\x74\x3d\x22\x33\x32\x70\x78\x22\x20\x76\x69\x65\
\x77\x42\x6f\x78\x3d\x22\x30\x20\x30\x20\x32\x34\x20\x32\x34\x22\
\x20\x61\x72\x69\x61\x2d\x6c\x61\x62\x65\x6c\x6c\x65\x64\x62\x79\
\x3d\x22\x70\x65\x72\x73\x6f\x6e\x49\x63\x6f\x6e\x54\x69\x74\x6c\
\x65\x22\x20\x73\x74\x72\x6f\x6b\x65\x3d\x22\x23\x30\x30\x30\x22\
\x20\x73\x74\x72\x6f\x6b\x65\x2d\x77\x69\x64\x74\x68\x3d\x22\x31\
\x2e\x35\x22\x20\x73\x74\x72\x6f\x6b\x65\x2d\x6c\x69\x6e\x65\x63\
\x61\x70\x3d\x22\x73\x71\x75\x61\x72\x65\x22\x20\x73\x74\x72\x6f\
\x6b\x65\x2d\x6c\x69\x6e\x65\x6a\x6f\x69\x6e\x3d\x22\x6d\x69\x74\
\x65\x72\x22\x20\x66\x69\x6c\x6c\x3d\x22\x6e\x6f\x6e\x65\x22\x20\
\x63\x6f\x6c\x6f\x72\x3d\x22\x23\x30\x30\x30\x22\x3e\x20\x3c\x74\
\x69\x74\x6c\x65\x20\x69\x64\x3d\x22\x70\x65\x72\x73\x6f\x6e\x49\
\x63\x6f\x6e\x54\x69\x74\x6c\x65\x22\x3e\x50\x65\x72\x73\x6f\x6e\
\x3c\x2f\x74\x69\x74\x6c\x65\x3e\x20\x3c\x70\x61\x74\x68\x20\x64\
\x3d\x22\x4d\x34\x2c\x32\x30\x20\x43\x34\x2c\x31\x37\x20\x38\x2c\
\x31\x37\x20\x31\x30\x2c\x31\x35\x20\x43\x31\x31\x2c\x31\x34\x20\
\x38\x2c\x31\x34\x20\x38\x2c\x39\x20\x43\x38\x2c\x35\x2e\x36\x36\
\x37\x20\x39\x2e\x33\x33\x33\x2c\x34\x20\x31\x32\x2c\x34\x20\x43\
\x31\x34\x2e\x36\x36\x37\x2c\x34\x20\x31\x36\x2c\x35\x2e\x36\x36\
\x37\x20\x31\x36\x2c\x39\x20\x43\x31\x36\x2c\x31\x34\x20\x31\x33\
\x2c\x31\x34\x20\x31\x34\x2c\x31\x35\x20\x43\x31\x36\x2c\x31\x37\
\x20\x32\x30\x2c\x31\x37\x20\x32\x30\x2c\x32\x30\x22\x2f\x3e\x20\
\x3c\x2f\x73\x76\x67\x3e\
\x00\x00\x01\xd7\
\x3c\
\x73\x76\x67\x20\x72\x6f\x6c\x65\x3d\x22\x69\x6d\x67\x22\x20\x78\
\x6d\x6c\x6e\x73\x3d\x22\x68\x74\x74\x70\x3a\x2f\x2f\x77\x77\x77\
\x2e\x77\x33\x2e\x6f\x72\x67\x2f\x32\x30\x30\x30\x2f\x73\x76\x67\
\x22\x20\x77\x69\x64\x74\x68\x3d\x22\x33\x32\x70\x78\x22\x20\x68\
\x65\x69\x67\x68\x74\x3d\x22\x33\x32\x70\x78\x22\x20\x76\x69\x65\
\x77\x42\x6f\x78\x3d\x22\x30\x20\x30\x20\x32\x34\x20\x32\x34\x22\
\x20\x61\x72\x69\x61\x2d\x6c\x61\x62\x65\x6c\x6c\x65\x64\x62\x79\
\x3d\x22\x72\x65\x70\x65\x61\x74\x49\x63\x6f\x6e\x54\x69\x74\x6c\
\x65\x22\x20\x73\x74\x72\x6f\x6b\x65\x3d\x22\x23\x30\x30\x30\x22\
\x20\x73\x74\x72\x6f\x6b\x65\x2d\x77\x69\x64\x74\x68\x3d\x22\x31\
\x2e\x35\x22\x20\x73\x74\x72\x6f\x6b\x65\x2d\x6c\x69\x6e\x65\x63\
\x61\x70\x3d\x22\x73\x71\x75\x61\x72\x65\x22\x20\x73\x74\x72\x6f\
\x6b\x65\x2d\x6c\x69\x6e\x65\x6a\x6f\x69\x6e\x3d\x22\x6d\x69\x74\
\x65\x72\x22\x20\x66\x69\x6c\x6c\x3d\x22\x6e\x6f\x6e\x65\x22\x20\
\x63\x6f\x6c\x6f\x72\x3d\x22\x23\x30\x30\x30\x22\x3e\x20\x3c\x74\
\x69\x74\x6c\x65\x20\x69\x64\x3d\x22\x72\x65\x70\x65\x61\x74\x49\
\x63\x6f\x6e\x54\x69\x74\x6c\x65\x22\x3e\x52\x65\x70\x65\x61\x74\
\x3c\x2f\x74\x69\x74\x6c\x65\x3e\x20\x3c\x70\x61\x74\x68\x20\x64\
\x3d\x22\x4d\x32\x20\x31\x33\x2e\x30\x33\x39\x39\x56\x31\x31\x43\
\x32\x20\x37\x2e\x36\x38\x36\x32\x39\x20\x34\x2e\x36\x38\x36\x32\
\x39\x20\x35\x20\x38\x20\x35\x48\x32\x31\x56\x35\x22\x2f\x3e\x20\
\x3c\x70\x61\x74\x68\x20\x64\x3d\x22\x4d\x31\x39\x20\x32\x4c\x32\
\x32\x20\x35\x4c\x31\x39\x20\x38\x22\x2f\x3e\x20\x3c\x70\x61\x74\
\x68\x20\x64\x3d\x22\x4d\x32\x32\x20\x39\x2e\x39\x38\x30\x30\x34\
\x56\x31\x32\x2e\x30\x32\x43\x32\x32\x20\x31\x35\x2e\x33\x33\x33\
\x37\x20\x31\x39\x2e\x33\x31\x33\x37\x20\x31\x38\x2e\x30\x32\x20\
\x31\x36\x20\x31\x38\x2e\x30\x32\x48\x33\x56\x31\x38\x2e\x30\x32\
\x22\x2f\x3e\x20\x3c\x70\x61\x74\x68\x20\x64\x3d\x22\x4d\x35\x20\
\x32\x31\x4c\x32\x20\x31\x38\x4c\x35\x20\x31\x35\x22\x2f\x3e\x20\
\x3c\x2f\x73\x76\x67\x3e\
\x00\x00\x01\x74\
\x3c\
\x73\x76\x67\x20\x72\x6f\x6c\x65\x3d\x22\x69\x6d\x67\x22\x20\x78\
\x6d\x6c\x6e\x73\x3d\x22\x68\x74\x74\x70\x3a\x2f\x2f\x77\x77\x77\
\x2e\x77\x33\x2e\x6f\x72\x67\x2f\x32\x30\x30\x30\x2f\x73\x76\x67\
\x22\x20\x77\x69\x64\x74\x68\x3d\x22\x33\x32\x70\x78\x22\x20\x68\
\x65\x69\x67\x68\x74\x3d\x22\x33\x32\x70\x78\x22\x20\x76\x69\x65\
\x77\x42\x6f\x78\x3d\x22\x30\x20\x30\x20\x32\x34\x20\x32\x34\x22\
\x20\x61\x72\x69\x61\x2d\x6c\x61\x62\x65\x6c\x6c\x65\x64\x62\x79\
\x3d\x22\x73\x74\x6f\x70\x77\x61\x74\x63\x68\x49\x63\x6f\x6e\x54\
\x69\x74\x6c\x65\x22\x20\x73\x74\x72\x6f\x6b\x65\x3d\x22\x23\x30\
\x30\x30\x22\x20\x73\x74\x72\x6f\x6b\x65\x2d\x77\x69\x64\x74\x68\
\x3d\x22\x31\x2e\x35\x22\x20\x73\x74\x72\x6f\x6b\x65\x2d\x6c\x69\
\x6e\x65\x63\x61\x70\x3d\x22\x73\x71\x75\x61\x72\x65\x22\x20\x73\
\x74\x72\x6f\x6b\x65\x2d\x6c\x69\x6e\x65\x6a\x6f\x69\x6e\x3d\x22\
\x6d\x69\x74\x65\x72\x22\x20\x66\x69\x6c\x6c\x3d\x22\x6e\x6f\x6e\
\x65\x22\x20\x63\x6f\x6c\x6f\x72\x3d\x22\x23\x30\x30\x30\x22\x3e\
\x20\x3c\x74\x69\x74\x6c\x65\x20\x69\x64\x3d\x22\x73\x74\x6f\x70\
\x77\x61\x74\x63\x68\x49\x63\x6f\x6e\x54\x69\x74\x6c\x65\x22\x3e\
\x53\x74\x6f\x70\x77\x61\x74\x63\x68\x3c\x2f\x74\x69\x74\x6c\x65\
\x3e\x20\x3c\x63\x69\x72\x63\x6c\x65\x20\x63\x78\x3d\x22\x31\x32\
\x22\x20\x63\x79\x3d\x22\x31\x33\x22\x20\x72\x3d\x22\x38\x22\x2f\
\x3e\x20\x3c\x70\x61\x74\x68\x20\x64\x3d\x22\x4d\x31\x32\x20\x39\
\x4c\x31\x32\x20\x31\x33\x4d\x31\x38\x20\x37\x4c\x32\x30\x20\x35\
\x4d\x31\x35\x20\x32\x4c\x39\x20\x32\x22\x2f\x3e\x20\x3c\x2f\x73\
\x76\x67\x3e\
\x00\x00\x01\x8b\
\x3c\
\x73\x76\x67\x20\x72\x6f\x6c\x65\x3d\x22\x69\x6d\x67\x22\x20\x78\
\x6d\x6c\x6e\x73\x3d\x22\x68\x74\x74\x70\x3a\x2f\x2f\x77\x77\x77\
\x2e\x77\x33\x2e\x6f\x72\x67\x2f\x32\x30\x30\x30\x2f\x73\x76\x67\
\x22\x20\x77\x69\x64\x74\x68\x3d\x22\x33\x32\x70\x78\x22\x20\x68\
\x65\x69\x67\x68\x74\x3d\x22\x33\x32\x70\x78\x22\x20\x76\x69\x65\
\x77\x42\x6f\x78\x3d\x22\x30\x20\x30\x20\x32\x34\x20\x32\x34\x22\
\x20\x61\x72\x69\x61\x2d\x6c\x61\x62\x65\x6c\x6c\x65\x64\x62\x79\
\x3d\x22\x63\x68\x65\x76\x72\x6f\x6e\x73\x52\x69\x67\x68\x74\x49\
\x63\x6f\x6e\x54\x69\x74\x6c\x65\x22\x20\x73\x74\x72\x6f\x6b\x65\
\x3d\x22\x23\x30\x30\x30\x22\x20\x73\x74\x72\x6f\x6b\x65\x2d\x77\
\x69\x64\x74\x68\x3d\x22\x31\x2e\x35\x22\x20\x73\x74\x72\x6f\x6b\
\x65\x2d\x6c\x69\x6e\x65\x63\x61\x70\x3d\x22\x73\x71\x75\x61\x72\
\x65\x22\x20\x73\x74\x72\x6f\x6b\x65\x2d\x6c\x69\x6e\x65\x6a\x6f\
\x69\x6e\x3d\x22\x6d\x69\x74\x65\x72\x22\x20\x66\x69\x6c\x6c\x3d\
\x22\x6e\x6f\x6e\x65\x22\x20\x63\x6f\x6c\x6f\x72\x3d\x22\x23\x30\
\x30\x30\x22\x3e\x20\x3c\x74\x69\x74\x6c\x65\x20\x69\x64\x3d\x22\
\x63\x68\x65\x76\x72\x6f\x6e\x73\x52\x69\x67\x68\x74\x49\x63\x6f\
\x6e\x54\x69\x74\x6c\x65\x22\x3e\x43\x68\x65\x76\x72\x6f\x6e\x73\
\x20\x52\x69\x67\x68\x74\x3c\x2f\x74\x69\x74\x6c\x65\x3e\x20\x3c\
\x70\x6f\x6c\x79\x6c\x69\x6e\x65\x20\x70\x6f\x69\x6e\x74\x73\x3d\
\x22\x31\x33\x20\x37\x20\x31\x38\x20\x31\x32\x20\x31\x33\x20\x31\
\x37\x20\x31\x33\x20\x31\x37\x22\x2f\x3e\x20\x3c\x70\x6f\x6c\x79\
\x6c\x69\x6e\x65\x20\x70\x6f\x69\x6e\x74\x73\x3d\x22\x37\x20\x37\
\x20\x31\x32\x20\x31\x32\x20\x37\x20\x31\x37\x20\x37\x20\x31\x37\
\x22\x2f\x3e\x20\x3c\x2f\x73\x76\x67\x3e\
\x00\x00\x01\x9f\
\x3c\
\x73\x76\x67\x20\x72\x6f\x6c\x65\x3d\x22\x69\x6d\x67\x22\x20\x78\
\x6d\x6c\x6e\x73\x3d\x22\x68\x74\x74\x70\x3a\x2f\x2f\x77\x77\x77\
\x2e\x77\x33\x2e\x6f\x72\x67\x2f\x32\x30\x30\x30\x2f\x73\x76\x67\
\x22\x20\x77\x69\x64\x74\x68\x3d\x22\x33\x32\x70\x78\x22\x20\x68\
\x65\x69\x67\x68\x74\x3d\x22\x33\x32\x70\x78\x22\x20\x76\x69\x65\
\x77\x42\x6f\x78\x3d\x22\x30\x20\x30\x20\x32\x34\x20\x32\x34\x22\
\x20\x61\x72\x69\x61\x2d\x6c\x61\x62\x65\x6c\x6c\x65\x64\x62\x79\
\x3d\x22\x70\x6c\x61\x63\x65\x68\x6f\x6c\x64\x65\x72\x49\x63\x6f\
\x6e\x54\x69\x74\x6c\x65\x22\x20\x73\x74\x72\x6f\x6b\x65\x3d\x22\
\x23\x30\x30\x30\x22\x20\x73\x74\x72\x6f\x6b\x65\x2d\x77\x69\x64\
\x74\x68\x3d\x22\x31\x2e\x35\x22\x20\x73\x74\x72\x6f\x6b\x65\x2d\
\x6c\x69\x6e\x65\x63\x61\x70\x3d\x22\x73\x71\x75\x61\x72\x65\x22\
\x20\x73\x74\x72\x6f\x6b\x65\x2d\x6c\x69\x6e\x65\x6a\x6f\x69\x6e\
\x3d\x22\x6d\x69\x74\x65\x72\x22\x20\x66\x69\x6c\x6c\x3d\x22\x6e\
\x6f\x6e\x65\x22\x20\x63\x6f\x6c\x6f\x72\x3d\x22\x23\x30\x30\x30\
\x22\x3e\x20\x3c\x74\x69\x74\x6c\x65\x20\x69\x64\x3d\x22\x70\x6c\
\x61\x63\x65\x68\x6f\x6c\x64\x65\x72\x49\x63\x6f\x6e\x54\x69\x74\
\x6c\x65\x22\x3e\x50\x6c\x61\x63\x65\x68\x6f\x6c\x64\x65\x72\x3c\
\x2f\x74\x69\x74\x6c\x65\x3e\x20\x3c\x72\x65\x63\x74\x20\x77\x69\
\x64\x74\x68\x3d\x22\x31\x38\x22\x20\x68\x65\x69\x67\x68\x74\x3d\
\x22\x31\x38\x22\x20\x78\x3d\x22\x33\x22\x20\x79\x3d\x22\x33\x22\
\x2f\x3e\x20\x3c\x70\x61\x74\x68\x20\x73\x74\x72\x6f\x6b\x65\x2d\
\x6c\x69\x6e\x65\x63\x61\x70\x3d\x22\x72\x6f\x75\x6e\x64\x22\x20\
\x64\x3d\x22\x4d\x32\x31\x20\x32\x31\x4c\x33\x20\x33\x20\x32\x31\
\x20\x32\x31\x7a\x4d\x32\x31\x20\x33\x4c\x33\x20\x32\x31\x20\x32\
\x31\x20\x33\x7a\x22\x2f\x3e\x20\x3c\x2f\x73\x76\x67\x3e\
\x00\x00\x01\xf3\
\x3c\
\x73\x76\x67\x20\x72\x6f\x6c\x65\x3d\x22\x69\x6d\x67\x22\x20\x78\
\x6d\x6c\x6e\x73\x3d\x22\x68\x74\x74\x70\x3a\x2f\x2f\x77\x77\x77\
\x2e\x77\x33\x2e\x6f\x72\x67\x2f\x32\x30\x30\x30\x2f\x73\x76\x67\
\x22\x20\x77\x69\x64\x74\x68\x3d\x22\x33\x32\x70\x78\x22\x20\x68\
\x65\x69\x67\x68\x74\x3d\x22\x33\x32\x70\x78\x22\x20\x76\x69\x65\
\x77\x42\x6f\x78\x3d\x22\x30\x20\x30\x20\x32\x34\x20\x32\x34\x22\
\x20\x61\x72\x69\x61\x2d\x6c\x61\x62\x65\x6c\x6c\x65\x64\x62\x79\
\x3d\x22\x64\x61\x73\x68\x62\x6f\x61\x72\x64\x49\x63\x6f\x6e\x54\
\x69\x74\x6c\x65\x22\x20\x73\x74\x72\x6f\x6b\x65\x3d\x22\x23\x30\
\x30\x30\x22\x20\x73\x74\x72\x6f\x6b\x65\x2d\x77\x69\x64\x74\x68\
\x3d\x22\x31\x2e\x35\x22\x20\x73\x74\x72\x6f\x6b\x65\x2d\x6c\x69\
\x6e\x65\x63\x61\x70\x3d\x22\x73\x71\x75\x61\x72\x65\x22\x20\x73\
\x74\x72\x6f\x6b\x65\x2d\x6c\x69\x6e\x65\x6a\x6f\x69\x6e\x3d\x22\
\x6d\x69\x74\x65\x72\x22\x20\x66\x69\x6c\x6c\x3d\x22\x6e\x6f\x6e\
\x65\x22\x20\x63\x6f\x6c\x6f\x72\x3d\x22\x23\x30\x30\x30\x22\x3e\
\x20\x3c\x74\x69\x74\x6c\x65\x20\x69\x64\x3d\x22\x64\x61\x73\x68\
\x62\x6f\x61\x72\x64\x49\x63\x6f\x6e\x54\x69\x74\x6c\x65\x22\x3e\
\x44\x61\x73\x68\x62\x6f\x61\x72\x64\x3c\x2f\x74\x69\x74\x6c\x65\
\x3e\x20\x3c\x72\x65\x63\x74\x20\x77\x69\x64\x74\x68\x3d\x22\x32\
\x30\x22\x20\x68\x65\x69\x67\x68\x74\x3d\x22\x32\x30\x22\x20\x78\
\x3d\x22\x32\x22\x20\x79\x3d\x22\x32\x22\x2f\x3e\x20\x3c\x70\x61\
\x74\x68\x20\x64\x3d\x22\x4d\x31\x31\x20\x37\x4c\x31\x37\x20\x37\
\x4d\x31\x31\x20\x31\x32\x4c\x31\x37\x20\x31\x32\x4d\x31\x31\x20\
\x31\x37\x4c\x31\x37\x20\x31\x37\x22\x2f\x3e\x20\x3c\x6c\x69\x6e\
\x65\x20\x78\x31\x3d\x22\x37\x22\x20\x79\x31\x3d\x22\x37\x22\x20\
\x78\x32\x3d\x22\x37\x22\x20\x79\x32\x3d\x22\x37\x22\x2f\x3e\x20\
\x3c\x6c\x69\x6e\x65\x20\x78\x31\x3d\x22\x37\x22\x20\x79\x31\x3d\
\x22\x31\x32\x22\x20\x78\x32\x3d\x22\x37\x22\x20\x79\x32\x3d\x22\
\x31\x32\x22\x2f\x3e\x20\x3c\x6c\x69\x6e\x65\x20\x78\x31\x3d\x22\
\x37\x22\x20\x79\x31\x3d\x22\x31\x37\x22\x20\x78\x32\x3d\x22\x37\
\x22\x20\x79\x32\x3d\x22\x31\x37\x22\x2f\x3e\x20\x3c\x2f\x73\x76\
\x67\x3e\
\x00\x00\x02\x15\
\x3c\
\x73\x76\x67\x20\x72\x6f\x6c\x65\x3d\x22\x69\x6d\x67\x22\x20\x78\
\x6d\x6c\x6e\x73\x3d\x22\x68\x74\x74\x70\x3a\x2f\x2f\x77\x77\x77\
\x2e\x77\x33\x2e\x6f\x72\x67\x2f\x32\x30\x30\x30\x2f\x73\x76\x67\
\x22\x20\x77\x69\x64\x74\x68\x3d\x22\x33\x32\x70\x78\x22\x20\x68\
\x65\x69\x67\x68\x74\x3d\x22\x33\x32\x70\x78\x22\x20\x76\x69\x65\
\x77\x42\x6f\x78\x3d\x22\x30\x20\x30\x20\x32\x34\x20\x32\x34\x22\
\x20\x61\x72\x69\x61\x2d\x6c\x61\x62\x65\x6c\x6c\x65\x64\x62\x79\
\x3d\x22\x77\x69\x6e\x64\x6f\x77\x49\x63\x6f\x6e\x54\x69\x74\x6c\
\x65\x22\x20\x73\x74\x72\x6f\x6b\x65\x3d\x22\x23\x30\x30\x30\x22\
\x20\x73\x74\x72\x6f\x6b\x65\x2d\x77\x69\x64\x74\x68\x3d\x22\x31\
\x2e\x35\x22\x20\x73\x74\x72\x6f\x6b\x65\x2d\x6c\x69\x6e\x65\x63\
\x61\x70\x3d\x22\x73\x71\x75\x61\x72\x65\x22\x20\x73\x74\x72\x6f\
\x6b\x65\x2d\x6c\x69\x6e\x65\x6a\x6f\x69\x6e\x3d\x22\x6d\x69\x74\
\x65\x72\x22\x20\x66\x69\x6c\x6c\x3d\x22\x6e\x6f\x6e\x65\x22\x20\
\x63\x6f\x6c\x6f\x72\x3d\x22\x23\x30\x30\x30\x22\x3e\x20\x3c\x74\
\x69\x74\x6c\x65\x20\x69\x64\x3d\x22\x77\x69\x6e\x64\x6f\x77\x49\
\x63\x6f\x6e\x54\x69\x74\x6c\x65\x22\x3e\x57\x69\x6e\x64\x6f\x77\
\x3c\x2f\x74\x69\x74\x6c\x65\x3e\x20\x3c\x72\x65\x63\x74\x20\x77\
\x69\x64\x74\x68\x3d\x22\x31\x38\x22\x20\x68\x65\x69\x67\x68\x74\
\x3d\x22\x31\x38\x22\x20\x78\x3d\x22\x33\x22\x20\x79\x3d\x22\x33\
\x22\x2f\x3e\x20\x3c\x6c\x69\x6e\x65\x20\x73\x74\x72\x6f\x6b\x65\
\x2d\x6c\x69\x6e\x65\x63\x61\x70\x3d\x22\x72\x6f\x75\x6e\x64\x22\
\x20\x78\x31\x3d\x22\x36\x22\x20\x79\x31\x3d\x22\x36\x22\x20\x78\
\x32\x3d\x22\x36\x22\x20\x79\x32\x3d\x22\x36\x22\x2f\x3e\x20\x3c\
\x6c\x69\x6e\x65\x20\x73\x74\x72\x6f\x6b\x65\x2d\x6c\x69\x6e\x65\
\x63\x61\x70\x3d\x22\x72\x6f\x75\x6e\x64\x22\x20\x78\x31\x3d\x22\
\x39\x22\x20\x79\x31\x3d\x22\x36\x22\x20\x78\x32\x3d\x22\x39\x22\
\x20\x79\x32\x3d\x22\x36\x22\x2f\x3e\x20\x3c\x6c\x69\x6e\x65\x20\
\x73\x74\x72\x6f\x6b\x65\x2d\x6c\x69\x6e\x65\x63\x61\x70\x3d\x22\
\x72\x6f\x75\x6e\x64\x22\x20\x78\x31\x3d\x22\x31\x32\x22\x20\x79\
\x31\x3d\x22\x36\x22\x20\x78\x32\x3d\x22\x31\x32\x22\x20\x79\x32\
\x3d\x22\x36\x22\x2f\x3e\x20\x3c\x70\x61\x74\x68\x20\x64\x3d\x22\
\x4d\x32\x31\x2c\x39\x20\x4c\x33\x2c\x39\x22\x2f\x3e\x20\x3c\x2f\
\x73\x76\x67\x3e\
\x00\x00\x03\x53\
\x3c\
\x73\x76\x67\x20\x72\x6f\x6c\x65\x3d\x22\x69\x6d\x67\x22\x20\x78\
\x6d\x6c\x6e\x73\x3d\x22\x68\x74\x74\x70\x3a\x2f\x2f\x77\x77\x77\
\x2e\x77\x33\x2e\x6f\x72\x67\x2f\x32\x30\x30\x30\x2f\x73\x76\x67\
\x22\x20\x77\x69\x64\x74\x68\x3d\x22\x33\x32\x70\x78\x22\x20\x68\
\x65\x69\x67\x68\x74\x3d\x22\x33\x32\x70\x78\x22\x20\x76\x69\x65\
\x77\x42\x6f\x78\x3d\x22\x30\x20\x30\x20\x32\x34\x20\x32\x34\x22\
\x20\x61\x72\x69\x61\x2d\x6c\x61\x62\x65\x6c\x6c\x65\x64\x62\x79\
\x3d\x22\x74\x6f\x6f\x6c\x49\x63\x6f\x6e\x54\x69\x74\x6c\x65\x22\
\x20\x73\x74\x72\x6f\x6b\x65\x3d\x22\x23\x30\x30\x30\x22\x20\x73\
\x74\x72\x6f\x6b\x65\x2d\x77\x69\x64\x74\x68\x3d\x22\x31\x2e\x35\
\x22\x20\x73\x74\x72\x6f\x6b\x65\x2d\x6c\x69\x6e\x65\x63\x61\x70\
\x3d\x22\x73\x71\x75\x61\x72\x65\x22\x20\x73\x74\x72\x6f\x6b\x65\
\x2d\x6c\x69\x6e\x65\x6a\x6f\x69\x6e\x3d\x22\x6d\x69\x74\x65\x72\
\x22\x20\x66\x69\x6c\x6c\x3d\x22\x6e\x6f\x6e\x65\x22\x20\x63\x6f\
\x6c\x6f\x72\x3d\x22\x23\x30\x30\x30\x22\x3e\x20\x3c\x74\x69\x74\
\x6c\x65\x20\x69\x64\x3d\x22\x74\x6f\x6f\x6c\x49\x63\x6f\x6e\x54\
\x69\x74\x6c\x65\x22\x3e\x54\x6f\x6f\x6c\x3c\x2f\x74\x69\x74\x6c\
\x65\x3e\x20\x3c\x70\x61\x74\x68\x20\x64\x3d\x22\x4d\x39\x2e\x37\
\x34\x32\x39\x32\x39\x33\x39\x2c\x31\x33\x2e\x37\x34\x32\x39\x32\
\x39\x34\x20\x43\x39\x2e\x31\x39\x31\x33\x35\x30\x31\x39\x2c\x31\
\x33\x2e\x39\x31\x30\x31\x30\x38\x38\x20\x38\x2e\x36\x30\x36\x31\
\x37\x32\x37\x31\x2c\x31\x34\x20\x38\x2c\x31\x34\x20\x43\x34\x2e\
\x36\x38\x36\x32\x39\x31\x35\x2c\x31\x34\x20\x32\x2c\x31\x31\x2e\
\x33\x31\x33\x37\x30\x38\x35\x20\x32\x2c\x38\x20\x43\x32\x2c\x37\
\x2e\x30\x37\x33\x37\x30\x36\x39\x33\x20\x32\x2e\x32\x30\x39\x39\
\x30\x34\x33\x31\x2c\x36\x2e\x31\x39\x36\x34\x33\x39\x36\x34\x20\
\x32\x2e\x35\x38\x34\x37\x34\x31\x39\x37\x2c\x35\x2e\x34\x31\x33\
\x31\x36\x39\x31\x20\x4c\x36\x2e\x39\x34\x39\x37\x34\x37\x34\x37\
\x2c\x39\x2e\x37\x37\x38\x31\x37\x34\x35\x39\x20\x4c\x39\x2e\x37\
\x37\x38\x31\x37\x34\x35\x39\x2c\x36\x2e\x39\x34\x39\x37\x34\x37\
\x34\x37\x20\x4c\x35\x2e\x34\x31\x33\x31\x36\x39\x31\x2c\x32\x2e\
\x35\x38\x34\x37\x34\x31\x39\x37\x20\x43\x36\x2e\x31\x39\x36\x34\
\x33\x39\x36\x34\x2c\x32\x2e\x32\x30\x39\x39\x30\x34\x33\x31\x20\
\x37\x2e\x30\x37\x33\x37\x30\x36\x39\x33\x2c\x32\x20\x38\x2c\x32\
\x20\x43\x31\x31\x2e\x33\x31\x33\x37\x30\x38\x35\x2c\x32\x20\x31\
\x34\x2c\x34\x2e\x36\x38\x36\x32\x39\x31\x35\x20\x31\x34\x2c\x38\
\x20\x43\x31\x34\x2c\x38\x2e\x38\x38\x30\x34\x30\x37\x37\x32\x20\
\x31\x33\x2e\x38\x31\x30\x33\x37\x36\x35\x2c\x39\x2e\x37\x31\x36\
\x35\x32\x36\x34\x38\x20\x31\x33\x2e\x34\x36\x39\x37\x34\x32\x39\
\x2c\x31\x30\x2e\x34\x36\x39\x37\x34\x32\x39\x20\x4c\x32\x30\x2e\
\x35\x38\x35\x38\x36\x33\x36\x2c\x31\x37\x2e\x35\x38\x35\x38\x36\
\x33\x36\x20\x43\x32\x31\x2e\x33\x36\x36\x39\x31\x32\x32\x2c\x31\
\x38\x2e\x33\x36\x36\x39\x31\x32\x32\x20\x32\x31\x2e\x33\x36\x36\
\x39\x31\x32\x32\x2c\x31\x39\x2e\x36\x33\x33\x32\x34\x32\x32\x20\
\x32\x30\x2e\x35\x38\x35\x38\x36\x33\x36\x2c\x32\x30\x2e\x34\x31\
\x34\x32\x39\x30\x37\x20\x4c\x31\x39\x2e\x39\x31\x34\x32\x39\x30\
\x37\x2c\x32\x31\x2e\x30\x38\x35\x38\x36\x33\x36\x20\x43\x31\x39\
\x2e\x31\x33\x33\x32\x34\x32\x32\x2c\x32\x31\x2e\x38\x36\x36\x39\
\x31\x32\x32\x20\x31\x37\x2e\x38\x36\x36\x39\x31\x32\x32\x2c\x32\
\x31\x2e\x38\x36\x36\x39\x31\x32\x32\x20\x31\x37\x2e\x30\x38\x35\
\x38\x36\x33\x36\x2c\x32\x31\x2e\x30\x38\x35\x38\x36\x33\x36\x20\
\x4c\x39\x2e\x37\x34\x32\x39\x32\x39\x33\x39\x2c\x31\x33\x2e\x37\
\x34\x32\x39\x32\x39\x34\x20\x5a\x22\x2f\x3e\x20\x3c\x2f\x73\x76\
\x67\x3e\
\x00\x00\x04\x6b\
\x3c\
\x73\x76\x67\x20\x77\x69\x64\x74\x68\x3d\x22\x33\x32\x70\x78\x22\
\x20\x68\x65\x69\x67\x68\x74\x3d\x22\x33\x32\x70\x78\x22\x20\x76\
\x69\x65\x77\x42\x6f\x78\x3d\x22\x30\x20\x30\x20\x32\x39\x20\x32\
\x38\x22\x20\x66\x69\x6c\x6c\x3d\x22\x6e\x6f\x6e\x65\x22\x20\x78\
\x6d\x6c\x6e\x73\x3d\x22\x68\x74\x74\x70\x3a\x2f\x2f\x77\x77\x77\
\x2e\x77\x33\x2e\x6f\x72\x67\x2f\x32\x30\x30\x30\x2f\x73\x76\x67\
\x22\x20\x61\x72\x69\x61\x2d\x6c\x61\x62\x65\x6c\x6c\x65\x64\x62\
\x79\x3d\x22\x72\x6f\x63\x6b\x65\x74\x49\x63\x6f\x6e\x54\x69\x74\
\x6c\x65\x22\x20\x73\x74\x72\x6f\x6b\x65\x3d\x22\x23\x30\x30\x30\
\x22\x20\x73\x74\x72\x6f\x6b\x65\x2d\x77\x69\x64\x74\x68\x3d\x22\
\x31\x2e\x35\x22\x20\x73\x74\x72\x6f\x6b\x65\x2d\x6c\x69\x6e\x65\
\x63\x61\x70\x3d\x22\x73\x71\x75\x61\x72\x65\x22\x20\x73\x74\x72\
\x6f\x6b\x65\x2d\x6c\x69\x6e\x65\x6a\x6f\x69\x6e\x3d\x22\x6d\x69\
\x74\x65\x72\x22\x20\x63\x6f\x6c\x6f\x72\x3d\x22\x23\x30\x30\x30\
\x22\x3e\x20\x3c\x74\x69\x74\x6c\x65\x20\x69\x64\x3d\x22\x72\x6f\
\x63\x6b\x65\x74\x49\x63\x6f\x6e\x54\x69\x74\x6c\x65\x22\x3e\x52\
\x6f\x63\x6b\x65\x74\x3c\x2f\x74\x69\x74\x6c\x65\x3e\x20\x3c\x70\
\x61\x74\x68\x20\x64\x3d\x22\x4d\x31\x32\x2e\x37\x35\x32\x36\x20\
\x39\x2e\x39\x32\x34\x31\x38\x43\x31\x32\x2e\x32\x30\x35\x39\x20\
\x31\x30\x2e\x32\x38\x36\x31\x20\x31\x31\x2e\x36\x37\x39\x20\x31\
\x30\x2e\x37\x30\x35\x37\x20\x31\x31\x2e\x31\x39\x32\x34\x20\x31\
\x31\x2e\x31\x39\x32\x34\x43\x31\x30\x2e\x34\x37\x35\x34\x20\x31\
\x31\x2e\x39\x30\x39\x33\x20\x31\x30\x2e\x34\x39\x34\x37\x20\x31\
\x31\x2e\x39\x34\x38\x32\x20\x39\x2e\x38\x35\x33\x35\x39\x20\x31\
\x32\x2e\x36\x38\x32\x4d\x31\x32\x2e\x37\x35\x32\x36\x20\x39\x2e\
\x39\x32\x34\x31\x38\x43\x31\x36\x2e\x31\x37\x38\x20\x37\x2e\x36\
\x35\x36\x38\x35\x20\x32\x30\x2e\x33\x38\x34\x38\x20\x37\x2e\x36\
\x35\x36\x38\x35\x20\x32\x30\x2e\x33\x38\x34\x38\x20\x37\x2e\x36\
\x35\x36\x38\x35\x43\x32\x30\x2e\x33\x38\x34\x38\x20\x37\x2e\x36\
\x35\x36\x38\x35\x20\x32\x30\x2e\x33\x38\x34\x38\x20\x31\x31\x2e\
\x38\x36\x33\x36\x20\x31\x38\x2e\x31\x31\x37\x34\x20\x31\x35\x2e\
\x32\x38\x39\x4d\x31\x32\x2e\x37\x35\x32\x36\x20\x39\x2e\x39\x32\
\x34\x31\x38\x4c\x31\x38\x2e\x31\x31\x37\x34\x20\x31\x35\x2e\x32\
\x38\x39\x4d\x31\x38\x2e\x31\x31\x37\x34\x20\x31\x35\x2e\x32\x38\
\x39\x43\x31\x37\x2e\x37\x35\x35\x35\x20\x31\x35\x2e\x38\x33\x35\
\x38\x20\x31\x37\x2e\x33\x33\x35\x39\x20\x31\x36\x2e\x33\x36\x32\
\x36\x20\x31\x36\x2e\x38\x34\x39\x32\x20\x31\x36\x2e\x38\x34\x39\
\x32\x43\x31\x36\x2e\x31\x33\x32\x33\x20\x31\x37\x2e\x35\x36\x36\
\x32\x20\x31\x36\x2e\x30\x39\x33\x34\x20\x31\x37\x2e\x35\x34\x36\
\x39\x20\x31\x35\x2e\x33\x35\x39\x36\x20\x31\x38\x2e\x31\x38\x38\
\x4d\x36\x2e\x31\x31\x35\x32\x33\x20\x31\x37\x2e\x34\x32\x39\x43\
\x35\x2e\x37\x34\x32\x37\x38\x20\x31\x37\x2e\x39\x35\x32\x36\x20\
\x35\x2e\x35\x33\x35\x35\x32\x20\x31\x38\x2e\x32\x36\x33\x35\x20\
\x35\x2e\x35\x33\x35\x35\x32\x20\x31\x38\x2e\x32\x36\x33\x35\x4c\
\x39\x2e\x37\x37\x38\x31\x36\x20\x32\x32\x2e\x35\x30\x36\x31\x43\
\x39\x2e\x37\x37\x38\x31\x36\x20\x32\x32\x2e\x35\x30\x36\x31\x20\
\x31\x30\x2e\x30\x38\x39\x31\x20\x32\x32\x2e\x32\x39\x38\x38\x20\
\x31\x30\x2e\x36\x31\x32\x37\x20\x32\x31\x2e\x39\x32\x36\x34\x4d\
\x36\x2e\x31\x31\x35\x32\x33\x20\x31\x37\x2e\x34\x32\x39\x4c\x32\
\x2e\x37\x30\x37\x30\x39\x20\x31\x34\x2e\x30\x32\x30\x38\x4c\x38\
\x2e\x33\x36\x33\x39\x34\x20\x31\x31\x2e\x31\x39\x32\x34\x4c\x39\
\x2e\x38\x35\x33\x35\x39\x20\x31\x32\x2e\x36\x38\x32\x4d\x36\x2e\
\x31\x31\x35\x32\x33\x20\x31\x37\x2e\x34\x32\x39\x43\x36\x2e\x38\
\x33\x39\x36\x35\x20\x31\x36\x2e\x34\x31\x30\x35\x20\x38\x2e\x31\
\x38\x38\x39\x38\x20\x31\x34\x2e\x35\x38\x37\x34\x20\x39\x2e\x38\
\x35\x33\x35\x39\x20\x31\x32\x2e\x36\x38\x32\x4d\x31\x30\x2e\x36\
\x31\x32\x37\x20\x32\x31\x2e\x39\x32\x36\x34\x4c\x31\x34\x2e\x30\
\x32\x30\x38\x20\x32\x35\x2e\x33\x33\x34\x35\x4c\x31\x36\x2e\x38\
\x34\x39\x32\x20\x31\x39\x2e\x36\x37\x37\x37\x4c\x31\x35\x2e\x33\
\x35\x39\x36\x20\x31\x38\x2e\x31\x38\x38\x4d\x31\x30\x2e\x36\x31\
\x32\x37\x20\x32\x31\x2e\x39\x32\x36\x34\x43\x31\x31\x2e\x36\x33\
\x31\x31\x20\x32\x31\x2e\x32\x30\x32\x20\x31\x33\x2e\x34\x35\x34\
\x32\x20\x31\x39\x2e\x38\x35\x32\x36\x20\x31\x35\x2e\x33\x35\x39\
\x36\x20\x31\x38\x2e\x31\x38\x38\x22\x2f\x3e\x20\x3c\x70\x61\x74\
\x68\x20\x64\x3d\x22\x4d\x35\x2e\x30\x30\x30\x30\x33\x20\x32\x33\
\x43\x35\x2e\x33\x35\x30\x33\x31\x20\x32\x31\x2e\x35\x38\x32\x35\
\x20\x35\x2e\x39\x39\x39\x39\x34\x20\x32\x31\x2e\x30\x30\x30\x31\
\x20\x36\x2e\x35\x20\x32\x31\x2e\x35\x43\x37\x2e\x30\x30\x30\x30\
\x33\x20\x32\x32\x20\x36\x2e\x34\x31\x37\x35\x31\x20\x32\x32\x2e\
\x36\x34\x39\x37\x20\x35\x2e\x30\x30\x30\x30\x33\x20\x32\x33\x5a\
\x22\x2f\x3e\x20\x3c\x2f\x73\x76\x67\x3e\
\x00\x00\x01\x5d\
\x3c\
\x73\x76\x67\x20\x72\x6f\x6c\x65\x3d\x22\x69\x6d\x67\x22\x20\x78\
\x6d\x6c\x6e\x73\x3d\x22\x68\x74\x74\x70\x3a\x2f\x2f\x77\x77\x77\
\x2e\x77\x33\x2e\x6f\x72\x67\x2f\x32\x30\x30\x30\x2f\x73\x76\x67\
\x22\x20\x77\x69\x64\x74\x68\x3d\x22\x33\x32\x70\x78\x22\x20\x68\
\x65\x69\x67\x68\x74\x3d\x22\x33\x32\x70\x78\x22\x20\x76\x69\x65\
\x77\x42\x6f\x78\x3d\x22\x30\x20\x30\x20\x32\x34\x20\x32\x34\x22\
\x20\x61\x72\x69\x61\x2d\x6c\x61\x62\x65\x6c\x6c\x65\x64\x62\x79\
\x3d\x22\x63\x65\x6c\x6c\x75\x61\x72\x49\x63\x6f\x6e\x54\x69\x74\
\x6c\x65\x22\x20\x73\x74\x72\x6f\x6b\x65\x3d\x22\x23\x30\x30\x30\
\x22\x20\x73\x74\x72\x6f\x6b\x65\x2d\x77\x69\x64\x74\x68\x3d\x22\
\x31\x2e\x35\x22\x20\x73\x74\x72\x6f\x6b\x65\x2d\x6c\x69\x6e\x65\
\x63\x61\x70\x3d\x22\x73\x71\x75\x61\x72\x65\x22\x20\x73\x74\x72\
\x6f\x6b\x65\x2d\x6c\x69\x6e\x65\x6a\x6f\x69\x6e\x3d\x22\x6d\x69\
\x74\x65\x72\x22\x20\x66\x69\x6c\x6c\x3d\x22\x6e\x6f\x6e\x65\x22\
\x20\x63\x6f\x6c\x6f\x72\x3d\x22\x23\x30\x30\x30\x22\x3e\x20\x3c\
\x74\x69\x74\x6c\x65\x20\x69\x64\x3d\x22\x63\x65\x6c\x6c\x75\x61\
\x72\x49\x63\x6f\x6e\x54\x69\x74\x6c\x65\x22\x3e\x43\x65\x6c\x6c\
\x75\x61\x72\x3c\x2f\x74\x69\x74\x6c\x65\x3e\x20\x3c\x70\x61\x74\
\x68\x20\x64\x3d\x22\x4d\x31\x38\x20\x37\x4c\x31\x38\x20\x31\x38\
\x4d\x31\x34\x20\x31\x30\x4c\x31\x34\x20\x31\x38\x4d\x31\x30\x20\
\x31\x33\x4c\x31\x30\x20\x31\x38\x4d\x36\x20\x31\x36\x4c\x36\x20\
\x31\x38\x22\x2f\x3e\x20\x3c\x2f\x73\x76\x67\x3e\
\x00\x00\x02\x01\
\x3c\
\x73\x76\x67\x20\x72\x6f\x6c\x65\x3d\x22\x69\x6d\x67\x22\x20\x78\
\x6d\x6c\x6e\x73\x3d\x22\x68\x74\x74\x70\x3a\x2f\x2f\x77\x77\x77\
\x2e\x77\x33\x2e\x6f\x72\x67\x2f\x32\x30\x30\x30\x2f\x73\x76\x67\
\x22\x20\x77\x69\x64\x74\x68\x3d\x22\x33\x32\x70\x78\x22\x20\x68\
\x65\x69\x67\x68\x74\x3d\x22\x33\x32\x70\x78\x22\x20\x76\x69\x65\
\x77\x42\x6f\x78\x3d\x22\x30\x20\x30\x20\x32\x34\x20\x32\x34\x22\
\x20\x61\x72\x69\x61\x2d\x6c\x61\x62\x65\x6c\x6c\x65\x64\x62\x79\
\x3d\x22\x7a\x6f\x6f\x6d\x4f\x75\x74\x49\x63\x6f\x6e\x54\x69\x74\
\x6c\x65\x22\x20\x73\x74\x72\x6f\x6b\x65\x3d\x22\x23\x30\x30\x30\
\x22\x20\x73\x74\x72\x6f\x6b\x65\x2d\x77\x69\x64\x74\x68\x3d\x22\
\x31\x2e\x35\x22\x20\x73\x74\x72\x6f\x6b\x65\x2d\x6c\x69\x6e\x65\
\x63\x61\x70\x3d\x22\x73\x71\x75\x61\x72\x65\x22\x20\x73\x74\x72\
\x6f\x6b\x65\x2d\x6c\x69\x6e\x65\x6a\x6f\x69\x6e\x3d\x22\x6d\x69\
\x74\x65\x72\x22\x20\x66\x69\x6c\x6c\x3d\x22\x6e\x6f\x6e\x65\x22\
\x20\x63\x6f\x6c\x6f\x72\x3d\x22\x23\x30\x30\x30\x22\x3e\x20\x3c\
\x74\x69\x74\x6c\x65\x20\x69\x64\x3d\x22\x7a\x6f\x6f\x6d\x4f\x75\
\x74\x49\x63\x6f\x6e\x54\x69\x74\x6c\x65\x22\x3e\x5a\x6f\x6f\x6d\
\x20\x4f\x75\x74\x3c\x2f\x74\x69\x74\x6c\x65\x3e\x20\x3c\x70\x61\
\x74\x68\x20\x64\x3d\x22\x4d\x31\x34\x2c\x31\x36\x20\x43\x31\x30\
\x2e\x36\x38\x36\x32\x39\x31\x35\x2c\x31\x36\x20\x38\x2c\x31\x33\
\x2e\x33\x31\x33\x37\x30\x38\x35\x20\x38\x2c\x31\x30\x20\x43\x38\
\x2c\x36\x2e\x36\x38\x36\x32\x39\x31\x35\x20\x31\x30\x2e\x36\x38\
\x36\x32\x39\x31\x35\x2c\x34\x20\x31\x34\x2c\x34\x20\x43\x31\x37\
\x2e\x33\x31\x33\x37\x30\x38\x35\x2c\x34\x20\x32\x30\x2c\x36\x2e\
\x36\x38\x36\x32\x39\x31\x35\x20\x32\x30\x2c\x31\x30\x20\x43\x32\
\x30\x2c\x31\x33\x2e\x33\x31\x33\x37\x30\x38\x35\x20\x31\x37\x2e\
\x33\x31\x33\x37\x30\x38\x35\x2c\x31\x36\x20\x31\x34\x2c\x31\x36\
\x20\x5a\x22\x2f\x3e\x20\x3c\x70\x61\x74\x68\x20\x64\x3d\x22\x4d\
\x31\x36\x2e\x36\x36\x36\x36\x36\x36\x37\x20\x31\x30\x4c\x31\x31\
\x2e\x33\x33\x33\x33\x33\x33\x33\x20\x31\x30\x4d\x34\x20\x32\x30\
\x4c\x39\x2e\x35\x38\x37\x38\x38\x37\x37\x38\x20\x31\x34\x2e\x34\
\x31\x32\x31\x31\x32\x32\x22\x2f\x3e\x20\x3c\x2f\x73\x76\x67\x3e\
\
\x00\x00\x01\x8a\
\x3c\
\x73\x76\x67\x20\x77\x69\x64\x74\x68\x3d\x22\x33\x32\x70\x78\x22\
\x20\x68\x65\x69\x67\x68\x74\x3d\x22\x33\x32\x70\x78\x22\x20\x76\
\x69\x65\x77\x42\x6f\x78\x3d\x22\x30\x20\x30\x20\x32\x34\x20\x32\
\x34\x22\x20\x78\x6d\x6c\x6e\x73\x3d\x22\x68\x74\x74\x70\x3a\x2f\
\x2f\x77\x77\x77\x2e\x77\x33\x2e\x6f\x72\x67\x2f\x32\x30\x30\x30\
\x2f\x73\x76\x67\x22\x20\x61\x72\x69\x61\x2d\x6c\x61\x62\x65\x6c\
\x6c\x65\x64\x62\x79\x3d\x22\x65\x79\x65\x49\x63\x6f\x6e\x54\x69\
\x74\x6c\x65\x22\x20\x73\x74\x72\x6f\x6b\x65\x3d\x22\x23\x30\x30\
\x30\x22\x20\x73\x74\x72\x6f\x6b\x65\x2d\x77\x69\x64\x74\x68\x3d\
\x22\x31\x2e\x35\x22\x20\x73\x74\x72\x6f\x6b\x65\x2d\x6c\x69\x6e\
\x65\x63\x61\x70\x3d\x22\x73\x71\x75\x61\x72\x65\x22\x20\x73\x74\
\x72\x6f\x6b\x65\x2d\x6c\x69\x6e\x65\x6a\x6f\x69\x6e\x3d\x22\x6d\
\x69\x74\x65\x72\x22\x20\x66\x69\x6c\x6c\x3d\x22\x6e\x6f\x6e\x65\
\x22\x20\x63\x6f\x6c\x6f\x72\x3d\x22\x23\x30\x30\x30\x22\x3e\x20\
\x3c\x74\x69\x74\x6c\x65\x20\x69\x64\x3d\x22\x65\x79\x65\x49\x63\
\x6f\x6e\x54\x69\x74\x6c\x65\x22\x3e\x56\x69\x73\x69\x62\x6c\x65\
\x20\x28\x65\x79\x65\x29\x3c\x2f\x74\x69\x74\x6c\x65\x3e\x20\x3c\
\x70\x61\x74\x68\x20\x64\x3d\x22\x4d\x32\x32\x20\x31\x32\x43\x32\
\x32\x20\x31\x32\x20\x31\x39\x20\x31\x38\x20\x31\x32\x20\x31\x38\
\x43\x35\x20\x31\x38\x20\x32\x20\x31\x32\x20\x32\x20\x31\x32\x43\
\x32\x20\x31\x32\x20\x35\x20\x36\x20\x31\x32\x20\x36\x43\x31\x39\
\x20\x36\x20\x32\x32\x20\x31\x32\x20\x32\x32\x20\x31\x32\x5a\x22\
\x2f\x3e\x20\x3c\x63\x69\x72\x63\x6c\x65\x20\x63\x78\x3d\x22\x31\
\x32\x22\x20\x63\x79\x3d\x22\x31\x32\x22\x20\x72\x3d\x22\x33\x22\
\x2f\x3e\x20\x3c\x2f\x73\x76\x67\x3e\
\x00\x00\x01\x84\
\x3c\
\x73\x76\x67\x20\x77\x69\x64\x74\x68\x3d\x22\x33\x32\x70\x78\x22\
\x20\x68\x65\x69\x67\x68\x74\x3d\x22\x33\x32\x70\x78\x22\x20\x76\
\x69\x65\x77\x42\x6f\x78\x3d\x22\x30\x20\x30\x20\x32\x34\x20\x32\
\x34\x22\x20\x66\x69\x6c\x6c\x3d\x22\x6e\x6f\x6e\x65\x22\x20\x78\
\x6d\x6c\x6e\x73\x3d\x22\x68\x74\x74\x70\x3a\x2f\x2f\x77\x77\x77\
\x2e\x77\x33\x2e\x6f\x72\x67\x2f\x32\x30\x30\x30\x2f\x73\x76\x67\
\x22\x20\x61\x72\x69\x61\x2d\x6c\x61\x62\x65\x6c\x6c\x65\x64\x62\
\x79\x3d\x22\x6c\x61\x79\x65\x72\x73\x49\x63\x6f\x6e\x54\x69\x74\
\x6c\x65\x22\x20\x73\x74\x72\x6f\x6b\x65\x3d\x22\x23\x30\x30\x30\
\x22\x20\x73\x74\x72\x6f\x6b\x65\x2d\x77\x69\x64\x74\x68\x3d\x22\
\x31\x2e\x35\x22\x20\x73\x74\x72\x6f\x6b\x65\x2d\x6c\x69\x6e\x65\
\x63\x61\x70\x3d\x22\x73\x71\x75\x61\x72\x65\x22\x20\x73\x74\x72\
\x6f\x6b\x65\x2d\x6c\x69\x6e\x65\x6a\x6f\x69\x6e\x3d\x22\x6d\x69\
\x74\x65\x72\x22\x20\x63\x6f\x6c\x6f\x72\x3d\x22\x23\x30\x30\x30\
\x22\x3e\x20\x3c\x74\x69\x74\x6c\x65\x20\x69\x64\x3d\x22\x6c\x61\
\x79\x65\x72\x73\x49\x63\x6f\x6e\x54\x69\x74\x6c\x65\x22\x3e\x4c\
\x61\x79\x65\x72\x73\x3c\x2f\x74\x69\x74\x6c\x65\x3e\x20\x3c\x70\
\x61\x74\x68\x20\x64\x3d\x22\x4d\x31\x32\x20\x34\x4c\x32\x30\x20\
\x38\x2e\x30\x30\x30\x30\x34\x4c\x31\x32\x20\x31\x32\x4c\x34\x20\
\x38\x2e\x30\x30\x30\x30\x34\x4c\x31\x32\x20\x34\x5a\x22\x2f\x3e\
\x20\x3c\x70\x61\x74\x68\x20\x64\x3d\x22\x4d\x32\x30\x20\x31\x32\
\x4c\x31\x32\x20\x31\x36\x4c\x34\x20\x31\x32\x22\x2f\x3e\x20\x3c\
\x70\x61\x74\x68\x20\x64\x3d\x22\x4d\x32\x30\x20\x31\x36\x4c\x31\
\x32\x20\x32\x30\x4c\x34\x20\x31\x36\x22\x2f\x3e\x20\x3c\x2f\x73\
\x76\x67\x3e\
\x00\x00\x01\xc5\
\x3c\
\x73\x76\x67\x20\x77\x69\x64\x74\x68\x3d\x22\x33\x32\x70\x78\x22\
\x20\x68\x65\x69\x67\x68\x74\x3d\x22\x33\x32\x70\x78\x22\x20\x76\
\x69\x65\x77\x42\x6f\x78\x3d\x22\x30\x20\x30\x20\x32\x34\x20\x32\
\x34\x22\x20\x78\x6d\x6c\x6e\x73\x3d\x22\x68\x74\x74\x70\x3a\x2f\
\x2f\x77\x77\x77\x2e\x77\x33\x2e\x6f\x72\x67\x2f\x32\x30\x30\x30\
\x2f\x73\x76\x67\x22\x20\x61\x72\x69\x61\x2d\x6c\x61\x62\x65\x6c\
\x6c\x65\x64\x62\x79\x3d\x22\x63\x61\x6c\x65\x6e\x64\x61\x72\x44\
\x65\x63\x6c\x69\x6e\x65\x49\x63\x6f\x6e\x54\x69\x74\x6c\x65\x22\
\x20\x73\x74\x72\x6f\x6b\x65\x3d\x22\x23\x30\x30\x30\x22\x20\x73\
\x74\x72\x6f\x6b\x65\x2d\x77\x69\x64\x74\x68\x3d\x22\x31\x2e\x35\
\x22\x20\x73\x74\x72\x6f\x6b\x65\x2d\x6c\x69\x6e\x65\x63\x61\x70\
\x3d\x22\x73\x71\x75\x61\x72\x65\x22\x20\x73\x74\x72\x6f\x6b\x65\
\x2d\x6c\x69\x6e\x65\x6a\x6f\x69\x6e\x3d\x22\x6d\x69\x74\x65\x72\
\x22\x20\x66\x69\x6c\x6c\x3d\x22\x6e\x6f\x6e\x65\x22\x20\x63\x6f\
\x6c\x6f\x72\x3d\x22\x23\x30\x30\x30\x22\x3e\x20\x3c\x74\x69\x74\
\x6c\x65\x20\x69\x64\x3d\x22\x63\x61\x6c\x65\x6e\x64\x61\x72\x44\
\x65\x63\x6c\x69\x6e\x65\x49\x63\x6f\x6e\x54\x69\x74\x6c\x65\x22\
\x3e\x44\x65\x63\x6c\x69\x6e\x65\x20\x63\x61\x6c\x65\x6e\x64\x61\
\x72\x20\x69\x6e\x76\x69\x74\x65\x3c\x2f\x74\x69\x74\x6c\x65\x3e\
\x20\x3c\x70\x61\x74\x68\x20\x64\x3d\x22\x4d\x33\x20\x35\x48\x32\
\x31\x56\x32\x31\x48\x33\x56\x35\x5a\x22\x2f\x3e\x20\x3c\x70\x61\
\x74\x68\x20\x64\x3d\x22\x4d\x32\x31\x20\x39\x48\x33\x22\x2f\x3e\
\x20\x3c\x70\x61\x74\x68\x20\x64\x3d\x22\x4d\x37\x20\x35\x56\x33\
\x22\x2f\x3e\x20\x3c\x70\x61\x74\x68\x20\x64\x3d\x22\x4d\x31\x37\
\x20\x35\x56\x33\x22\x2f\x3e\x20\x3c\x70\x61\x74\x68\x20\x64\x3d\
\x22\x4d\x31\x35\x20\x31\x38\x4c\x38\x2e\x39\x39\x39\x39\x39\x20\
\x31\x32\x22\x2f\x3e\x20\x3c\x70\x61\x74\x68\x20\x64\x3d\x22\x4d\
\x31\x35\x20\x31\x32\x4c\x39\x20\x31\x38\x22\x2f\x3e\x20\x3c\x2f\
\x73\x76\x67\x3e\
\x00\x00\x01\x94\
\x3c\
\x73\x76\x67\x20\x72\x6f\x6c\x65\x3d\x22\x69\x6d\x67\x22\x20\x78\
\x6d\x6c\x6e\x73\x3d\x22\x68\x74\x74\x70\x3a\x2f\x2f\x77\x77\x77\
\x2e\x77\x33\x2e\x6f\x72\x67\x2f\x32\x30\x30\x30\x2f\x73\x76\x67\
\x22\x20\x77\x69\x64\x74\x68\x3d\x22\x33\x32\x70\x78\x22\x20\x68\
\x65\x69\x67\x68\x74\x3d\x22\x33\x32\x70\x78\x22\x20\x76\x69\x65\
\x77\x42\x6f\x78\x3d\x22\x30\x20\x30\x20\x32\x34\x20\x32\x34\x22\
\x20\x61\x72\x69\x61\x2d\x6c\x61\x62\x65\x6c\x6c\x65\x64\x62\x79\
\x3d\x22\x65\x78\x69\x74\x49\x63\x6f\x6e\x54\x69\x74\x6c\x65\x22\
\x20\x73\x74\x72\x6f\x6b\x65\x3d\x22\x23\x30\x30\x30\x22\x20\x73\
\x74\x72\x6f\x6b\x65\x2d\x77\x69\x64\x74\x68\x3d\x22\x31\x2e\x35\
\x22\x20\x73\x74\x72\x6f\x6b\x65\x2d\x6c\x69\x6e\x65\x63\x61\x70\
\x3d\x22\x73\x71\x75\x61\x72\x65\x22\x20\x73\x74\x72\x6f\x6b\x65\
\x2d\x6c\x69\x6e\x65\x6a\x6f\x69\x6e\x3d\x22\x6d\x69\x74\x65\x72\
\x22\x20\x66\x69\x6c\x6c\x3d\x22\x6e\x6f\x6e\x65\x22\x20\x63\x6f\
\x6c\x6f\x72\x3d\x22\x23\x30\x30\x30\x22\x3e\x20\x3c\x74\x69\x74\
\x6c\x65\x20\x69\x64\x3d\x22\x65\x78\x69\x74\x49\x63\x6f\x6e\x54\
\x69\x74\x6c\x65\x22\x3e\x45\x78\x69\x74\x3c\x2f\x74\x69\x74\x6c\
\x65\x3e\x20\x3c\x70\x61\x74\x68\x20\x64\x3d\x22\x4d\x31\x38\x20\
\x31\x35\x6c\x33\x2d\x33\x2d\x33\x2d\x33\x22\x2f\x3e\x20\x3c\x70\
\x61\x74\x68\x20\x64\x3d\x22\x4d\x31\x31\x2e\x35\x20\x31\x32\x48\
\x32\x30\x22\x2f\x3e\x20\x3c\x70\x61\x74\x68\x20\x73\x74\x72\x6f\
\x6b\x65\x2d\x6c\x69\x6e\x65\x63\x61\x70\x3d\x22\x72\x6f\x75\x6e\
\x64\x22\x20\x64\x3d\x22\x4d\x32\x31\x20\x31\x32\x68\x2d\x31\x22\
\x2f\x3e\x20\x3c\x70\x61\x74\x68\x20\x64\x3d\x22\x4d\x31\x35\x20\
\x34\x76\x31\x36\x48\x34\x56\x34\x7a\x22\x2f\x3e\x20\x3c\x2f\x73\
\x76\x67\x3e\
\x00\x00\x02\xa4\
\x3c\
\x73\x76\x67\x20\x77\x69\x64\x74\x68\x3d\x22\x33\x32\x70\x78\x22\
\x20\x68\x65\x69\x67\x68\x74\x3d\x22\x33\x32\x70\x78\x22\x20\x76\
\x69\x65\x77\x42\x6f\x78\x3d\x22\x30\x20\x30\x20\x33\x34\x20\x33\
\x34\x22\x20\x78\x6d\x6c\x6e\x73\x3d\x22\x68\x74\x74\x70\x3a\x2f\
\x2f\x77\x77\x77\x2e\x77\x33\x2e\x6f\x72\x67\x2f\x32\x30\x30\x30\
\x2f\x73\x76\x67\x22\x20\x61\x72\x69\x61\x2d\x6c\x61\x62\x65\x6c\
\x6c\x65\x64\x62\x79\x3d\x22\x63\x6f\x6d\x70\x6f\x6e\x65\x6e\x74\
\x49\x63\x6f\x6e\x54\x69\x74\x6c\x65\x22\x20\x73\x74\x72\x6f\x6b\
\x65\x3d\x22\x23\x30\x30\x30\x22\x20\x73\x74\x72\x6f\x6b\x65\x2d\
\x77\x69\x64\x74\x68\x3d\x22\x31\x2e\x35\x22\x20\x73\x74\x72\x6f\
\x6b\x65\x2d\x6c\x69\x6e\x65\x63\x61\x70\x3d\x22\x73\x71\x75\x61\
\x72\x65\x22\x20\x73\x74\x72\x6f\x6b\x65\x2d\x6c\x69\x6e\x65\x6a\
\x6f\x69\x6e\x3d\x22\x6d\x69\x74\x65\x72\x22\x20\x66\x69\x6c\x6c\
\x3d\x22\x6e\x6f\x6e\x65\x22\x20\x63\x6f\x6c\x6f\x72\x3d\x22\x23\
\x30\x30\x30\x22\x3e\x20\x3c\x74\x69\x74\x6c\x65\x20\x69\x64\x3d\
\x22\x63\x6f\x6d\x70\x6f\x6e\x65\x6e\x74\x49\x63\x6f\x6e\x54\x69\
\x74\x6c\x65\x22\x3e\x43\x6f\x6d\x70\x6f\x6e\x65\x6e\x74\x3c\x2f\
\x74\x69\x74\x6c\x65\x3e\x20\x3c\x72\x65\x63\x74\x20\x78\x3d\x22\
\x31\x37\x22\x20\x79\x3d\x22\x38\x2e\x35\x31\x34\x37\x31\x22\x20\
\x77\x69\x64\x74\x68\x3d\x22\x34\x22\x20\x68\x65\x69\x67\x68\x74\
\x3d\x22\x34\x22\x20\x74\x72\x61\x6e\x73\x66\x6f\x72\x6d\x3d\x22\
\x72\x6f\x74\x61\x74\x65\x28\x34\x35\x20\x31\x37\x20\x38\x2e\x35\
\x31\x34\x37\x31\x29\x22\x2f\x3e\x20\x3c\x70\x61\x74\x68\x20\x66\
\x69\x6c\x6c\x2d\x72\x75\x6c\x65\x3d\x22\x65\x76\x65\x6e\x6f\x64\
\x64\x22\x20\x63\x6c\x69\x70\x2d\x72\x75\x6c\x65\x3d\x22\x65\x76\
\x65\x6e\x6f\x64\x64\x22\x20\x64\x3d\x22\x4d\x32\x31\x2e\x39\x34\
\x39\x38\x20\x31\x33\x2e\x34\x36\x34\x35\x4c\x32\x34\x2e\x37\x37\
\x38\x32\x20\x31\x36\x2e\x32\x39\x32\x39\x4c\x32\x31\x2e\x39\x34\
\x39\x38\x20\x31\x39\x2e\x31\x32\x31\x33\x4c\x31\x39\x2e\x31\x32\
\x31\x33\x20\x31\x36\x2e\x32\x39\x32\x39\x4c\x32\x31\x2e\x39\x34\
\x39\x38\x20\x31\x33\x2e\x34\x36\x34\x35\x5a\x22\x2f\x3e\x20\x3c\
\x72\x65\x63\x74\x20\x78\x3d\x22\x31\x32\x2e\x30\x35\x30\x32\x22\
\x20\x79\x3d\x22\x31\x33\x2e\x34\x36\x34\x35\x22\x20\x77\x69\x64\
\x74\x68\x3d\x22\x34\x22\x20\x68\x65\x69\x67\x68\x74\x3d\x22\x34\
\x22\x20\x74\x72\x61\x6e\x73\x66\x6f\x72\x6d\x3d\x22\x72\x6f\x74\
\x61\x74\x65\x28\x34\x35\x20\x31\x32\x2e\x30\x35\x30\x32\x20\x31\
\x33\x2e\x34\x36\x34\x35\x29\x22\x2f\x3e\x20\x3c\x72\x65\x63\x74\
\x20\x78\x3d\x22\x31\x37\x22\x20\x79\x3d\x22\x31\x38\x2e\x34\x31\
\x34\x32\x22\x20\x77\x69\x64\x74\x68\x3d\x22\x34\x22\x20\x68\x65\
\x69\x67\x68\x74\x3d\x22\x34\x22\x20\x74\x72\x61\x6e\x73\x66\x6f\
\x72\x6d\x3d\x22\x72\x6f\x74\x61\x74\x65\x28\x34\x35\x20\x31\x37\
\x20\x31\x38\x2e\x34\x31\x34\x32\x29\x22\x2f\x3e\x20\x3c\x2f\x73\
\x76\x67\x3e\
\x00\x00\x01\x9c\
\x3c\
\x73\x76\x67\x20\x77\x69\x64\x74\x68\x3d\x22\x33\x32\x70\x78\x22\
\x20\x68\x65\x69\x67\x68\x74\x3d\x22\x33\x32\x70\x78\x22\x20\x76\
\x69\x65\x77\x42\x6f\x78\x3d\x22\x30\x20\x30\x20\x32\x34\x20\x32\
\x34\x22\x20\x78\x6d\x6c\x6e\x73\x3d\x22\x68\x74\x74\x70\x3a\x2f\
\x2f\x77\x77\x77\x2e\x77\x33\x2e\x6f\x72\x67\x2f\x32\x30\x30\x30\
\x2f\x73\x76\x67\x22\x20\x61\x72\x69\x61\x2d\x6c\x61\x62\x65\x6c\
\x6c\x65\x64\x62\x79\x3d\x22\x73\x6f\x72\x74\x44\x6f\x77\x6e\x49\
\x63\x6f\x6e\x54\x69\x74\x6c\x65\x22\x20\x73\x74\x72\x6f\x6b\x65\
\x3d\x22\x23\x30\x30\x30\x22\x20\x73\x74\x72\x6f\x6b\x65\x2d\x77\
\x69\x64\x74\x68\x3d\x22\x31\x2e\x35\x22\x20\x73\x74\x72\x6f\x6b\
\x65\x2d\x6c\x69\x6e\x65\x63\x61\x70\x3d\x22\x73\x71\x75\x61\x72\
\x65\x22\x20\x73\x74\x72\x6f\x6b\x65\x2d\x6c\x69\x6e\x65\x6a\x6f\
\x69\x6e\x3d\x22\x6d\x69\x74\x65\x72\x22\x20\x66\x69\x6c\x6c\x3d\
\x22\x6e\x6f\x6e\x65\x22\x20\x63\x6f\x6c\x6f\x72\x3d\x22\x23\x30\
\x30\x30\x22\x3e\x20\x3c\x74\x69\x74\x6c\x65\x20\x69\x64\x3d\x22\
\x73\x6f\x72\x74\x44\x6f\x77\x6e\x49\x63\x6f\x6e\x54\x69\x74\x6c\
\x65\x22\x3e\x53\x6f\x72\x74\x20\x69\x6e\x20\x64\x65\x73\x63\x65\
\x6e\x64\x69\x6e\x67\x20\x6f\x72\x64\x65\x72\x3c\x2f\x74\x69\x74\
\x6c\x65\x3e\x20\x3c\x70\x61\x74\x68\x20\x64\x3d\x22\x4d\x31\x31\
\x20\x39\x48\x31\x37\x22\x2f\x3e\x20\x3c\x70\x61\x74\x68\x20\x64\
\x3d\x22\x4d\x31\x31\x20\x35\x48\x31\x39\x22\x2f\x3e\x20\x3c\x70\
\x61\x74\x68\x20\x64\x3d\x22\x4d\x31\x31\x20\x31\x33\x48\x31\x35\
\x22\x2f\x3e\x20\x3c\x70\x61\x74\x68\x20\x64\x3d\x22\x4d\x31\x30\
\x20\x31\x37\x4c\x37\x20\x32\x30\x4c\x34\x20\x31\x37\x22\x2f\x3e\
\x20\x3c\x70\x61\x74\x68\x20\x64\x3d\x22\x4d\x37\x20\x35\x56\x31\
\x39\x22\x2f\x3e\x20\x3c\x2f\x73\x76\x67\x3e\
\x00\x00\x02\xa3\
\x3c\
\x73\x76\x67\x20\x77\x69\x64\x74\x68\x3d\x22\x33\x32\x70\x78\x22\
\x20\x68\x65\x69\x67\x68\x74\x3d\x22\x33\x32\x70\x78\x22\x20\x76\
\x69\x65\x77\x42\x6f\x78\x3d\x22\x30\x20\x30\x20\x32\x34\x20\x32\
\x34\x22\x20\x66\x69\x6c\x6c\x3d\x22\x6e\x6f\x6e\x65\x22\x20\x78\
\x6d\x6c\x6e\x73\x3d\x22\x68\x74\x74\x70\x3a\x2f\x2f\x77\x77\x77\
\x2e\x77\x33\x2e\x6f\x72\x67\x2f\x32\x30\x30\x30\x2f\x73\x76\x67\
\x22\x20\x61\x72\x69\x61\x2d\x6c\x61\x62\x65\x6c\x6c\x65\x64\x62\
\x79\x3d\x22\x77\x61\x6c\x6c\x70\x61\x70\x65\x72\x49\x63\x6f\x6e\
\x54\x69\x74\x6c\x65\x22\x20\x73\x74\x72\x6f\x6b\x65\x3d\x22\x23\
\x30\x30\x30\x22\x20\x73\x74\x72\x6f\x6b\x65\x2d\x77\x69\x64\x74\
\x68\x3d\x22\x31\x2e\x35\x22\x20\x73\x74\x72\x6f\x6b\x65\x2d\x6c\
\x69\x6e\x65\x63\x61\x70\x3d\x22\x73\x71\x75\x61\x72\x65\x22\x20\
\x73\x74\x72\x6f\x6b\x65\x2d\x6c\x69\x6e\x65\x6a\x6f\x69\x6e\x3d\
\x22\x6d\x69\x74\x65\x72\x22\x20\x63\x6f\x6c\x6f\x72\x3d\x22\x23\
\x30\x30\x30\x22\x3e\x20\x3c\x74\x69\x74\x6c\x65\x20\x69\x64\x3d\
\x22\x77\x61\x6c\x6c\x70\x61\x70\x65\x72\x49\x63\x6f\x6e\x54\x69\
\x74\x6c\x65\x22\x3e\x57\x61\x6c\x6c\x70\x61\x70\x65\x72\x3c\x2f\
\x74\x69\x74\x6c\x65\x3e\x20\x3c\x63\x69\x72\x63\x6c\x65\x20\x63\
\x78\x3d\x22\x31\x32\x22\x20\x63\x79\x3d\x22\x37\x22\x20\x72\x3d\
\x22\x33\x22\x2f\x3e\x20\x3c\x63\x69\x72\x63\x6c\x65\x20\x63\x78\
\x3d\x22\x31\x32\x22\x20\x63\x79\x3d\x22\x31\x37\x22\x20\x72\x3d\
\x22\x33\x22\x2f\x3e\x20\x3c\x63\x69\x72\x63\x6c\x65\x20\x63\x78\
\x3d\x22\x31\x36\x2e\x33\x33\x30\x31\x22\x20\x63\x79\x3d\x22\x39\
\x2e\x35\x30\x30\x30\x35\x22\x20\x72\x3d\x22\x33\x22\x20\x74\x72\
\x61\x6e\x73\x66\x6f\x72\x6d\x3d\x22\x72\x6f\x74\x61\x74\x65\x28\
\x36\x30\x20\x31\x36\x2e\x33\x33\x30\x31\x20\x39\x2e\x35\x30\x30\
\x30\x35\x29\x22\x2f\x3e\x20\x3c\x63\x69\x72\x63\x6c\x65\x20\x63\
\x78\x3d\x22\x37\x2e\x36\x36\x39\x38\x37\x22\x20\x63\x79\x3d\x22\
\x31\x34\x2e\x35\x30\x30\x31\x22\x20\x72\x3d\x22\x33\x22\x20\x74\
\x72\x61\x6e\x73\x66\x6f\x72\x6d\x3d\x22\x72\x6f\x74\x61\x74\x65\
\x28\x36\x30\x20\x37\x2e\x36\x36\x39\x38\x37\x20\x31\x34\x2e\x35\
\x30\x30\x31\x29\x22\x2f\x3e\x20\x3c\x63\x69\x72\x63\x6c\x65\x20\
\x63\x78\x3d\x22\x37\x2e\x36\x36\x39\x38\x35\x22\x20\x63\x79\x3d\
\x22\x39\x2e\x34\x39\x39\x39\x35\x22\x20\x72\x3d\x22\x33\x22\x20\
\x74\x72\x61\x6e\x73\x66\x6f\x72\x6d\x3d\x22\x72\x6f\x74\x61\x74\
\x65\x28\x2d\x36\x30\x20\x37\x2e\x36\x36\x39\x38\x35\x20\x39\x2e\
\x34\x39\x39\x39\x35\x29\x22\x2f\x3e\x20\x3c\x63\x69\x72\x63\x6c\
\x65\x20\x63\x78\x3d\x22\x31\x36\x2e\x33\x33\x30\x31\x22\x20\x63\
\x79\x3d\x22\x31\x34\x2e\x34\x39\x39\x39\x22\x20\x72\x3d\x22\x33\
\x22\x20\x74\x72\x61\x6e\x73\x66\x6f\x72\x6d\x3d\x22\x72\x6f\x74\
\x61\x74\x65\x28\x2d\x36\x30\x20\x31\x36\x2e\x33\x33\x30\x31\x20\
\x31\x34\x2e\x34\x39\x39\x39\x29\x22\x2f\x3e\x20\x3c\x2f\x73\x76\
\x67\x3e\
\x00\x00\x02\x5b\
\x3c\
\x73\x76\x67\x20\x72\x6f\x6c\x65\x3d\x22\x69\x6d\x67\x22\x20\x78\
\x6d\x6c\x6e\x73\x3d\x22\x68\x74\x74\x70\x3a\x2f\x2f\x77\x77\x77\
\x2e\x77\x33\x2e\x6f\x72\x67\x2f\x32\x30\x30\x30\x2f\x73\x76\x67\
\x22\x20\x77\x69\x64\x74\x68\x3d\x22\x33\x32\x70\x78\x22\x20\x68\
\x65\x69\x67\x68\x74\x3d\x22\x33\x32\x70\x78\x22\x20\x76\x69\x65\
\x77\x42\x6f\x78\x3d\x22\x30\x20\x30\x20\x32\x34\x20\x32\x34\x22\
\x20\x61\x72\x69\x61\x2d\x6c\x61\x62\x65\x6c\x6c\x65\x64\x62\x79\
\x3d\x22\x6c\x61\x6e\x67\x75\x61\x67\x65\x49\x63\x6f\x6e\x54\x69\
\x74\x6c\x65\x22\x20\x73\x74\x72\x6f\x6b\x65\x3d\x22\x23\x30\x30\
\x30\x22\x20\x73\x74\x72\x6f\x6b\x65\x2d\x77\x69\x64\x74\x68\x3d\
\x22\x31\x2e\x35\x22\x20\x73\x74\x72\x6f\x6b\x65\x2d\x6c\x69\x6e\
\x65\x63\x61\x70\x3d\x22\x73\x71\x75\x61\x72\x65\x22\x20\x73\x74\
\x72\x6f\x6b\x65\x2d\x6c\x69\x6e\x65\x6a\x6f\x69\x6e\x3d\x22\x6d\
\x69\x74\x65\x72\x22\x20\x66\x69\x6c\x6c\x3d\x22\x6e\x6f\x6e\x65\
\x22\x20\x63\x6f\x6c\x6f\x72\x3d\x22\x23\x30\x30\x30\x22\x3e\x20\
\x3c\x74\x69\x74\x6c\x65\x20\x69\x64\x3d\x22\x6c\x61\x6e\x67\x75\
\x61\x67\x65\x49\x63\x6f\x6e\x54\x69\x74\x6c\x65\x22\x3e\x4c\x61\
\x6e\x67\x75\x61\x67\x65\x3c\x2f\x74\x69\x74\x6c\x65\x3e\x20\x3c\
\x63\x69\x72\x63\x6c\x65\x20\x63\x78\x3d\x22\x31\x32\x22\x20\x63\
\x79\x3d\x22\x31\x32\x22\x20\x72\x3d\x22\x31\x30\x22\x2f\x3e\x20\
\x3c\x70\x61\x74\x68\x20\x73\x74\x72\x6f\x6b\x65\x2d\x6c\x69\x6e\
\x65\x63\x61\x70\x3d\x22\x72\x6f\x75\x6e\x64\x22\x20\x64\x3d\x22\
\x4d\x31\x32\x2c\x32\x32\x20\x43\x31\x34\x2e\x36\x36\x36\x36\x36\
\x36\x37\x2c\x31\x39\x2e\x35\x37\x35\x37\x35\x37\x36\x20\x31\x36\
\x2c\x31\x36\x2e\x32\x34\x32\x34\x32\x34\x32\x20\x31\x36\x2c\x31\
\x32\x20\x43\x31\x36\x2c\x37\x2e\x37\x35\x37\x35\x37\x35\x37\x36\
\x20\x31\x34\x2e\x36\x36\x36\x36\x36\x36\x37\x2c\x34\x2e\x34\x32\
\x34\x32\x34\x32\x34\x32\x20\x31\x32\x2c\x32\x20\x43\x39\x2e\x33\
\x33\x33\x33\x33\x33\x33\x33\x2c\x34\x2e\x34\x32\x34\x32\x34\x32\
\x34\x32\x20\x38\x2c\x37\x2e\x37\x35\x37\x35\x37\x35\x37\x36\x20\
\x38\x2c\x31\x32\x20\x43\x38\x2c\x31\x36\x2e\x32\x34\x32\x34\x32\
\x34\x32\x20\x39\x2e\x33\x33\x33\x33\x33\x33\x33\x33\x2c\x31\x39\
\x2e\x35\x37\x35\x37\x35\x37\x36\x20\x31\x32\x2c\x32\x32\x20\x5a\
\x22\x2f\x3e\x20\x3c\x70\x61\x74\x68\x20\x73\x74\x72\x6f\x6b\x65\
\x2d\x6c\x69\x6e\x65\x63\x61\x70\x3d\x22\x72\x6f\x75\x6e\x64\x22\
\x20\x64\x3d\x22\x4d\x32\x2e\x35\x20\x39\x4c\x32\x31\x2e\x35\x20\
\x39\x4d\x32\x2e\x35\x20\x31\x35\x4c\x32\x31\x2e\x35\x20\x31\x35\
\x22\x2f\x3e\x20\x3c\x2f\x73\x76\x67\x3e\
\x00\x00\x01\xb5\
\x3c\
\x73\x76\x67\x20\x77\x69\x64\x74\x68\x3d\x22\x33\x32\x70\x78\x22\
\x20\x68\x65\x69\x67\x68\x74\x3d\x22\x33\x32\x70\x78\x22\x20\x76\
\x69\x65\x77\x42\x6f\x78\x3d\x22\x30\x20\x30\x20\x32\x34\x20\x32\
\x34\x22\x20\x78\x6d\x6c\x6e\x73\x3d\x22\x68\x74\x74\x70\x3a\x2f\
\x2f\x77\x77\x77\x2e\x77\x33\x2e\x6f\x72\x67\x2f\x32\x30\x30\x30\
\x2f\x73\x76\x67\x22\x20\x61\x72\x69\x61\x2d\x6c\x61\x62\x65\x6c\
\x6c\x65\x64\x62\x79\x3d\x22\x69\x6e\x62\x6f\x78\x41\x6c\x74\x49\
\x63\x6f\x6e\x54\x69\x74\x6c\x65\x22\x20\x73\x74\x72\x6f\x6b\x65\
\x3d\x22\x23\x30\x30\x30\x22\x20\x73\x74\x72\x6f\x6b\x65\x2d\x77\
\x69\x64\x74\x68\x3d\x22\x31\x2e\x35\x22\x20\x73\x74\x72\x6f\x6b\
\x65\x2d\x6c\x69\x6e\x65\x63\x61\x70\x3d\x22\x73\x71\x75\x61\x72\
\x65\x22\x20\x73\x74\x72\x6f\x6b\x65\x2d\x6c\x69\x6e\x65\x6a\x6f\
\x69\x6e\x3d\x22\x6d\x69\x74\x65\x72\x22\x20\x66\x69\x6c\x6c\x3d\
\x22\x6e\x6f\x6e\x65\x22\x20\x63\x6f\x6c\x6f\x72\x3d\x22\x23\x30\
\x30\x30\x22\x3e\x20\x3c\x74\x69\x74\x6c\x65\x20\x69\x64\x3d\x22\
\x69\x6e\x62\x6f\x78\x41\x6c\x74\x49\x63\x6f\x6e\x54\x69\x74\x6c\
\x65\x22\x3e\x49\x6e\x62\x6f\x78\x3c\x2f\x74\x69\x74\x6c\x65\x3e\
\x20\x3c\x70\x61\x74\x68\x20\x64\x3d\x22\x4d\x33\x20\x31\x33\x48\
\x39\x56\x31\x36\x48\x31\x35\x56\x31\x33\x48\x32\x31\x22\x2f\x3e\
\x20\x3c\x70\x61\x74\x68\x20\x66\x69\x6c\x6c\x2d\x72\x75\x6c\x65\
\x3d\x22\x65\x76\x65\x6e\x6f\x64\x64\x22\x20\x63\x6c\x69\x70\x2d\
\x72\x75\x6c\x65\x3d\x22\x65\x76\x65\x6e\x6f\x64\x64\x22\x20\x64\
\x3d\x22\x4d\x33\x20\x31\x33\x4c\x35\x20\x34\x48\x31\x39\x4c\x32\
\x31\x20\x31\x33\x56\x32\x30\x48\x33\x56\x31\x33\x5a\x22\x2f\x3e\
\x20\x3c\x70\x61\x74\x68\x20\x64\x3d\x22\x4d\x37\x20\x37\x48\x31\
\x37\x22\x2f\x3e\x20\x3c\x70\x61\x74\x68\x20\x64\x3d\x22\x4d\x36\
\x2e\x35\x20\x31\x30\x48\x31\x37\x2e\x35\x22\x2f\x3e\x20\x3c\x2f\
\x73\x76\x67\x3e\
\x00\x00\x01\x68\
\x3c\
\x73\x76\x67\x20\x72\x6f\x6c\x65\x3d\x22\x69\x6d\x67\x22\x20\x78\
\x6d\x6c\x6e\x73\x3d\x22\x68\x74\x74\x70\x3a\x2f\x2f\x77\x77\x77\
\x2e\x77\x33\x2e\x6f\x72\x67\x2f\x32\x30\x30\x30\x2f\x73\x76\x67\
\x22\x20\x77\x69\x64\x74\x68\x3d\x22\x33\x32\x70\x78\x22\x20\x68\
\x65\x69\x67\x68\x74\x3d\x22\x33\x32\x70\x78\x22\x20\x76\x69\x65\
\x77\x42\x6f\x78\x3d\x22\x30\x20\x30\x20\x32\x34\x20\x32\x34\x22\
\x20\x61\x72\x69\x61\x2d\x6c\x61\x62\x65\x6c\x6c\x65\x64\x62\x79\
\x3d\x22\x63\x6f\x70\x79\x49\x63\x6f\x6e\x54\x69\x74\x6c\x65\x22\
\x20\x73\x74\x72\x6f\x6b\x65\x3d\x22\x23\x30\x30\x30\x22\x20\x73\
\x74\x72\x6f\x6b\x65\x2d\x77\x69\x64\x74\x68\x3d\x22\x31\x2e\x35\
\x22\x20\x73\x74\x72\x6f\x6b\x65\x2d\x6c\x69\x6e\x65\x63\x61\x70\
\x3d\x22\x73\x71\x75\x61\x72\x65\x22\x20\x73\x74\x72\x6f\x6b\x65\
\x2d\x6c\x69\x6e\x65\x6a\x6f\x69\x6e\x3d\x22\x6d\x69\x74\x65\x72\
\x22\x20\x66\x69\x6c\x6c\x3d\x22\x6e\x6f\x6e\x65\x22\x20\x63\x6f\
\x6c\x6f\x72\x3d\x22\x23\x30\x30\x30\x22\x3e\x20\x3c\x74\x69\x74\
\x6c\x65\x20\x69\x64\x3d\x22\x63\x6f\x70\x79\x49\x63\x6f\x6e\x54\
\x69\x74\x6c\x65\x22\x3e\x43\x6f\x70\x79\x3c\x2f\x74\x69\x74\x6c\
\x65\x3e\x20\x3c\x72\x65\x63\x74\x20\x77\x69\x64\x74\x68\x3d\x22\
\x31\x32\x22\x20\x68\x65\x69\x67\x68\x74\x3d\x22\x31\x34\x22\x20\
\x78\x3d\x22\x38\x22\x20\x79\x3d\x22\x37\x22\x2f\x3e\x20\x3c\x70\
\x6f\x6c\x79\x6c\x69\x6e\x65\x20\x70\x6f\x69\x6e\x74\x73\x3d\x22\
\x31\x36\x20\x33\x20\x34\x20\x33\x20\x34\x20\x31\x37\x22\x2f\x3e\
\x20\x3c\x2f\x73\x76\x67\x3e\
\x00\x00\x02\x2c\
\x3c\
\x73\x76\x67\x20\x72\x6f\x6c\x65\x3d\x22\x69\x6d\x67\x22\x20\x78\
\x6d\x6c\x6e\x73\x3d\x22\x68\x74\x74\x70\x3a\x2f\x2f\x77\x77\x77\
\x2e\x77\x33\x2e\x6f\x72\x67\x2f\x32\x30\x30\x30\x2f\x73\x76\x67\
\x22\x20\x77\x69\x64\x74\x68\x3d\x22\x33\x32\x70\x78\x22\x20\x68\
\x65\x69\x67\x68\x74\x3d\x22\x33\x32\x70\x78\x22\x20\x76\x69\x65\
\x77\x42\x6f\x78\x3d\x22\x30\x20\x30\x20\x32\x34\x20\x32\x34\x22\
\x20\x61\x72\x69\x61\x2d\x6c\x61\x62\x65\x6c\x6c\x65\x64\x62\x79\
\x3d\x22\x75\x73\x65\x72\x49\x63\x6f\x6e\x54\x69\x74\x6c\x65\x22\
\x20\x73\x74\x72\x6f\x6b\x65\x3d\x22\x23\x30\x30\x30\x22\x20\x73\
\x74\x72\x6f\x6b\x65\x2d\x77\x69\x64\x74\x68\x3d\x22\x31\x2e\x35\
\x22\x20\x73\x74\x72\x6f\x6b\x65\x2d\x6c\x69\x6e\x65\x63\x61\x70\
\x3d\x22\x73\x71\x75\x61\x72\x65\x22\x20\x73\x74\x72\x6f\x6b\x65\
\x2d\x6c\x69\x6e\x65\x6a\x6f\x69\x6e\x3d\x22\x6d\x69\x74\x65\x72\
\x22\x20\x66\x69\x6c\x6c\x3d\x22\x6e\x6f\x6e\x65\x22\x20\x63\x6f\
\x6c\x6f\x72\x3d\x22\x23\x30\x30\x30\x22\x3e\x20\x3c\x74\x69\x74\
\x6c\x65\x20\x69\x64\x3d\x22\x75\x73\x65\x72\x49\x63\x6f\x6e\x54\
\x69\x74\x6c\x65\x22\x3e\x55\x73\x65\x72\x3c\x2f\x74\x69\x74\x6c\
\x65\x3e\x20\x3c\x70\x61\x74\x68\x20\x73\x74\x72\x6f\x6b\x65\x2d\
\x6c\x69\x6e\x65\x63\x61\x70\x3d\x22\x72\x6f\x75\x6e\x64\x22\x20\
\x64\x3d\x22\x4d\x35\x2e\x35\x2c\x31\x39\x2e\x35\x20\x43\x37\x2e\
\x38\x33\x33\x33\x33\x33\x33\x33\x2c\x31\x38\x2e\x35\x20\x39\x2e\
\x33\x33\x33\x33\x33\x33\x33\x33\x2c\x31\x37\x2e\x36\x36\x36\x36\
\x36\x36\x37\x20\x31\x30\x2c\x31\x37\x20\x43\x31\x31\x2c\x31\x36\
\x20\x38\x2c\x31\x36\x20\x38\x2c\x31\x31\x20\x43\x38\x2c\x37\x2e\
\x36\x36\x36\x36\x36\x36\x36\x37\x20\x39\x2e\x33\x33\x33\x33\x33\
\x33\x33\x33\x2c\x36\x20\x31\x32\x2c\x36\x20\x43\x31\x34\x2e\x36\
\x36\x36\x36\x36\x36\x37\x2c\x36\x20\x31\x36\x2c\x37\x2e\x36\x36\
\x36\x36\x36\x36\x36\x37\x20\x31\x36\x2c\x31\x31\x20\x43\x31\x36\
\x2c\x31\x36\x20\x31\x33\x2c\x31\x36\x20\x31\x34\x2c\x31\x37\x20\
\x43\x31\x34\x2e\x36\x36\x36\x36\x36\x36\x37\x2c\x31\x37\x2e\x36\
\x36\x36\x36\x36\x36\x37\x20\x31\x36\x2e\x31\x36\x36\x36\x36\x36\
\x37\x2c\x31\x38\x2e\x35\x20\x31\x38\x2e\x35\x2c\x31\x39\x2e\x35\
\x22\x2f\x3e\x20\x3c\x63\x69\x72\x63\x6c\x65\x20\x63\x78\x3d\x22\
\x31\x32\x22\x20\x63\x79\x3d\x22\x31\x32\x22\x20\x72\x3d\x22\x31\
\x30\x22\x2f\x3e\x20\x3c\x2f\x73\x76\x67\x3e\
\x00\x00\x01\x5b\
\x3c\
\x73\x76\x67\x20\x72\x6f\x6c\x65\x3d\x22\x69\x6d\x67\x22\x20\x78\
\x6d\x6c\x6e\x73\x3d\x22\x68\x74\x74\x70\x3a\x2f\x2f\x77\x77\x77\
\x2e\x77\x33\x2e\x6f\x72\x67\x2f\x32\x30\x30\x30\x2f\x73\x76\x67\
\x22\x20\x77\x69\x64\x74\x68\x3d\x22\x33\x32\x70\x78\x22\x20\x68\
\x65\x69\x67\x68\x74\x3d\x22\x33\x32\x70\x78\x22\x20\x76\x69\x65\
\x77\x42\x6f\x78\x3d\x22\x30\x20\x30\x20\x32\x34\x20\x32\x34\x22\
\x20\x61\x72\x69\x61\x2d\x6c\x61\x62\x65\x6c\x6c\x65\x64\x62\x79\
\x3d\x22\x61\x64\x64\x49\x63\x6f\x6e\x54\x69\x74\x6c\x65\x22\x20\
\x73\x74\x72\x6f\x6b\x65\x3d\x22\x23\x30\x30\x30\x22\x20\x73\x74\
\x72\x6f\x6b\x65\x2d\x77\x69\x64\x74\x68\x3d\x22\x31\x2e\x35\x22\
\x20\x73\x74\x72\x6f\x6b\x65\x2d\x6c\x69\x6e\x65\x63\x61\x70\x3d\
\x22\x73\x71\x75\x61\x72\x65\x22\x20\x73\x74\x72\x6f\x6b\x65\x2d\
\x6c\x69\x6e\x65\x6a\x6f\x69\x6e\x3d\x22\x6d\x69\x74\x65\x72\x22\
\x20\x66\x69\x6c\x6c\x3d\x22\x6e\x6f\x6e\x65\x22\x20\x63\x6f\x6c\
\x6f\x72\x3d\x22\x23\x30\x30\x30\x22\x3e\x20\x3c\x74\x69\x74\x6c\
\x65\x20\x69\x64\x3d\x22\x61\x64\x64\x49\x63\x6f\x6e\x54\x69\x74\
\x6c\x65\x22\x3e\x41\x64\x64\x3c\x2f\x74\x69\x74\x6c\x65\x3e\x20\
\x3c\x70\x61\x74\x68\x20\x64\x3d\x22\x4d\x31\x37\x20\x31\x32\x4c\
\x37\x20\x31\x32\x4d\x31\x32\x20\x31\x37\x4c\x31\x32\x20\x37\x22\
\x2f\x3e\x20\x3c\x63\x69\x72\x63\x6c\x65\x20\x63\x78\x3d\x22\x31\
\x32\x22\x20\x63\x79\x3d\x22\x31\x32\x22\x20\x72\x3d\x22\x31\x30\
\x22\x2f\x3e\x20\x3c\x2f\x73\x76\x67\x3e\
\x00\x00\x01\x98\
\x3c\
\x73\x76\x67\x20\x72\x6f\x6c\x65\x3d\x22\x69\x6d\x67\x22\x20\x78\
\x6d\x6c\x6e\x73\x3d\x22\x68\x74\x74\x70\x3a\x2f\x2f\x77\x77\x77\
\x2e\x77\x33\x2e\x6f\x72\x67\x2f\x32\x30\x30\x30\x2f\x73\x76\x67\
\x22\x20\x77\x69\x64\x74\x68\x3d\x22\x33\x32\x70\x78\x22\x20\x68\
\x65\x69\x67\x68\x74\x3d\x22\x33\x32\x70\x78\x22\x20\x76\x69\x65\
\x77\x42\x6f\x78\x3d\x22\x30\x20\x30\x20\x32\x34\x20\x32\x34\x22\
\x20\x61\x72\x69\x61\x2d\x6c\x61\x62\x65\x6c\x6c\x65\x64\x62\x79\
\x3d\x22\x62\x61\x74\x74\x65\x72\x79\x43\x68\x61\x72\x67\x69\x6e\
\x67\x49\x63\x6f\x6e\x54\x69\x74\x6c\x65\x22\x20\x73\x74\x72\x6f\
\x6b\x65\x3d\x22\x23\x30\x30\x30\x22\x20\x73\x74\x72\x6f\x6b\x65\
\x2d\x77\x69\x64\x74\x68\x3d\x22\x31\x2e\x35\x22\x20\x73\x74\x72\
\x6f\x6b\x65\x2d\x6c\x69\x6e\x65\x63\x61\x70\x3d\x22\x73\x71\x75\
\x61\x72\x65\x22\x20\x73\x74\x72\x6f\x6b\x65\x2d\x6c\x69\x6e\x65\
\x6a\x6f\x69\x6e\x3d\x22\x6d\x69\x74\x65\x72\x22\x20\x66\x69\x6c\
\x6c\x3d\x22\x6e\x6f\x6e\x65\x22\x20\x63\x6f\x6c\x6f\x72\x3d\x22\
\x23\x30\x30\x30\x22\x3e\x20\x3c\x74\x69\x74\x6c\x65\x20\x69\x64\
\x3d\x22\x62\x61\x74\x74\x65\x72\x79\x43\x68\x61\x72\x67\x69\x6e\
\x67\x49\x63\x6f\x6e\x54\x69\x74\x6c\x65\x22\x3e\x42\x61\x74\x74\
\x65\x72\x79\x43\x68\x61\x72\x67\x69\x6e\x67\x3c\x2f\x74\x69\x74\
\x6c\x65\x3e\x20\x3c\x70\x61\x74\x68\x20\x64\x3d\x22\x4d\x32\x31\
\x20\x31\x34\x76\x2d\x34\x22\x2f\x3e\x20\x3c\x70\x61\x74\x68\x20\
\x64\x3d\x22\x4d\x32\x30\x20\x36\x48\x34\x76\x31\x32\x68\x31\x36\
\x7a\x22\x2f\x3e\x20\x3c\x70\x6f\x6c\x79\x6c\x69\x6e\x65\x20\x70\
\x6f\x69\x6e\x74\x73\x3d\x22\x31\x32\x20\x39\x20\x31\x34\x20\x31\
\x32\x20\x31\x30\x20\x31\x32\x20\x31\x32\x20\x31\x35\x22\x2f\x3e\
\x20\x3c\x2f\x73\x76\x67\x3e\
\x00\x00\x01\x35\
\x3c\
\x73\x76\x67\x20\x72\x6f\x6c\x65\x3d\x22\x69\x6d\x67\x22\x20\x78\
\x6d\x6c\x6e\x73\x3d\x22\x68\x74\x74\x70\x3a\x2f\x2f\x77\x77\x77\
\x2e\x77\x33\x2e\x6f\x72\x67\x2f\x32\x30\x30\x30\x2f\x73\x76\x67\
\x22\x20\x77\x69\x64\x74\x68\x3d\x22\x33\x32\x70\x78\x22\x20\x68\
\x65\x69\x67\x68\x74\x3d\x22\x33\x32\x70\x78\x22\x20\x76\x69\x65\
\x77\x42\x6f\x78\x3d\x22\x30\x20\x30\x20\x32\x34\x20\x32\x34\x22\
\x20\x61\x72\x69\x61\x2d\x6c\x61\x62\x65\x6c\x6c\x65\x64\x62\x79\
\x3d\x22\x70\x6c\x61\x79\x49\x63\x6f\x6e\x54\x69\x74\x6c\x65\x22\
\x20\x73\x74\x72\x6f\x6b\x65\x3d\x22\x23\x30\x30\x30\x22\x20\x73\
\x74\x72\x6f\x6b\x65\x2d\x77\x69\x64\x74\x68\x3d\x22\x31\x2e\x35\
\x22\x20\x73\x74\x72\x6f\x6b\x65\x2d\x6c\x69\x6e\x65\x63\x61\x70\
\x3d\x22\x73\x71\x75\x61\x72\x65\x22\x20\x73\x74\x72\x6f\x6b\x65\
\x2d\x6c\x69\x6e\x65\x6a\x6f\x69\x6e\x3d\x22\x6d\x69\x74\x65\x72\
\x22\x20\x66\x69\x6c\x6c\x3d\x22\x6e\x6f\x6e\x65\x22\x20\x63\x6f\
\x6c\x6f\x72\x3d\x22\x23\x30\x30\x30\x22\x3e\x20\x3c\x74\x69\x74\
\x6c\x65\x20\x69\x64\x3d\x22\x70\x6c\x61\x79\x49\x63\x6f\x6e\x54\
\x69\x74\x6c\x65\x22\x3e\x50\x6c\x61\x79\x3c\x2f\x74\x69\x74\x6c\
\x65\x3e\x20\x3c\x70\x61\x74\x68\x20\x64\x3d\x22\x4d\x32\x30\x20\
\x31\x32\x4c\x35\x20\x32\x31\x56\x33\x7a\x22\x2f\x3e\x20\x3c\x2f\
\x73\x76\x67\x3e\
\x00\x00\x01\x78\
\x3c\
\x73\x76\x67\x20\x72\x6f\x6c\x65\x3d\x22\x69\x6d\x67\x22\x20\x78\
\x6d\x6c\x6e\x73\x3d\x22\x68\x74\x74\x70\x3a\x2f\x2f\x77\x77\x77\
\x2e\x77\x33\x2e\x6f\x72\x67\x2f\x32\x30\x30\x30\x2f\x73\x76\x67\
\x22\x20\x77\x69\x64\x74\x68\x3d\x22\x33\x32\x70\x78\x22\x20\x68\
\x65\x69\x67\x68\x74\x3d\x22\x33\x32\x70\x78\x22\x20\x76\x69\x65\
\x77\x42\x6f\x78\x3d\x22\x30\x20\x30\x20\x32\x34\x20\x32\x34\x22\
\x20\x61\x72\x69\x61\x2d\x6c\x61\x62\x65\x6c\x6c\x65\x64\x62\x79\
\x3d\x22\x63\x72\x65\x64\x69\x74\x43\x61\x72\x64\x49\x63\x6f\x6e\
\x54\x69\x74\x6c\x65\x22\x20\x73\x74\x72\x6f\x6b\x65\x3d\x22\x23\
\x30\x30\x30\x22\x20\x73\x74\x72\x6f\x6b\x65\x2d\x77\x69\x64\x74\
\x68\x3d\x22\x31\x2e\x35\x22\x20\x73\x74\x72\x6f\x6b\x65\x2d\x6c\
\x69\x6e\x65\x63\x61\x70\x3d\x22\x73\x71\x75\x61\x72\x65\x22\x20\
\x73\x74\x72\x6f\x6b\x65\x2d\x6c\x69\x6e\x65\x6a\x6f\x69\x6e\x3d\
\x22\x6d\x69\x74\x65\x72\x22\x20\x66\x69\x6c\x6c\x3d\x22\x6e\x6f\
\x6e\x65\x22\x20\x63\x6f\x6c\x6f\x72\x3d\x22\x23\x30\x30\x30\x22\
\x3e\x20\x3c\x74\x69\x74\x6c\x65\x20\x69\x64\x3d\x22\x63\x72\x65\
\x64\x69\x74\x43\x61\x72\x64\x49\x63\x6f\x6e\x54\x69\x74\x6c\x65\
\x22\x3e\x43\x72\x65\x64\x69\x74\x20\x43\x61\x72\x64\x3c\x2f\x74\
\x69\x74\x6c\x65\x3e\x20\x3c\x72\x65\x63\x74\x20\x77\x69\x64\x74\
\x68\x3d\x22\x32\x30\x22\x20\x68\x65\x69\x67\x68\x74\x3d\x22\x31\
\x34\x22\x20\x78\x3d\x22\x32\x22\x20\x79\x3d\x22\x35\x22\x20\x72\
\x78\x3d\x22\x32\x22\x2f\x3e\x20\x3c\x70\x61\x74\x68\x20\x64\x3d\
\x22\x4d\x32\x2c\x31\x34\x20\x4c\x32\x32\x2c\x31\x34\x22\x2f\x3e\
\x20\x3c\x2f\x73\x76\x67\x3e\
\x00\x00\x05\x78\
\x3c\
\x73\x76\x67\x20\x77\x69\x64\x74\x68\x3d\x22\x33\x32\x70\x78\x22\
\x20\x68\x65\x69\x67\x68\x74\x3d\x22\x33\x32\x70\x78\x22\x20\x76\
\x69\x65\x77\x42\x6f\x78\x3d\x22\x30\x20\x30\x20\x32\x34\x20\x32\
\x34\x22\x20\x78\x6d\x6c\x6e\x73\x3d\x22\x68\x74\x74\x70\x3a\x2f\
\x2f\x77\x77\x77\x2e\x77\x33\x2e\x6f\x72\x67\x2f\x32\x30\x30\x30\
\x2f\x73\x76\x67\x22\x20\x61\x72\x69\x61\x2d\x6c\x61\x62\x65\x6c\
\x6c\x65\x64\x62\x79\x3d\x22\x76\x65\x72\x69\x66\x69\x65\x64\x49\
\x63\x6f\x6e\x54\x69\x74\x6c\x65\x22\x20\x73\x74\x72\x6f\x6b\x65\
\x3d\x22\x23\x30\x30\x30\x22\x20\x73\x74\x72\x6f\x6b\x65\x2d\x77\
\x69\x64\x74\x68\x3d\x22\x31\x2e\x35\x22\x20\x73\x74\x72\x6f\x6b\
\x65\x2d\x6c\x69\x6e\x65\x63\x61\x70\x3d\x22\x73\x71\x75\x61\x72\
\x65\x22\x20\x73\x74\x72\x6f\x6b\x65\x2d\x6c\x69\x6e\x65\x6a\x6f\
\x69\x6e\x3d\x22\x6d\x69\x74\x65\x72\x22\x20\x66\x69\x6c\x6c\x3d\
\x22\x6e\x6f\x6e\x65\x22\x20\x63\x6f\x6c\x6f\x72\x3d\x22\x23\x30\
\x30\x30\x22\x3e\x20\x3c\x74\x69\x74\x6c\x65\x20\x69\x64\x3d\x22\
\x76\x65\x72\x69\x66\x69\x65\x64\x49\x63\x6f\x6e\x54\x69\x74\x6c\
\x65\x22\x3e\x56\x65\x72\x69\x66\x69\x65\x64\x3c\x2f\x74\x69\x74\
\x6c\x65\x3e\x20\x3c\x70\x61\x74\x68\x20\x64\x3d\x22\x4d\x38\x20\
\x31\x32\x2e\x35\x4c\x31\x30\x2e\x35\x20\x31\x35\x4c\x31\x36\x20\
\x39\x2e\x35\x22\x2f\x3e\x20\x3c\x70\x61\x74\x68\x20\x64\x3d\x22\
\x4d\x31\x32\x20\x32\x32\x43\x31\x33\x2e\x32\x33\x36\x33\x20\x32\
\x32\x20\x31\x34\x2e\x32\x39\x37\x39\x20\x32\x31\x2e\x32\x35\x32\
\x32\x20\x31\x34\x2e\x37\x35\x37\x32\x20\x32\x30\x2e\x31\x38\x34\
\x33\x43\x31\x34\x2e\x39\x31\x39\x35\x20\x31\x39\x2e\x38\x30\x36\
\x38\x20\x31\x35\x2e\x34\x35\x35\x38\x20\x31\x39\x2e\x35\x38\x34\
\x37\x20\x31\x35\x2e\x38\x33\x37\x35\x20\x31\x39\x2e\x37\x33\x36\
\x38\x43\x31\x36\x2e\x39\x31\x37\x35\x20\x32\x30\x2e\x31\x36\x37\
\x32\x20\x31\x38\x2e\x31\x39\x36\x39\x20\x31\x39\x2e\x39\x34\x35\
\x33\x20\x31\x39\x2e\x30\x37\x31\x31\x20\x31\x39\x2e\x30\x37\x31\
\x31\x43\x31\x39\x2e\x39\x34\x35\x32\x20\x31\x38\x2e\x31\x39\x36\
\x39\x20\x32\x30\x2e\x31\x36\x37\x31\x20\x31\x36\x2e\x39\x31\x37\
\x35\x20\x31\x39\x2e\x37\x33\x36\x38\x20\x31\x35\x2e\x38\x33\x37\
\x36\x43\x31\x39\x2e\x35\x38\x34\x37\x20\x31\x35\x2e\x34\x35\x35\
\x38\x20\x31\x39\x2e\x38\x30\x36\x38\x20\x31\x34\x2e\x39\x31\x39\
\x35\x20\x32\x30\x2e\x31\x38\x34\x33\x20\x31\x34\x2e\x37\x35\x37\
\x32\x43\x32\x31\x2e\x32\x35\x32\x32\x20\x31\x34\x2e\x32\x39\x37\
\x39\x20\x32\x32\x20\x31\x33\x2e\x32\x33\x36\x33\x20\x32\x32\x20\
\x31\x32\x43\x32\x32\x20\x31\x30\x2e\x37\x36\x33\x37\x20\x32\x31\
\x2e\x32\x35\x32\x32\x20\x39\x2e\x37\x30\x32\x31\x34\x20\x32\x30\
\x2e\x31\x38\x34\x33\x20\x39\x2e\x32\x34\x32\x38\x32\x43\x31\x39\
\x2e\x38\x30\x36\x38\x20\x39\x2e\x30\x38\x30\x34\x36\x20\x31\x39\
\x2e\x35\x38\x34\x37\x20\x38\x2e\x35\x34\x34\x31\x39\x20\x31\x39\
\x2e\x37\x33\x36\x38\x20\x38\x2e\x31\x36\x32\x34\x36\x43\x32\x30\
\x2e\x31\x36\x37\x32\x20\x37\x2e\x30\x38\x32\x35\x34\x20\x31\x39\
\x2e\x39\x34\x35\x33\x20\x35\x2e\x38\x30\x33\x31\x31\x20\x31\x39\
\x2e\x30\x37\x31\x31\x20\x34\x2e\x39\x32\x38\x39\x34\x43\x31\x38\
\x2e\x31\x39\x36\x39\x20\x34\x2e\x30\x35\x34\x37\x37\x20\x31\x36\
\x2e\x39\x31\x37\x35\x20\x33\x2e\x38\x33\x32\x38\x36\x20\x31\x35\
\x2e\x38\x33\x37\x36\x20\x34\x2e\x32\x36\x33\x32\x31\x43\x31\x35\
\x2e\x34\x35\x35\x38\x20\x34\x2e\x34\x31\x35\x33\x34\x20\x31\x34\
\x2e\x39\x31\x39\x35\x20\x34\x2e\x31\x39\x33\x32\x20\x31\x34\x2e\
\x37\x35\x37\x32\x20\x33\x2e\x38\x31\x35\x37\x43\x31\x34\x2e\x32\
\x39\x37\x39\x20\x32\x2e\x37\x34\x37\x37\x38\x20\x31\x33\x2e\x32\
\x33\x36\x33\x20\x32\x20\x31\x32\x20\x32\x43\x31\x30\x2e\x37\x36\
\x33\x37\x20\x32\x20\x39\x2e\x37\x30\x32\x31\x34\x20\x32\x2e\x37\
\x34\x37\x37\x37\x20\x39\x2e\x32\x34\x32\x38\x32\x20\x33\x2e\x38\
\x31\x35\x36\x39\x43\x39\x2e\x30\x38\x30\x34\x36\x20\x34\x2e\x31\
\x39\x33\x31\x38\x20\x38\x2e\x35\x34\x34\x31\x39\x20\x34\x2e\x34\
\x31\x35\x33\x31\x20\x38\x2e\x31\x36\x32\x34\x36\x20\x34\x2e\x32\
\x36\x33\x31\x39\x43\x37\x2e\x30\x38\x32\x35\x34\x20\x33\x2e\x38\
\x33\x32\x38\x34\x20\x35\x2e\x38\x30\x33\x31\x31\x20\x34\x2e\x30\
\x35\x34\x37\x34\x20\x34\x2e\x39\x32\x38\x39\x34\x20\x34\x2e\x39\
\x32\x38\x39\x31\x43\x34\x2e\x30\x35\x34\x37\x37\x20\x35\x2e\x38\
\x30\x33\x30\x38\x20\x33\x2e\x38\x33\x32\x38\x36\x20\x37\x2e\x30\
\x38\x32\x35\x31\x20\x34\x2e\x32\x36\x33\x32\x31\x20\x38\x2e\x31\
\x36\x32\x34\x33\x43\x34\x2e\x34\x31\x35\x33\x34\x20\x38\x2e\x35\
\x34\x34\x31\x37\x20\x34\x2e\x31\x39\x33\x32\x20\x39\x2e\x30\x38\
\x30\x34\x36\x20\x33\x2e\x38\x31\x35\x37\x20\x39\x2e\x32\x34\x32\
\x38\x32\x43\x32\x2e\x37\x34\x37\x37\x38\x20\x39\x2e\x37\x30\x32\
\x31\x33\x20\x32\x20\x31\x30\x2e\x37\x36\x33\x37\x20\x32\x20\x31\
\x32\x43\x32\x20\x31\x33\x2e\x32\x33\x36\x33\x20\x32\x2e\x37\x34\
\x37\x37\x37\x20\x31\x34\x2e\x32\x39\x37\x39\x20\x33\x2e\x38\x31\
\x35\x36\x39\x20\x31\x34\x2e\x37\x35\x37\x32\x43\x34\x2e\x31\x39\
\x33\x31\x38\x20\x31\x34\x2e\x39\x31\x39\x35\x20\x34\x2e\x34\x31\
\x35\x33\x31\x20\x31\x35\x2e\x34\x35\x35\x38\x20\x34\x2e\x32\x36\
\x33\x31\x39\x20\x31\x35\x2e\x38\x33\x37\x35\x43\x33\x2e\x38\x33\
\x32\x38\x34\x20\x31\x36\x2e\x39\x31\x37\x35\x20\x34\x2e\x30\x35\
\x34\x37\x34\x20\x31\x38\x2e\x31\x39\x36\x39\x20\x34\x2e\x39\x32\
\x38\x39\x31\x20\x31\x39\x2e\x30\x37\x31\x31\x43\x35\x2e\x38\x30\
\x33\x30\x38\x20\x31\x39\x2e\x39\x34\x35\x32\x20\x37\x2e\x30\x38\
\x32\x35\x31\x20\x32\x30\x2e\x31\x36\x37\x31\x20\x38\x2e\x31\x36\
\x32\x34\x33\x20\x31\x39\x2e\x37\x33\x36\x38\x43\x38\x2e\x35\x34\
\x34\x31\x36\x20\x31\x39\x2e\x35\x38\x34\x37\x20\x39\x2e\x30\x38\
\x30\x34\x36\x20\x31\x39\x2e\x38\x30\x36\x38\x20\x39\x2e\x32\x34\
\x32\x38\x32\x20\x32\x30\x2e\x31\x38\x34\x33\x43\x39\x2e\x37\x30\
\x32\x31\x33\x20\x32\x31\x2e\x32\x35\x32\x32\x20\x31\x30\x2e\x37\
\x36\x33\x37\x20\x32\x32\x20\x31\x32\x20\x32\x32\x5a\x22\x2f\x3e\
\x20\x3c\x2f\x73\x76\x67\x3e\
\x00\x00\x01\x61\
\x3c\
\x73\x76\x67\x20\x77\x69\x64\x74\x68\x3d\x22\x33\x32\x70\x78\x22\
\x20\x68\x65\x69\x67\x68\x74\x3d\x22\x33\x32\x70\x78\x22\x20\x76\
\x69\x65\x77\x42\x6f\x78\x3d\x22\x30\x20\x30\x20\x32\x34\x20\x32\
\x34\x22\x20\x78\x6d\x6c\x6e\x73\x3d\x22\x68\x74\x74\x70\x3a\x2f\
\x2f\x77\x77\x77\x2e\x77\x33\x2e\x6f\x72\x67\x2f\x32\x30\x30\x30\
\x2f\x73\x76\x67\x22\x20\x61\x72\x69\x61\x2d\x6c\x61\x62\x65\x6c\
\x6c\x65\x64\x62\x79\x3d\x22\x63\x68\x61\x74\x52\x65\x6d\x6f\x76\
\x65\x49\x63\x6f\x6e\x54\x69\x74\x6c\x65\x22\x20\x73\x74\x72\x6f\
\x6b\x65\x3d\x22\x23\x30\x30\x30\x22\x20\x73\x74\x72\x6f\x6b\x65\
\x2d\x77\x69\x64\x74\x68\x3d\x22\x31\x2e\x35\x22\x20\x73\x74\x72\
\x6f\x6b\x65\x2d\x6c\x69\x6e\x65\x63\x61\x70\x3d\x22\x73\x71\x75\
\x61\x72\x65\x22\x20\x73\x74\x72\x6f\x6b\x65\x2d\x6c\x69\x6e\x65\
\x6a\x6f\x69\x6e\x3d\x22\x6d\x69\x74\x65\x72\x22\x20\x66\x69\x6c\
\x6c\x3d\x22\x6e\x6f\x6e\x65\x22\x20\x63\x6f\x6c\x6f\x72\x3d\x22\
\x23\x30\x30\x30\x22\x3e\x20\x3c\x74\x69\x74\x6c\x65\x20\x69\x64\
\x3d\x22\x63\x68\x61\x74\x52\x65\x6d\x6f\x76\x65\x49\x63\x6f\x6e\
\x54\x69\x74\x6c\x65\x22\x3e\x44\x65\x6c\x65\x74\x65\x20\x61\x20\
\x63\x68\x61\x74\x3c\x2f\x74\x69\x74\x6c\x65\x3e\x20\x3c\x70\x61\
\x74\x68\x20\x64\x3d\x22\x4d\x31\x35\x20\x31\x30\x48\x39\x22\x2f\
\x3e\x20\x3c\x70\x61\x74\x68\x20\x64\x3d\x22\x4d\x32\x31\x20\x34\
\x56\x31\x37\x48\x31\x33\x4c\x37\x20\x32\x31\x56\x31\x37\x48\x33\
\x56\x34\x48\x32\x31\x5a\x22\x2f\x3e\x20\x3c\x2f\x73\x76\x67\x3e\
\
\x00\x00\x02\xb6\
\x3c\
\x73\x76\x67\x20\x72\x6f\x6c\x65\x3d\x22\x69\x6d\x67\x22\x20\x78\
\x6d\x6c\x6e\x73\x3d\x22\x68\x74\x74\x70\x3a\x2f\x2f\x77\x77\x77\
\x2e\x77\x33\x2e\x6f\x72\x67\x2f\x32\x30\x30\x30\x2f\x73\x76\x67\
\x22\x20\x77\x69\x64\x74\x68\x3d\x22\x33\x32\x70\x78\x22\x20\x68\
\x65\x69\x67\x68\x74\x3d\x22\x33\x32\x70\x78\x22\x20\x76\x69\x65\
\x77\x42\x6f\x78\x3d\x22\x30\x20\x30\x20\x32\x34\x20\x32\x34\x22\
\x20\x61\x72\x69\x61\x2d\x6c\x61\x62\x65\x6c\x6c\x65\x64\x62\x79\
\x3d\x22\x63\x61\x6e\x63\x65\x6c\x49\x63\x6f\x6e\x54\x69\x74\x6c\
\x65\x22\x20\x73\x74\x72\x6f\x6b\x65\x3d\x22\x23\x30\x30\x30\x22\
\x20\x73\x74\x72\x6f\x6b\x65\x2d\x77\x69\x64\x74\x68\x3d\x22\x31\
\x2e\x35\x22\x20\x73\x74\x72\x6f\x6b\x65\x2d\x6c\x69\x6e\x65\x63\
\x61\x70\x3d\x22\x73\x71\x75\x61\x72\x65\x22\x20\x73\x74\x72\x6f\
\x6b\x65\x2d\x6c\x69\x6e\x65\x6a\x6f\x69\x6e\x3d\x22\x6d\x69\x74\
\x65\x72\x22\x20\x66\x69\x6c\x6c\x3d\x22\x6e\x6f\x6e\x65\x22\x20\
\x63\x6f\x6c\x6f\x72\x3d\x22\x23\x30\x30\x30\x22\x3e\x20\x3c\x74\
\x69\x74\x6c\x65\x20\x69\x64\x3d\x22\x63\x61\x6e\x63\x65\x6c\x49\
\x63\x6f\x6e\x54\x69\x74\x6c\x65\x22\x3e\x43\x61\x6e\x63\x65\x6c\
\x3c\x2f\x74\x69\x74\x6c\x65\x3e\x20\x3c\x70\x61\x74\x68\x20\x64\
\x3d\x22\x4d\x31\x35\x2e\x35\x33\x35\x35\x33\x33\x39\x20\x31\x35\
\x2e\x35\x33\x35\x35\x33\x33\x39\x4c\x38\x2e\x34\x36\x34\x34\x36\
\x36\x30\x39\x20\x38\x2e\x34\x36\x34\x34\x36\x36\x30\x39\x4d\x31\
\x35\x2e\x35\x33\x35\x35\x33\x33\x39\x20\x38\x2e\x34\x36\x34\x34\
\x36\x36\x30\x39\x4c\x38\x2e\x34\x36\x34\x34\x36\x36\x30\x39\x20\
\x31\x35\x2e\x35\x33\x35\x35\x33\x33\x39\x22\x2f\x3e\x20\x3c\x70\
\x61\x74\x68\x20\x64\x3d\x22\x4d\x34\x2e\x39\x32\x38\x39\x33\x32\
\x31\x39\x2c\x31\x39\x2e\x30\x37\x31\x30\x36\x37\x38\x20\x43\x31\
\x2e\x30\x32\x33\x36\x38\x39\x32\x37\x2c\x31\x35\x2e\x31\x36\x35\
\x38\x32\x34\x39\x20\x31\x2e\x30\x32\x33\x36\x38\x39\x32\x37\x2c\
\x38\x2e\x38\x33\x34\x31\x37\x35\x31\x31\x20\x34\x2e\x39\x32\x38\
\x39\x33\x32\x31\x39\x2c\x34\x2e\x39\x32\x38\x39\x33\x32\x31\x39\
\x20\x43\x38\x2e\x38\x33\x34\x31\x37\x35\x31\x31\x2c\x31\x2e\x30\
\x32\x33\x36\x38\x39\x32\x37\x20\x31\x35\x2e\x31\x36\x35\x38\x32\
\x34\x39\x2c\x31\x2e\x30\x32\x33\x36\x38\x39\x32\x37\x20\x31\x39\
\x2e\x30\x37\x31\x30\x36\x37\x38\x2c\x34\x2e\x39\x32\x38\x39\x33\
\x32\x31\x39\x20\x43\x32\x32\x2e\x39\x37\x36\x33\x31\x30\x37\x2c\
\x38\x2e\x38\x33\x34\x31\x37\x35\x31\x31\x20\x32\x32\x2e\x39\x37\
\x36\x33\x31\x30\x37\x2c\x31\x35\x2e\x31\x36\x35\x38\x32\x34\x39\
\x20\x31\x39\x2e\x30\x37\x31\x30\x36\x37\x38\x2c\x31\x39\x2e\x30\
\x37\x31\x30\x36\x37\x38\x20\x43\x31\x35\x2e\x31\x36\x35\x38\x32\
\x34\x39\x2c\x32\x32\x2e\x39\x37\x36\x33\x31\x30\x37\x20\x38\x2e\
\x38\x33\x34\x31\x37\x35\x31\x31\x2c\x32\x32\x2e\x39\x37\x36\x33\
\x31\x30\x37\x20\x34\x2e\x39\x32\x38\x39\x33\x32\x31\x39\x2c\x31\
\x39\x2e\x30\x37\x31\x30\x36\x37\x38\x20\x5a\x22\x2f\x3e\x20\x3c\
\x2f\x73\x76\x67\x3e\
\x00\x00\x01\xeb\
\x3c\
\x73\x76\x67\x20\x72\x6f\x6c\x65\x3d\x22\x69\x6d\x67\x22\x20\x78\
\x6d\x6c\x6e\x73\x3d\x22\x68\x74\x74\x70\x3a\x2f\x2f\x77\x77\x77\
\x2e\x77\x33\x2e\x6f\x72\x67\x2f\x32\x30\x30\x30\x2f\x73\x76\x67\
\x22\x20\x77\x69\x64\x74\x68\x3d\x22\x33\x32\x70\x78\x22\x20\x68\
\x65\x69\x67\x68\x74\x3d\x22\x33\x32\x70\x78\x22\x20\x76\x69\x65\
\x77\x42\x6f\x78\x3d\x22\x30\x20\x30\x20\x32\x34\x20\x32\x34\x22\
\x20\x61\x72\x69\x61\x2d\x6c\x61\x62\x65\x6c\x6c\x65\x64\x62\x79\
\x3d\x22\x73\x74\x69\x63\x6b\x65\x72\x49\x63\x6f\x6e\x54\x69\x74\
\x6c\x65\x22\x20\x73\x74\x72\x6f\x6b\x65\x3d\x22\x23\x30\x30\x30\
\x22\x20\x73\x74\x72\x6f\x6b\x65\x2d\x77\x69\x64\x74\x68\x3d\x22\
\x31\x2e\x35\x22\x20\x73\x74\x72\x6f\x6b\x65\x2d\x6c\x69\x6e\x65\
\x63\x61\x70\x3d\x22\x73\x71\x75\x61\x72\x65\x22\x20\x73\x74\x72\
\x6f\x6b\x65\x2d\x6c\x69\x6e\x65\x6a\x6f\x69\x6e\x3d\x22\x6d\x69\
\x74\x65\x72\x22\x20\x66\x69\x6c\x6c\x3d\x22\x6e\x6f\x6e\x65\x22\
\x20\x63\x6f\x6c\x6f\x72\x3d\x22\x23\x30\x30\x30\x22\x3e\x20\x3c\
\x74\x69\x74\x6c\x65\x20\x69\x64\x3d\x22\x73\x74\x69\x63\x6b\x65\
\x72\x49\x63\x6f\x6e\x54\x69\x74\x6c\x65\x22\x3e\x53\x74\x69\x63\
\x6b\x65\x72\x3c\x2f\x74\x69\x74\x6c\x65\x3e\x20\x3c\x70\x61\x74\
\x68\x20\x64\x3d\x22\x4d\x32\x31\x2c\x33\x20\x4c\x32\x31\x2c\x31\
\x31\x20\x43\x32\x31\x2c\x31\x36\x2e\x35\x32\x32\x38\x34\x37\x35\
\x20\x31\x36\x2e\x35\x32\x32\x38\x34\x37\x35\x2c\x32\x31\x20\x31\
\x31\x2c\x32\x31\x20\x4c\x33\x2c\x32\x31\x20\x4c\x33\x2c\x33\x20\
\x4c\x32\x31\x2c\x33\x20\x5a\x22\x2f\x3e\x20\x3c\x70\x61\x74\x68\
\x20\x64\x3d\x22\x4d\x39\x2c\x32\x31\x20\x43\x31\x31\x2e\x36\x36\
\x36\x36\x36\x36\x37\x2c\x32\x31\x20\x31\x33\x2c\x31\x39\x2e\x36\
\x36\x36\x36\x36\x36\x37\x20\x31\x33\x2c\x31\x37\x20\x43\x31\x33\
\x2c\x31\x37\x20\x31\x33\x2c\x31\x35\x2e\x36\x36\x36\x36\x36\x36\
\x37\x20\x31\x33\x2c\x31\x33\x20\x4c\x31\x37\x2c\x31\x33\x20\x43\
\x31\x39\x2e\x36\x36\x36\x36\x36\x36\x37\x2c\x31\x33\x20\x32\x31\
\x2c\x31\x31\x2e\x36\x36\x36\x36\x36\x36\x37\x20\x32\x31\x2c\x39\
\x22\x2f\x3e\x20\x3c\x2f\x73\x76\x67\x3e\
\x00\x00\x02\x37\
\x3c\
\x73\x76\x67\x20\x77\x69\x64\x74\x68\x3d\x22\x33\x32\x70\x78\x22\
\x20\x68\x65\x69\x67\x68\x74\x3d\x22\x33\x32\x70\x78\x22\x20\x76\
\x69\x65\x77\x42\x6f\x78\x3d\x22\x30\x20\x30\x20\x32\x34\x20\x32\
\x34\x22\x20\x66\x69\x6c\x6c\x3d\x22\x6e\x6f\x6e\x65\x22\x20\x78\
\x6d\x6c\x6e\x73\x3d\x22\x68\x74\x74\x70\x3a\x2f\x2f\x77\x77\x77\
\x2e\x77\x33\x2e\x6f\x72\x67\x2f\x32\x30\x30\x30\x2f\x73\x76\x67\
\x22\x20\x61\x72\x69\x61\x2d\x6c\x61\x62\x65\x6c\x6c\x65\x64\x62\
\x79\x3d\x22\x6d\x61\x72\x6b\x65\x72\x49\x63\x6f\x6e\x54\x69\x74\
\x6c\x65\x22\x20\x73\x74\x72\x6f\x6b\x65\x3d\x22\x23\x30\x30\x30\
\x22\x20\x73\x74\x72\x6f\x6b\x65\x2d\x77\x69\x64\x74\x68\x3d\x22\
\x31\x2e\x35\x22\x20\x73\x74\x72\x6f\x6b\x65\x2d\x6c\x69\x6e\x65\
\x63\x61\x70\x3d\x22\x73\x71\x75\x61\x72\x65\x22\x20\x73\x74\x72\
\x6f\x6b\x65\x2d\x6c\x69\x6e\x65\x6a\x6f\x69\x6e\x3d\x22\x6d\x69\
\x74\x65\x72\x22\x20\x63\x6f\x6c\x6f\x72\x3d\x22\x23\x30\x30\x30\
\x22\x3e\x20\x3c\x74\x69\x74\x6c\x65\x20\x69\x64\x3d\x22\x6d\x61\
\x72\x6b\x65\x72\x49\x63\x6f\x6e\x54\x69\x74\x6c\x65\x22\x3e\x4d\
\x61\x72\x6b\x65\x72\x3c\x2f\x74\x69\x74\x6c\x65\x3e\x20\x3c\x70\
\x61\x74\x68\x20\x66\x69\x6c\x6c\x2d\x72\x75\x6c\x65\x3d\x22\x65\
\x76\x65\x6e\x6f\x64\x64\x22\x20\x63\x6c\x69\x70\x2d\x72\x75\x6c\
\x65\x3d\x22\x65\x76\x65\x6e\x6f\x64\x64\x22\x20\x64\x3d\x22\x4d\
\x31\x32\x20\x32\x32\x43\x31\x37\x2e\x35\x32\x32\x38\x20\x32\x32\
\x20\x32\x32\x20\x31\x37\x2e\x35\x32\x32\x38\x20\x32\x32\x20\x31\
\x32\x43\x32\x32\x20\x36\x2e\x34\x37\x37\x31\x35\x20\x31\x37\x2e\
\x35\x32\x32\x38\x20\x32\x20\x31\x32\x20\x32\x43\x36\x2e\x34\x37\
\x37\x31\x35\x20\x32\x20\x32\x20\x36\x2e\x34\x37\x37\x31\x35\x20\
\x32\x20\x31\x32\x43\x32\x20\x31\x37\x2e\x35\x32\x32\x38\x20\x36\
\x2e\x34\x37\x37\x31\x35\x20\x32\x32\x20\x31\x32\x20\x32\x32\x5a\
\x22\x2f\x3e\x20\x3c\x70\x61\x74\x68\x20\x64\x3d\x22\x4d\x36\x20\
\x32\x30\x4c\x38\x20\x31\x33\x48\x31\x36\x4c\x31\x38\x20\x32\x30\
\x22\x2f\x3e\x20\x3c\x70\x61\x74\x68\x20\x64\x3d\x22\x4d\x39\x2e\
\x35\x20\x31\x33\x4c\x31\x31\x2e\x30\x32\x39\x39\x20\x36\x2e\x38\
\x38\x30\x35\x37\x43\x31\x31\x2e\x32\x38\x32\x33\x20\x35\x2e\x38\
\x37\x30\x36\x32\x20\x31\x32\x2e\x37\x31\x37\x37\x20\x35\x2e\x38\
\x37\x30\x36\x32\x20\x31\x32\x2e\x39\x37\x30\x31\x20\x36\x2e\x38\
\x38\x30\x35\x37\x4c\x31\x34\x2e\x35\x20\x31\x33\x22\x2f\x3e\x20\
\x3c\x2f\x73\x76\x67\x3e\
\x00\x00\x01\x97\
\x3c\
\x73\x76\x67\x20\x72\x6f\x6c\x65\x3d\x22\x69\x6d\x67\x22\x20\x78\
\x6d\x6c\x6e\x73\x3d\x22\x68\x74\x74\x70\x3a\x2f\x2f\x77\x77\x77\
\x2e\x77\x33\x2e\x6f\x72\x67\x2f\x32\x30\x30\x30\x2f\x73\x76\x67\
\x22\x20\x77\x69\x64\x74\x68\x3d\x22\x33\x32\x70\x78\x22\x20\x68\
\x65\x69\x67\x68\x74\x3d\x22\x33\x32\x70\x78\x22\x20\x76\x69\x65\
\x77\x42\x6f\x78\x3d\x22\x30\x20\x30\x20\x32\x34\x20\x32\x34\x22\
\x20\x61\x72\x69\x61\x2d\x6c\x61\x62\x65\x6c\x6c\x65\x64\x62\x79\
\x3d\x22\x61\x72\x72\x6f\x77\x4c\x65\x66\x74\x42\x6f\x74\x74\x6f\
\x6d\x49\x63\x6f\x6e\x54\x69\x74\x6c\x65\x22\x20\x73\x74\x72\x6f\
\x6b\x65\x3d\x22\x23\x30\x30\x30\x22\x20\x73\x74\x72\x6f\x6b\x65\
\x2d\x77\x69\x64\x74\x68\x3d\x22\x31\x2e\x35\x22\x20\x73\x74\x72\
\x6f\x6b\x65\x2d\x6c\x69\x6e\x65\x63\x61\x70\x3d\x22\x73\x71\x75\
\x61\x72\x65\x22\x20\x73\x74\x72\x6f\x6b\x65\x2d\x6c\x69\x6e\x65\
\x6a\x6f\x69\x6e\x3d\x22\x6d\x69\x74\x65\x72\x22\x20\x66\x69\x6c\
\x6c\x3d\x22\x6e\x6f\x6e\x65\x22\x20\x63\x6f\x6c\x6f\x72\x3d\x22\
\x23\x30\x30\x30\x22\x3e\x20\x3c\x74\x69\x74\x6c\x65\x20\x69\x64\
\x3d\x22\x61\x72\x72\x6f\x77\x4c\x65\x66\x74\x42\x6f\x74\x74\x6f\
\x6d\x49\x63\x6f\x6e\x54\x69\x74\x6c\x65\x22\x3e\x41\x72\x72\x6f\
\x77\x20\x4c\x65\x66\x74\x20\x42\x6f\x74\x74\x6f\x6d\x3c\x2f\x74\
\x69\x74\x6c\x65\x3e\x20\x3c\x70\x61\x74\x68\x20\x64\x3d\x22\x4d\
\x35\x20\x31\x31\x76\x38\x68\x38\x22\x2f\x3e\x20\x3c\x70\x61\x74\
\x68\x20\x73\x74\x72\x6f\x6b\x65\x2d\x6c\x69\x6e\x65\x63\x61\x70\
\x3d\x22\x72\x6f\x75\x6e\x64\x22\x20\x64\x3d\x22\x4d\x35\x20\x31\
\x39\x6c\x31\x2d\x31\x22\x2f\x3e\x20\x3c\x70\x61\x74\x68\x20\x64\
\x3d\x22\x4d\x36\x20\x31\x38\x4c\x31\x39\x20\x35\x22\x2f\x3e\x20\
\x3c\x2f\x73\x76\x67\x3e\
\x00\x00\x01\x73\
\x3c\
\x73\x76\x67\x20\x72\x6f\x6c\x65\x3d\x22\x69\x6d\x67\x22\x20\x78\
\x6d\x6c\x6e\x73\x3d\x22\x68\x74\x74\x70\x3a\x2f\x2f\x77\x77\x77\
\x2e\x77\x33\x2e\x6f\x72\x67\x2f\x32\x30\x30\x30\x2f\x73\x76\x67\
\x22\x20\x77\x69\x64\x74\x68\x3d\x22\x33\x32\x70\x78\x22\x20\x68\
\x65\x69\x67\x68\x74\x3d\x22\x33\x32\x70\x78\x22\x20\x76\x69\x65\
\x77\x42\x6f\x78\x3d\x22\x30\x20\x30\x20\x32\x34\x20\x32\x34\x22\
\x20\x61\x72\x69\x61\x2d\x6c\x61\x62\x65\x6c\x6c\x65\x64\x62\x79\
\x3d\x22\x68\x6f\x6d\x65\x41\x6c\x74\x49\x63\x6f\x6e\x54\x69\x74\
\x6c\x65\x22\x20\x73\x74\x72\x6f\x6b\x65\x3d\x22\x23\x30\x30\x30\
\x22\x20\x73\x74\x72\x6f\x6b\x65\x2d\x77\x69\x64\x74\x68\x3d\x22\
\x31\x2e\x35\x22\x20\x73\x74\x72\x6f\x6b\x65\x2d\x6c\x69\x6e\x65\
\x63\x61\x70\x3d\x22\x73\x71\x75\x61\x72\x65\x22\x20\x73\x74\x72\
\x6f\x6b\x65\x2d\x6c\x69\x6e\x65\x6a\x6f\x69\x6e\x3d\x22\x6d\x69\
\x74\x65\x72\x22\x20\x66\x69\x6c\x6c\x3d\x22\x6e\x6f\x6e\x65\x22\
\x20\x63\x6f\x6c\x6f\x72\x3d\x22\x23\x30\x30\x30\x22\x3e\x20\x3c\
\x74\x69\x74\x6c\x65\x20\x69\x64\x3d\x22\x68\x6f\x6d\x65\x41\x6c\
\x74\x49\x63\x6f\x6e\x54\x69\x74\x6c\x65\x22\x3e\x48\x6f\x6d\x65\
\x3c\x2f\x74\x69\x74\x6c\x65\x3e\x20\x3c\x70\x61\x74\x68\x20\x64\
\x3d\x22\x4d\x33\x20\x31\x30\x2e\x31\x38\x32\x56\x32\x32\x68\x31\
\x38\x56\x31\x30\x2e\x31\x38\x32\x4c\x31\x32\x20\x32\x7a\x22\x2f\
\x3e\x20\x3c\x72\x65\x63\x74\x20\x77\x69\x64\x74\x68\x3d\x22\x36\
\x22\x20\x68\x65\x69\x67\x68\x74\x3d\x22\x38\x22\x20\x78\x3d\x22\
\x39\x22\x20\x79\x3d\x22\x31\x34\x22\x2f\x3e\x20\x3c\x2f\x73\x76\
\x67\x3e\
\x00\x00\x02\x2e\
\x3c\
\x73\x76\x67\x20\x72\x6f\x6c\x65\x3d\x22\x69\x6d\x67\x22\x20\x78\
\x6d\x6c\x6e\x73\x3d\x22\x68\x74\x74\x70\x3a\x2f\x2f\x77\x77\x77\
\x2e\x77\x33\x2e\x6f\x72\x67\x2f\x32\x30\x30\x30\x2f\x73\x76\x67\
\x22\x20\x77\x69\x64\x74\x68\x3d\x22\x33\x32\x70\x78\x22\x20\x68\
\x65\x69\x67\x68\x74\x3d\x22\x33\x32\x70\x78\x22\x20\x76\x69\x65\
\x77\x42\x6f\x78\x3d\x22\x30\x20\x30\x20\x32\x34\x20\x32\x34\x22\
\x20\x61\x72\x69\x61\x2d\x6c\x61\x62\x65\x6c\x6c\x65\x64\x62\x79\
\x3d\x22\x77\x69\x66\x69\x49\x63\x6f\x6e\x54\x69\x74\x6c\x65\x22\
\x20\x73\x74\x72\x6f\x6b\x65\x3d\x22\x23\x30\x30\x30\x22\x20\x73\
\x74\x72\x6f\x6b\x65\x2d\x77\x69\x64\x74\x68\x3d\x22\x31\x2e\x35\
\x22\x20\x73\x74\x72\x6f\x6b\x65\x2d\x6c\x69\x6e\x65\x63\x61\x70\
\x3d\x22\x73\x71\x75\x61\x72\x65\x22\x20\x73\x74\x72\x6f\x6b\x65\
\x2d\x6c\x69\x6e\x65\x6a\x6f\x69\x6e\x3d\x22\x6d\x69\x74\x65\x72\
\x22\x20\x66\x69\x6c\x6c\x3d\x22\x6e\x6f\x6e\x65\x22\x20\x63\x6f\
\x6c\x6f\x72\x3d\x22\x23\x30\x30\x30\x22\x3e\x20\x3c\x74\x69\x74\
\x6c\x65\x20\x69\x64\x3d\x22\x77\x69\x66\x69\x49\x63\x6f\x6e\x54\
\x69\x74\x6c\x65\x22\x3e\x57\x69\x2d\x46\x69\x3c\x2f\x74\x69\x74\
\x6c\x65\x3e\x20\x3c\x70\x61\x74\x68\x20\x64\x3d\x22\x4d\x32\x31\
\x2e\x32\x32\x37\x39\x32\x32\x31\x20\x31\x31\x2e\x30\x33\x35\x35\
\x33\x33\x39\x43\x31\x36\x2e\x32\x33\x37\x37\x33\x34\x35\x20\x36\
\x2e\x30\x34\x35\x33\x34\x36\x33\x32\x20\x38\x2e\x31\x34\x37\x30\
\x34\x31\x38\x33\x20\x36\x2e\x30\x34\x35\x33\x34\x36\x33\x32\x20\
\x33\x2e\x31\x35\x36\x38\x35\x34\x32\x35\x20\x31\x31\x2e\x30\x33\
\x35\x35\x33\x33\x39\x4d\x31\x37\x2e\x36\x31\x33\x37\x30\x38\x35\
\x20\x31\x34\x2e\x36\x34\x39\x37\x34\x37\x35\x43\x31\x34\x2e\x36\
\x31\x39\x35\x39\x35\x39\x20\x31\x31\x2e\x36\x35\x35\x36\x33\x34\
\x39\x20\x39\x2e\x37\x36\x35\x31\x38\x30\x33\x36\x20\x31\x31\x2e\
\x36\x35\x35\x36\x33\x34\x39\x20\x36\x2e\x37\x37\x31\x30\x36\x37\
\x38\x31\x20\x31\x34\x2e\x36\x34\x39\x37\x34\x37\x35\x4d\x31\x33\
\x2e\x39\x39\x39\x34\x39\x34\x39\x20\x31\x38\x2e\x32\x36\x33\x39\
\x36\x31\x43\x31\x33\x2e\x30\x30\x31\x34\x35\x37\x34\x20\x31\x37\
\x2e\x32\x36\x35\x39\x32\x33\x35\x20\x31\x31\x2e\x33\x38\x33\x33\
\x31\x38\x39\x20\x31\x37\x2e\x32\x36\x35\x39\x32\x33\x35\x20\x31\
\x30\x2e\x33\x38\x35\x32\x38\x31\x34\x20\x31\x38\x2e\x32\x36\x33\
\x39\x36\x31\x22\x2f\x3e\x20\x3c\x2f\x73\x76\x67\x3e\
\x00\x00\x01\x7e\
\x3c\
\x73\x76\x67\x20\x77\x69\x64\x74\x68\x3d\x22\x33\x32\x70\x78\x22\
\x20\x68\x65\x69\x67\x68\x74\x3d\x22\x33\x32\x70\x78\x22\x20\x76\
\x69\x65\x77\x42\x6f\x78\x3d\x22\x30\x20\x30\x20\x32\x34\x20\x32\
\x34\x22\x20\x66\x69\x6c\x6c\x3d\x22\x6e\x6f\x6e\x65\x22\x20\x78\
\x6d\x6c\x6e\x73\x3d\x22\x68\x74\x74\x70\x3a\x2f\x2f\x77\x77\x77\
\x2e\x77\x33\x2e\x6f\x72\x67\x2f\x32\x30\x30\x30\x2f\x73\x76\x67\
\x22\x20\x61\x72\x69\x61\x2d\x6c\x61\x62\x65\x6c\x6c\x65\x64\x62\
\x79\x3d\x22\x62\x6f\x78\x41\x6c\x74\x32\x49\x63\x6f\x6e\x54\x69\
\x74\x6c\x65\x22\x20\x73\x74\x72\x6f\x6b\x65\x3d\x22\x23\x30\x30\
\x30\x22\x20\x73\x74\x72\x6f\x6b\x65\x2d\x77\x69\x64\x74\x68\x3d\
\x22\x31\x2e\x35\x22\x20\x73\x74\x72\x6f\x6b\x65\x2d\x6c\x69\x6e\
\x65\x63\x61\x70\x3d\x22\x73\x71\x75\x61\x72\x65\x22\x20\x73\x74\
\x72\x6f\x6b\x65\x2d\x6c\x69\x6e\x65\x6a\x6f\x69\x6e\x3d\x22\x6d\
\x69\x74\x65\x72\x22\x20\x63\x6f\x6c\x6f\x72\x3d\x22\x23\x30\x30\
\x30\x22\x3e\x20\x3c\x74\x69\x74\x6c\x65\x20\x69\x64\x3d\x22\x62\
\x6f\x78\x41\x6c\x74\x32\x49\x63\x6f\x6e\x54\x69\x74\x6c\x65\x22\
\x3e\x42\x6f\x78\x3c\x2f\x74\x69\x74\x6c\x65\x3e\x20\x3c\x72\x65\
\x63\x74\x20\x78\x3d\x22\x35\x22\x20\x79\x3d\x22\x39\x22\x20\x77\
\x69\x64\x74\x68\x3d\x22\x31\x34\x22\x20\x68\x65\x69\x67\x68\x74\
\x3d\x22\x31\x31\x22\x2f\x3e\x20\x3c\x72\x65\x63\x74\x20\x77\x69\
\x64\x74\x68\x3d\x22\x31\x36\x22\x20\x68\x65\x69\x67\x68\x74\x3d\
\x22\x34\x22\x20\x74\x72\x61\x6e\x73\x66\x6f\x72\x6d\x3d\x22\x6d\
\x61\x74\x72\x69\x78\x28\x31\x20\x30\x20\x30\x20\x2d\x31\x20\x34\
\x20\x39\x29\x22\x2f\x3e\x20\x3c\x2f\x73\x76\x67\x3e\
\x00\x00\x01\xb2\
\x3c\
\x73\x76\x67\x20\x77\x69\x64\x74\x68\x3d\x22\x33\x32\x70\x78\x22\
\x20\x68\x65\x69\x67\x68\x74\x3d\x22\x33\x32\x70\x78\x22\x20\x76\
\x69\x65\x77\x42\x6f\x78\x3d\x22\x30\x20\x30\x20\x32\x34\x20\x32\
\x34\x22\x20\x66\x69\x6c\x6c\x3d\x22\x6e\x6f\x6e\x65\x22\x20\x78\
\x6d\x6c\x6e\x73\x3d\x22\x68\x74\x74\x70\x3a\x2f\x2f\x77\x77\x77\
\x2e\x77\x33\x2e\x6f\x72\x67\x2f\x32\x30\x30\x30\x2f\x73\x76\x67\
\x22\x20\x61\x72\x69\x61\x2d\x6c\x61\x62\x65\x6c\x6c\x65\x64\x62\
\x79\x3d\x22\x77\x69\x6e\x65\x49\x63\x6f\x6e\x54\x69\x74\x6c\x65\
\x22\x20\x73\x74\x72\x6f\x6b\x65\x3d\x22\x23\x30\x30\x30\x22\x20\
\x73\x74\x72\x6f\x6b\x65\x2d\x77\x69\x64\x74\x68\x3d\x22\x31\x2e\
\x35\x22\x20\x73\x74\x72\x6f\x6b\x65\x2d\x6c\x69\x6e\x65\x63\x61\
\x70\x3d\x22\x73\x71\x75\x61\x72\x65\x22\x20\x73\x74\x72\x6f\x6b\
\x65\x2d\x6c\x69\x6e\x65\x6a\x6f\x69\x6e\x3d\x22\x6d\x69\x74\x65\
\x72\x22\x20\x63\x6f\x6c\x6f\x72\x3d\x22\x23\x30\x30\x30\x22\x3e\
\x20\x3c\x74\x69\x74\x6c\x65\x20\x69\x64\x3d\x22\x77\x69\x6e\x65\
\x49\x63\x6f\x6e\x54\x69\x74\x6c\x65\x22\x3e\x57\x69\x6e\x65\x3c\
\x2f\x74\x69\x74\x6c\x65\x3e\x20\x3c\x70\x61\x74\x68\x20\x64\x3d\
\x22\x4d\x31\x32\x20\x31\x34\x43\x31\x34\x2e\x37\x36\x31\x34\x20\
\x31\x34\x20\x31\x37\x20\x31\x31\x2e\x37\x36\x31\x34\x20\x31\x37\
\x20\x39\x43\x31\x37\x20\x37\x2e\x30\x37\x30\x39\x38\x20\x31\x35\
\x2e\x34\x36\x31\x35\x20\x34\x20\x31\x35\x2e\x34\x36\x31\x35\x20\
\x34\x48\x38\x2e\x35\x33\x38\x34\x36\x43\x38\x2e\x35\x33\x38\x34\
\x36\x20\x34\x20\x37\x20\x36\x2e\x32\x33\x38\x35\x38\x20\x37\x20\
\x39\x43\x37\x20\x31\x31\x2e\x37\x36\x31\x34\x20\x39\x2e\x32\x33\
\x38\x35\x38\x20\x31\x34\x20\x31\x32\x20\x31\x34\x5a\x4d\x31\x32\
\x20\x31\x34\x56\x32\x30\x4d\x31\x32\x20\x32\x30\x48\x38\x4d\x31\
\x32\x20\x32\x30\x48\x31\x36\x22\x2f\x3e\x20\x3c\x2f\x73\x76\x67\
\x3e\
"

qt_resource_name = b"\
\x00\x04\
\x00\x06\xfa\x5e\
\x00\x69\
\x00\x63\x00\x6f\x00\x6e\
\x00\x08\
\x0c\xb9\x28\xdb\
\x00\x73\
\x00\x76\x00\x67\x00\x42\x00\x6c\x00\x61\x00\x63\x00\x6b\
\x00\x08\
\x0b\xb7\x57\x47\
\x00\x66\
\x00\x65\x00\x65\x00\x64\x00\x2e\x00\x73\x00\x76\x00\x67\
\x00\x0c\
\x07\xb5\x02\x47\
\x00\x63\
\x00\x61\x00\x6c\x00\x65\x00\x6e\x00\x64\x00\x61\x00\x72\x00\x2e\x00\x73\x00\x76\x00\x67\
\x00\x0d\
\x00\xc2\x62\x67\
\x00\x68\
\x00\x61\x00\x6d\x00\x62\x00\x75\x00\x72\x00\x67\x00\x65\x00\x72\x00\x2e\x00\x73\x00\x76\x00\x67\
\x00\x0b\
\x06\xa2\xaa\xa7\
\x00\x64\
\x00\x69\x00\x61\x00\x6c\x00\x70\x00\x61\x00\x64\x00\x2e\x00\x73\x00\x76\x00\x67\
\x00\x08\
\x0c\x47\x55\xe7\
\x00\x73\
\x00\x65\x00\x6e\x00\x64\x00\x2e\x00\x73\x00\x76\x00\x67\
\x00\x07\
\x0e\xb5\x5a\x07\
\x00\x68\
\x00\x64\x00\x72\x00\x2e\x00\x73\x00\x76\x00\x67\
\x00\x08\
\x03\x03\x57\x87\
\x00\x63\
\x00\x6c\x00\x69\x00\x70\x00\x2e\x00\x73\x00\x76\x00\x67\
\x00\x09\
\x0c\x98\xb2\x07\
\x00\x6d\
\x00\x6f\x00\x75\x00\x73\x00\x65\x00\x2e\x00\x73\x00\x76\x00\x67\
\x00\x0f\
\x03\xc6\xe9\x87\
\x00\x6e\
\x00\x6f\x00\x74\x00\x2d\x00\x61\x00\x6c\x00\x6c\x00\x6f\x00\x77\x00\x65\x00\x64\x00\x2e\x00\x73\x00\x76\x00\x67\
\x00\x15\
\x0b\xac\xb2\x47\
\x00\x61\
\x00\x72\x00\x72\x00\x6f\x00\x77\x00\x2d\x00\x64\x00\x6f\x00\x77\x00\x6e\x00\x2d\x00\x63\x00\x69\x00\x72\x00\x63\x00\x6c\x00\x65\
\x00\x2e\x00\x73\x00\x76\x00\x67\
\x00\x08\
\x06\x91\x57\x27\
\x00\x68\
\x00\x6f\x00\x72\x00\x6e\x00\x2e\x00\x73\x00\x76\x00\x67\
\x00\x08\
\x02\x7a\x57\x67\
\x00\x66\
\x00\x6c\x00\x61\x00\x67\x00\x2e\x00\x73\x00\x76\x00\x67\
\x00\x0a\
\x0c\xad\x02\x87\
\x00\x64\
\x00\x65\x00\x6c\x00\x65\x00\x74\x00\x65\x00\x2e\x00\x73\x00\x76\x00\x67\
\x00\x19\
\x04\x14\x33\xa7\
\x00\x63\
\x00\x68\x00\x65\x00\x63\x00\x6b\x00\x62\x00\x6f\x00\x78\x00\x2d\x00\x69\x00\x6e\x00\x74\x00\x65\x00\x72\x00\x6d\x00\x65\x00\x64\
\x00\x69\x00\x61\x00\x74\x00\x65\x00\x2e\x00\x73\x00\x76\x00\x67\
\x00\x0f\
\x0d\x70\x37\xa7\
\x00\x63\
\x00\x68\x00\x65\x00\x76\x00\x72\x00\x6f\x00\x6e\x00\x73\x00\x2d\x00\x75\x00\x70\x00\x2e\x00\x73\x00\x76\x00\x67\
\x00\x09\
\x09\xf6\xb3\x47\
\x00\x6d\
\x00\x75\x00\x73\x00\x69\x00\x63\x00\x2e\x00\x73\x00\x76\x00\x67\
\x00\x09\
\x07\xd8\xba\xa7\
\x00\x69\
\x00\x6d\x00\x61\x00\x67\x00\x65\x00\x2e\x00\x73\x00\x76\x00\x67\
\x00\x14\
\x09\x17\x44\x87\
\x00\x74\
\x00\x61\x00\x62\x00\x6c\x00\x65\x00\x2d\x00\x68\x00\x6f\x00\x72\x00\x69\x00\x7a\x00\x6f\x00\x6e\x00\x74\x00\x61\x00\x6c\x00\x2e\
\x00\x73\x00\x76\x00\x67\
\x00\x0e\
\x01\x02\x5d\x87\
\x00\x72\
\x00\x65\x00\x73\x00\x74\x00\x61\x00\x75\x00\x72\x00\x61\x00\x6e\x00\x74\x00\x2e\x00\x73\x00\x76\x00\x67\
\x00\x07\
\x09\x01\x5a\x07\
\x00\x62\
\x00\x69\x00\x6e\x00\x2e\x00\x73\x00\x76\x00\x67\
\x00\x08\
\x07\x9e\x57\xc7\
\x00\x62\
\x00\x61\x00\x63\x00\x6b\x00\x2e\x00\x73\x00\x76\x00\x67\
\x00\x10\
\x0f\xf7\xe8\xa7\
\x00\x70\
\x00\x72\x00\x65\x00\x73\x00\x65\x00\x6e\x00\x74\x00\x61\x00\x74\x00\x69\x00\x6f\x00\x6e\x00\x2e\x00\x73\x00\x76\x00\x67\
\x00\x08\
\x06\x80\x55\x87\
\x00\x73\
\x00\x70\x00\x61\x00\x6d\x00\x2e\x00\x73\x00\x76\x00\x67\
\x00\x10\
\x07\xb0\x93\x47\
\x00\x76\
\x00\x6f\x00\x6c\x00\x75\x00\x6d\x00\x65\x00\x2d\x00\x71\x00\x75\x00\x69\x00\x65\x00\x74\x00\x2e\x00\x73\x00\x76\x00\x67\
\x00\x0b\
\x0c\x6a\x21\xc7\
\x00\x72\
\x00\x65\x00\x66\x00\x72\x00\x65\x00\x73\x00\x68\x00\x2e\x00\x73\x00\x76\x00\x67\
\x00\x10\
\x0f\x28\x30\x07\
\x00\x63\
\x00\x61\x00\x6c\x00\x65\x00\x6e\x00\x64\x00\x61\x00\x72\x00\x2d\x00\x61\x00\x64\x00\x64\x00\x2e\x00\x73\x00\x76\x00\x67\
\x00\x09\
\x0f\xd7\xa9\x07\
\x00\x73\
\x00\x68\x00\x69\x00\x66\x00\x74\x00\x2e\x00\x73\x00\x76\x00\x67\
\x00\x0d\
\x04\xdc\xcd\xa7\
\x00\x62\
\x00\x6c\x00\x75\x00\x65\x00\x74\x00\x6f\x00\x6f\x00\x74\x00\x68\x00\x2e\x00\x73\x00\x76\x00\x67\
\x00\x11\
\x01\x0d\x0f\xe7\
\x00\x73\
\x00\x77\x00\x61\x00\x70\x00\x2d\x00\x76\x00\x65\x00\x72\x00\x74\x00\x69\x00\x63\x00\x61\x00\x6c\x00\x2e\x00\x73\x00\x76\x00\x67\
\
\x00\x0c\
\x0d\x38\x66\xa7\
\x00\x62\
\x00\x61\x00\x63\x00\x6b\x00\x2d\x00\x61\x00\x6c\x00\x74\x00\x2e\x00\x73\x00\x76\x00\x67\
\x00\x07\
\x09\x6b\x5a\x07\
\x00\x62\
\x00\x6f\x00\x78\x00\x2e\x00\x73\x00\x76\x00\x67\
\x00\x08\
\x0a\x85\x55\x87\
\x00\x73\
\x00\x74\x00\x61\x00\x72\x00\x2e\x00\x73\x00\x76\x00\x67\
\x00\x0e\
\x0a\x1a\xa7\x67\
\x00\x6e\
\x00\x69\x00\x67\x00\x68\x00\x74\x00\x2d\x00\x6d\x00\x6f\x00\x64\x00\x65\x00\x2e\x00\x73\x00\x76\x00\x67\
\x00\x0a\
\x07\x2a\x82\x07\
\x00\x70\
\x00\x65\x00\x6f\x00\x70\x00\x6c\x00\x65\x00\x2e\x00\x73\x00\x76\x00\x67\
\x00\x11\
\x02\xc6\x2c\x87\
\x00\x74\
\x00\x72\x00\x65\x00\x6e\x00\x64\x00\x69\x00\x6e\x00\x67\x00\x2d\x00\x64\x00\x6f\x00\x77\x00\x6e\x00\x2e\x00\x73\x00\x76\x00\x67\
\
\x00\x11\
\x02\x0a\xdd\x87\
\x00\x6c\
\x00\x6f\x00\x63\x00\x6b\x00\x2d\x00\x61\x00\x6c\x00\x74\x00\x2d\x00\x6f\x00\x70\x00\x65\x00\x6e\x00\x2e\x00\x73\x00\x76\x00\x67\
\
\x00\x0a\
\x0a\xc8\xf6\x87\
\x00\x66\
\x00\x6f\x00\x6c\x00\x64\x00\x65\x00\x72\x00\x2e\x00\x73\x00\x76\x00\x67\
\x00\x0d\
\x00\x32\x93\xc7\
\x00\x6c\
\x00\x6f\x00\x63\x00\x6b\x00\x2d\x00\x6f\x00\x70\x00\x65\x00\x6e\x00\x2e\x00\x73\x00\x76\x00\x67\
\x00\x10\
\x00\x65\x6f\x27\
\x00\x6c\
\x00\x61\x00\x79\x00\x6f\x00\x75\x00\x74\x00\x2d\x00\x72\x00\x69\x00\x67\x00\x68\x00\x74\x00\x2e\x00\x73\x00\x76\x00\x67\
\x00\x0d\
\x09\xde\xb2\x87\
\x00\x6c\
\x00\x69\x00\x73\x00\x74\x00\x2d\x00\x76\x00\x69\x00\x65\x00\x77\x00\x2e\x00\x73\x00\x76\x00\x67\
\x00\x0e\
\x09\xb1\x2d\x87\
\x00\x76\
\x00\x6f\x00\x6c\x00\x75\x00\x6d\x00\x65\x00\x2d\x00\x6f\x00\x66\x00\x66\x00\x2e\x00\x73\x00\x76\x00\x67\
\x00\x0d\
\x0c\x45\x73\x67\
\x00\x74\
\x00\x75\x00\x72\x00\x6e\x00\x2d\x00\x6c\x00\x65\x00\x66\x00\x74\x00\x2e\x00\x73\x00\x76\x00\x67\
\x00\x07\
\x09\x85\x5a\x07\
\x00\x63\
\x00\x61\x00\x72\x00\x2e\x00\x73\x00\x76\x00\x67\
\x00\x0e\
\x0b\xf2\xcb\xe7\
\x00\x66\
\x00\x6f\x00\x6c\x00\x64\x00\x65\x00\x72\x00\x2d\x00\x61\x00\x64\x00\x64\x00\x2e\x00\x73\x00\x76\x00\x67\
\x00\x08\
\x0b\x07\x57\xa7\
\x00\x65\
\x00\x64\x00\x69\x00\x74\x00\x2e\x00\x73\x00\x76\x00\x67\
\x00\x10\
\x00\xe1\x39\xa7\
\x00\x63\
\x00\x68\x00\x65\x00\x76\x00\x72\x00\x6f\x00\x6e\x00\x2d\x00\x6c\x00\x65\x00\x66\x00\x74\x00\x2e\x00\x73\x00\x76\x00\x67\
\x00\x0b\
\x03\x03\x96\xc7\
\x00\x7a\
\x00\x6f\x00\x6f\x00\x6d\x00\x2d\x00\x69\x00\x6e\x00\x2e\x00\x73\x00\x76\x00\x67\
\x00\x09\
\x08\x48\xb4\x87\
\x00\x70\
\x00\x6c\x00\x61\x00\x6e\x00\x65\x00\x2e\x00\x73\x00\x76\x00\x67\
\x00\x13\
\x04\x26\xb1\xa7\
\x00\x61\
\x00\x72\x00\x72\x00\x6f\x00\x77\x00\x2d\x00\x75\x00\x70\x00\x2d\x00\x63\x00\x69\x00\x72\x00\x63\x00\x6c\x00\x65\x00\x2e\x00\x73\
\x00\x76\x00\x67\
\x00\x08\
\x05\xa8\x57\x87\
\x00\x63\
\x00\x6f\x00\x64\x00\x65\x00\x2e\x00\x73\x00\x76\x00\x67\
\x00\x0c\
\x0d\x7c\x0a\xa7\
\x00\x63\
\x00\x6f\x00\x64\x00\x65\x00\x2d\x00\x61\x00\x6c\x00\x74\x00\x2e\x00\x73\x00\x76\x00\x67\
\x00\x0e\
\x06\xb0\x07\x27\
\x00\x65\
\x00\x79\x00\x65\x00\x2d\x00\x63\x00\x6c\x00\x6f\x00\x73\x00\x65\x00\x64\x00\x2e\x00\x73\x00\x76\x00\x67\
\x00\x11\
\x04\x78\x6f\xc7\
\x00\x73\
\x00\x68\x00\x61\x00\x72\x00\x65\x00\x2d\x00\x61\x00\x6e\x00\x64\x00\x72\x00\x6f\x00\x69\x00\x64\x00\x2e\x00\x73\x00\x76\x00\x67\
\
\x00\x07\
\x01\xcc\x5a\x27\
\x00\x6b\
\x00\x65\x00\x79\x00\x2e\x00\x73\x00\x76\x00\x67\
\x00\x0d\
\x09\xbe\x82\x47\
\x00\x66\
\x00\x61\x00\x76\x00\x6f\x00\x75\x00\x72\x00\x69\x00\x74\x00\x65\x00\x2e\x00\x73\x00\x76\x00\x67\
\x00\x0d\
\x01\xde\xaf\xc7\
\x00\x6c\
\x00\x69\x00\x67\x00\x68\x00\x74\x00\x62\x00\x75\x00\x6c\x00\x62\x00\x2e\x00\x73\x00\x76\x00\x67\
\x00\x09\
\x0d\xc5\xb4\x07\
\x00\x70\
\x00\x6f\x00\x77\x00\x65\x00\x72\x00\x2e\x00\x73\x00\x76\x00\x67\
\x00\x12\
\x09\x16\xc6\xa7\
\x00\x62\
\x00\x61\x00\x74\x00\x74\x00\x65\x00\x72\x00\x79\x00\x2d\x00\x6d\x00\x65\x00\x64\x00\x69\x00\x75\x00\x6d\x00\x2e\x00\x73\x00\x76\
\x00\x67\
\x00\x10\
\x01\xa6\xff\xa7\
\x00\x62\
\x00\x61\x00\x74\x00\x74\x00\x65\x00\x72\x00\x79\x00\x2d\x00\x66\x00\x75\x00\x6c\x00\x6c\x00\x2e\x00\x73\x00\x76\x00\x67\
\x00\x09\
\x08\xb6\x89\xc7\
\x00\x63\
\x00\x61\x00\x72\x00\x64\x00\x73\x00\x2e\x00\x73\x00\x76\x00\x67\
\x00\x08\
\x0b\x63\x55\x87\
\x00\x73\
\x00\x74\x00\x6f\x00\x70\x00\x2e\x00\x73\x00\x76\x00\x67\
\x00\x08\
\x08\x01\x55\xc7\
\x00\x72\
\x00\x61\x00\x69\x00\x6e\x00\x2e\x00\x73\x00\x76\x00\x67\
\x00\x0c\
\x07\x84\xda\x27\
\x00\x65\
\x00\x6c\x00\x6c\x00\x79\x00\x70\x00\x73\x00\x69\x00\x73\x00\x2e\x00\x73\x00\x76\x00\x67\
\x00\x09\
\x03\xc5\xac\xc7\
\x00\x74\
\x00\x69\x00\x6d\x00\x65\x00\x72\x00\x2e\x00\x73\x00\x76\x00\x67\
\x00\x0e\
\x0d\x16\x8b\xc7\
\x00\x6d\
\x00\x69\x00\x63\x00\x72\x00\x6f\x00\x70\x00\x68\x00\x6f\x00\x6e\x00\x65\x00\x2e\x00\x73\x00\x76\x00\x67\
\x00\x0b\
\x0d\xd7\xad\x47\
\x00\x73\
\x00\x68\x00\x75\x00\x66\x00\x66\x00\x6c\x00\x65\x00\x2e\x00\x73\x00\x76\x00\x67\
\x00\x07\
\x0b\x85\x5a\x07\
\x00\x65\
\x00\x61\x00\x72\x00\x2e\x00\x73\x00\x76\x00\x67\
\x00\x0b\
\x08\xe5\x8c\xa7\
\x00\x62\
\x00\x6f\x00\x78\x00\x2d\x00\x61\x00\x6c\x00\x74\x00\x2e\x00\x73\x00\x76\x00\x67\
\x00\x0a\
\x05\x78\xd4\xa7\
\x00\x75\
\x00\x70\x00\x6c\x00\x6f\x00\x61\x00\x64\x00\x2e\x00\x73\x00\x76\x00\x67\
\x00\x0c\
\x09\x1f\x2b\xc7\
\x00\x65\
\x00\x6e\x00\x74\x00\x72\x00\x61\x00\x6e\x00\x63\x00\x65\x00\x2e\x00\x73\x00\x76\x00\x67\
\x00\x0c\
\x0b\x9c\xdc\x67\
\x00\x74\
\x00\x68\x00\x75\x00\x6d\x00\x62\x00\x2d\x00\x75\x00\x70\x00\x2e\x00\x73\x00\x76\x00\x67\
\x00\x0c\
\x0a\x5c\x66\xa7\
\x00\x6c\
\x00\x6f\x00\x63\x00\x6b\x00\x2d\x00\x61\x00\x6c\x00\x74\x00\x2e\x00\x73\x00\x76\x00\x67\
\x00\x0b\
\x08\xe4\x50\xa7\
\x00\x63\
\x00\x61\x00\x72\x00\x2d\x00\x61\x00\x6c\x00\x74\x00\x2e\x00\x73\x00\x76\x00\x67\
\x00\x07\
\x06\x81\x5a\x27\
\x00\x70\
\x00\x61\x00\x6e\x00\x2e\x00\x73\x00\x76\x00\x67\
\x00\x0c\
\x05\xa2\x9e\xa7\
\x00\x62\
\x00\x6f\x00\x6f\x00\x6b\x00\x6d\x00\x61\x00\x72\x00\x6b\x00\x2e\x00\x73\x00\x76\x00\x67\
\x00\x0e\
\x0d\x61\xb6\x27\
\x00\x62\
\x00\x72\x00\x69\x00\x67\x00\x68\x00\x74\x00\x6e\x00\x65\x00\x73\x00\x73\x00\x2e\x00\x73\x00\x76\x00\x67\
\x00\x10\
\x03\x84\x59\x07\
\x00\x63\
\x00\x6c\x00\x6f\x00\x75\x00\x64\x00\x2d\x00\x75\x00\x70\x00\x6c\x00\x6f\x00\x61\x00\x64\x00\x2e\x00\x73\x00\x76\x00\x67\
\x00\x0b\
\x04\x37\x88\x27\
\x00\x73\
\x00\x6f\x00\x72\x00\x74\x00\x2d\x00\x75\x00\x70\x00\x2e\x00\x73\x00\x76\x00\x67\
\x00\x0f\
\x0c\x17\x75\xc7\
\x00\x63\
\x00\x61\x00\x6d\x00\x65\x00\x72\x00\x61\x00\x2d\x00\x72\x00\x65\x00\x61\x00\x72\x00\x2e\x00\x73\x00\x76\x00\x67\
\x00\x0b\
\x0e\x1c\x2b\x87\
\x00\x66\
\x00\x65\x00\x61\x00\x74\x00\x68\x00\x65\x00\x72\x00\x2e\x00\x73\x00\x76\x00\x67\
\x00\x0a\
\x0c\x91\x6a\xa7\
\x00\x63\
\x00\x61\x00\x6d\x00\x65\x00\x72\x00\x61\x00\x2e\x00\x73\x00\x76\x00\x67\
\x00\x10\
\x0d\x3e\xb8\xe7\
\x00\x70\
\x00\x61\x00\x75\x00\x73\x00\x65\x00\x2d\x00\x63\x00\x69\x00\x72\x00\x63\x00\x6c\x00\x65\x00\x2e\x00\x73\x00\x76\x00\x67\
\x00\x0a\
\x0a\xc8\xfa\xa7\
\x00\x66\
\x00\x69\x00\x6c\x00\x74\x00\x65\x00\x72\x00\x2e\x00\x73\x00\x76\x00\x67\
\x00\x08\
\x09\x63\x57\x87\
\x00\x63\
\x00\x72\x00\x6f\x00\x70\x00\x2e\x00\x73\x00\x76\x00\x67\
\x00\x0b\
\x00\xbe\x89\xa7\
\x00\x73\
\x00\x6f\x00\x72\x00\x74\x00\x69\x00\x6e\x00\x67\x00\x2e\x00\x73\x00\x76\x00\x67\
\x00\x12\
\x09\x12\xae\x87\
\x00\x61\
\x00\x72\x00\x72\x00\x6f\x00\x77\x00\x2d\x00\x6c\x00\x65\x00\x66\x00\x74\x00\x2d\x00\x74\x00\x6f\x00\x70\x00\x2e\x00\x73\x00\x76\
\x00\x67\
\x00\x0d\
\x03\x35\x2f\x47\
\x00\x73\
\x00\x75\x00\x6e\x00\x2d\x00\x63\x00\x6c\x00\x6f\x00\x75\x00\x64\x00\x2e\x00\x73\x00\x76\x00\x67\
\x00\x0d\
\x09\xd4\xd0\x47\
\x00\x65\
\x00\x78\x00\x74\x00\x65\x00\x6e\x00\x73\x00\x69\x00\x6f\x00\x6e\x00\x2e\x00\x73\x00\x76\x00\x67\
\x00\x10\
\x0e\x27\x35\x87\
\x00\x70\
\x00\x72\x00\x65\x00\x76\x00\x69\x00\x6f\x00\x75\x00\x73\x00\x2d\x00\x61\x00\x6c\x00\x74\x00\x2e\x00\x73\x00\x76\x00\x67\
\x00\x0e\
\x02\xcb\xd1\x27\
\x00\x62\
\x00\x61\x00\x63\x00\x6b\x00\x2d\x00\x72\x00\x69\x00\x67\x00\x68\x00\x74\x00\x2e\x00\x73\x00\x76\x00\x67\
\x00\x08\
\x05\x6a\x55\x87\
\x00\x73\
\x00\x6e\x00\x6f\x00\x77\x00\x2e\x00\x73\x00\x76\x00\x67\
\x00\x06\
\x07\xb9\x5a\xc7\
\x00\x74\
\x00\x76\x00\x2e\x00\x73\x00\x76\x00\x67\
\x00\x09\
\x08\xb6\xaf\x87\
\x00\x73\
\x00\x74\x00\x61\x00\x74\x00\x73\x00\x2e\x00\x73\x00\x76\x00\x67\
\x00\x15\
\x00\xfb\x8e\x07\
\x00\x65\
\x00\x6c\x00\x6c\x00\x79\x00\x70\x00\x73\x00\x69\x00\x73\x00\x2d\x00\x76\x00\x65\x00\x72\x00\x74\x00\x69\x00\x63\x00\x61\x00\x6c\
\x00\x2e\x00\x73\x00\x76\x00\x67\
\x00\x0f\
\x0f\x7e\x33\xc7\
\x00\x62\
\x00\x6f\x00\x6f\x00\x6b\x00\x2d\x00\x6f\x00\x70\x00\x65\x00\x6e\x00\x65\x00\x64\x00\x2e\x00\x73\x00\x76\x00\x67\
\x00\x08\
\x08\x9b\x57\x07\
\x00\x68\
\x00\x61\x00\x73\x00\x68\x00\x2e\x00\x73\x00\x76\x00\x67\
\x00\x10\
\x02\xcb\x32\x47\
\x00\x63\
\x00\x68\x00\x61\x00\x74\x00\x2d\x00\x77\x00\x61\x00\x72\x00\x6e\x00\x69\x00\x6e\x00\x67\x00\x2e\x00\x73\x00\x76\x00\x67\
\x00\x09\
\x0b\x02\xaa\x27\
\x00\x72\
\x00\x61\x00\x64\x00\x69\x00\x6f\x00\x2e\x00\x73\x00\x76\x00\x67\
\x00\x07\
\x0a\xc7\x5a\x07\
\x00\x63\
\x00\x75\x00\x74\x00\x2e\x00\x73\x00\x76\x00\x67\
\x00\x0d\
\x0f\xb7\x4b\x47\
\x00\x73\
\x00\x68\x00\x61\x00\x72\x00\x65\x00\x2d\x00\x69\x00\x6f\x00\x73\x00\x2e\x00\x73\x00\x76\x00\x67\
\x00\x0a\
\x04\x70\x65\x07\
\x00\x73\
\x00\x69\x00\x67\x00\x6e\x00\x61\x00\x6c\x00\x2e\x00\x73\x00\x76\x00\x67\
\x00\x0e\
\x08\x07\x35\xc7\
\x00\x6c\
\x00\x69\x00\x6e\x00\x65\x00\x2d\x00\x63\x00\x68\x00\x61\x00\x72\x00\x74\x00\x2e\x00\x73\x00\x76\x00\x67\
\x00\x08\
\x0b\xb2\x55\xc7\
\x00\x72\
\x00\x65\x00\x64\x00\x6f\x00\x2e\x00\x73\x00\x76\x00\x67\
\x00\x0e\
\x08\xfa\x38\xa7\
\x00\x61\
\x00\x72\x00\x72\x00\x6f\x00\x77\x00\x2d\x00\x6c\x00\x65\x00\x66\x00\x74\x00\x2e\x00\x73\x00\x76\x00\x67\
\x00\x0b\
\x0c\x42\x9c\x07\
\x00\x63\
\x00\x6f\x00\x6c\x00\x6f\x00\x75\x00\x72\x00\x73\x00\x2e\x00\x73\x00\x76\x00\x67\
\x00\x08\
\x00\x28\x57\x67\
\x00\x66\
\x00\x69\x00\x6c\x00\x65\x00\x2e\x00\x73\x00\x76\x00\x67\
\x00\x11\
\x08\xba\x21\xe7\
\x00\x63\
\x00\x68\x00\x65\x00\x76\x00\x72\x00\x6f\x00\x6e\x00\x73\x00\x2d\x00\x6c\x00\x65\x00\x66\x00\x74\x00\x2e\x00\x73\x00\x76\x00\x67\
\
\x00\x17\
\x0b\x7b\xd8\xc7\
\x00\x61\
\x00\x63\x00\x63\x00\x65\x00\x73\x00\x73\x00\x69\x00\x62\x00\x69\x00\x6c\x00\x69\x00\x74\x00\x79\x00\x2d\x00\x68\x00\x75\x00\x6d\
\x00\x61\x00\x6e\x00\x2e\x00\x73\x00\x76\x00\x67\
\x00\x0b\
\x09\x1a\x0b\x87\
\x00\x67\
\x00\x6c\x00\x61\x00\x73\x00\x73\x00\x65\x00\x73\x00\x2e\x00\x73\x00\x76\x00\x67\
\x00\x0b\
\x0c\x4d\x4d\x87\
\x00\x62\
\x00\x61\x00\x74\x00\x74\x00\x65\x00\x72\x00\x79\x00\x2e\x00\x73\x00\x76\x00\x67\
\x00\x10\
\x05\x18\xfa\x87\
\x00\x73\
\x00\x75\x00\x69\x00\x74\x00\x63\x00\x61\x00\x73\x00\x65\x00\x2d\x00\x61\x00\x6c\x00\x74\x00\x2e\x00\x73\x00\x76\x00\x67\
\x00\x07\
\x03\x83\x5a\x27\
\x00\x6d\
\x00\x61\x00\x70\x00\x2e\x00\x73\x00\x76\x00\x67\
\x00\x0c\
\x0e\x18\xfa\x47\
\x00\x6d\
\x00\x69\x00\x6e\x00\x69\x00\x6d\x00\x69\x00\x73\x00\x65\x00\x2e\x00\x73\x00\x76\x00\x67\
\x00\x08\
\x00\x4e\x54\xa7\
\x00\x6c\
\x00\x69\x00\x6e\x00\x6b\x00\x2e\x00\x73\x00\x76\x00\x67\
\x00\x0c\
\x0b\x7a\xed\xe7\
\x00\x63\
\x00\x6f\x00\x6e\x00\x74\x00\x72\x00\x6f\x00\x6c\x00\x73\x00\x2e\x00\x73\x00\x76\x00\x67\
\x00\x09\
\x08\x90\x8a\x87\
\x00\x61\
\x00\x6c\x00\x61\x00\x72\x00\x6d\x00\x2e\x00\x73\x00\x76\x00\x67\
\x00\x07\
\x06\xc1\x5a\x27\
\x00\x70\
\x00\x65\x00\x6e\x00\x2e\x00\x73\x00\x76\x00\x67\
\x00\x0c\
\x0d\x0a\x54\xa7\
\x00\x63\
\x00\x68\x00\x61\x00\x74\x00\x2d\x00\x61\x00\x6c\x00\x74\x00\x2e\x00\x73\x00\x76\x00\x67\
\x00\x09\
\x08\x01\xad\xc7\
\x00\x74\
\x00\x72\x00\x61\x00\x69\x00\x6e\x00\x2e\x00\x73\x00\x76\x00\x67\
\x00\x0d\
\x0f\x55\x0b\xa7\
\x00\x72\
\x00\x65\x00\x63\x00\x74\x00\x61\x00\x6e\x00\x67\x00\x6c\x00\x65\x00\x2e\x00\x73\x00\x76\x00\x67\
\x00\x07\
\x0a\xc1\x5a\x27\
\x00\x73\
\x00\x75\x00\x6e\x00\x2e\x00\x73\x00\x76\x00\x67\
\x00\x0a\
\x08\xab\x77\x87\
\x00\x72\
\x00\x6f\x00\x74\x00\x61\x00\x74\x00\x65\x00\x2e\x00\x73\x00\x76\x00\x67\
\x00\x0b\
\x06\x92\xaa\x47\
\x00\x64\
\x00\x69\x00\x61\x00\x6d\x00\x6f\x00\x6e\x00\x64\x00\x2e\x00\x73\x00\x76\x00\x67\
\x00\x0d\
\x05\xe3\x1a\x07\
\x00\x6f\
\x00\x6b\x00\x2d\x00\x63\x00\x69\x00\x72\x00\x63\x00\x6c\x00\x65\x00\x2e\x00\x73\x00\x76\x00\x67\
\x00\x0f\
\x09\xc3\xc4\x67\
\x00\x65\
\x00\x79\x00\x65\x00\x2d\x00\x63\x00\x72\x00\x6f\x00\x73\x00\x73\x00\x65\x00\x64\x00\x2e\x00\x73\x00\x76\x00\x67\
\x00\x0e\
\x0e\x2b\x18\x87\
\x00\x61\
\x00\x6c\x00\x69\x00\x67\x00\x6e\x00\x2d\x00\x6c\x00\x65\x00\x66\x00\x74\x00\x2e\x00\x73\x00\x76\x00\x67\
\x00\x09\
\x05\xc6\xb2\xc7\
\x00\x6d\
\x00\x69\x00\x6e\x00\x75\x00\x73\x00\x2e\x00\x73\x00\x76\x00\x67\
\x00\x0f\
\x01\x30\x2f\x27\
\x00\x76\
\x00\x6f\x00\x6c\x00\x75\x00\x6d\x00\x65\x00\x2d\x00\x6c\x00\x6f\x00\x75\x00\x64\x00\x2e\x00\x73\x00\x76\x00\x67\
\x00\x13\
\x08\xfd\x1e\x27\
\x00\x61\
\x00\x72\x00\x72\x00\x6f\x00\x77\x00\x2d\x00\x72\x00\x69\x00\x67\x00\x68\x00\x74\x00\x2d\x00\x74\x00\x6f\x00\x70\x00\x2e\x00\x73\
\x00\x76\x00\x67\
\x00\x0b\
\x0e\xca\x0e\x27\
\x00\x6f\
\x00\x63\x00\x74\x00\x61\x00\x67\x00\x6f\x00\x6e\x00\x2e\x00\x73\x00\x76\x00\x67\
\x00\x0b\
\x06\x46\x4f\xa7\
\x00\x68\
\x00\x69\x00\x73\x00\x74\x00\x6f\x00\x72\x00\x79\x00\x2e\x00\x73\x00\x76\x00\x67\
\x00\x10\
\x00\x40\x85\xa7\
\x00\x65\
\x00\x6e\x00\x76\x00\x65\x00\x6c\x00\x6f\x00\x70\x00\x65\x00\x2d\x00\x61\x00\x6c\x00\x74\x00\x2e\x00\x73\x00\x76\x00\x67\
\x00\x09\
\x0a\x9b\xa1\xc7\
\x00\x77\
\x00\x61\x00\x74\x00\x63\x00\x68\x00\x2e\x00\x73\x00\x76\x00\x67\
\x00\x0c\
\x0c\x51\x3b\x67\
\x00\x61\
\x00\x63\x00\x74\x00\x69\x00\x76\x00\x69\x00\x74\x00\x79\x00\x2e\x00\x73\x00\x76\x00\x67\
\x00\x08\
\x00\xa7\x54\xa7\
\x00\x6c\
\x00\x69\x00\x73\x00\x74\x00\x2e\x00\x73\x00\x76\x00\x67\
\x00\x10\
\x0b\x38\x7d\x67\
\x00\x72\
\x00\x61\x00\x64\x00\x69\x00\x6f\x00\x2d\x00\x62\x00\x75\x00\x74\x00\x74\x00\x6f\x00\x6e\x00\x2e\x00\x73\x00\x76\x00\x67\
\x00\x0e\
\x09\x6c\xd5\xe7\
\x00\x62\
\x00\x61\x00\x73\x00\x6b\x00\x65\x00\x74\x00\x62\x00\x61\x00\x6c\x00\x6c\x00\x2e\x00\x73\x00\x76\x00\x67\
\x00\x0a\
\x06\x4a\x57\x27\
\x00\x69\
\x00\x70\x00\x68\x00\x6f\x00\x6e\x00\x65\x00\x2e\x00\x73\x00\x76\x00\x67\
\x00\x0e\
\x05\x57\x29\xa7\
\x00\x73\
\x00\x6d\x00\x61\x00\x72\x00\x74\x00\x70\x00\x68\x00\x6f\x00\x6e\x00\x65\x00\x2e\x00\x73\x00\x76\x00\x67\
\x00\x10\
\x00\x86\x8e\x67\
\x00\x6e\
\x00\x65\x00\x75\x00\x74\x00\x72\x00\x61\x00\x6c\x00\x2d\x00\x66\x00\x61\x00\x63\x00\x65\x00\x2e\x00\x73\x00\x76\x00\x67\
\x00\x0e\
\x0b\xff\xba\xc7\
\x00\x73\
\x00\x69\x00\x67\x00\x6e\x00\x61\x00\x6c\x00\x2d\x00\x61\x00\x6c\x00\x74\x00\x2e\x00\x73\x00\x76\x00\x67\
\x00\x19\
\x07\x71\xc3\x87\
\x00\x72\
\x00\x61\x00\x64\x00\x69\x00\x6f\x00\x2d\x00\x62\x00\x75\x00\x74\x00\x74\x00\x6f\x00\x6e\x00\x2d\x00\x73\x00\x65\x00\x6c\x00\x65\
\x00\x63\x00\x74\x00\x65\x00\x64\x00\x2e\x00\x73\x00\x76\x00\x67\
\x00\x08\
\x04\xd2\x54\xc7\
\x00\x69\
\x00\x6e\x00\x66\x00\x6f\x00\x2e\x00\x73\x00\x76\x00\x67\
\x00\x0a\
\x08\x94\x6d\xc7\
\x00\x73\
\x00\x65\x00\x61\x00\x72\x00\x63\x00\x68\x00\x2e\x00\x73\x00\x76\x00\x67\
\x00\x09\
\x0c\x2f\xae\x87\
\x00\x73\
\x00\x6b\x00\x75\x00\x6c\x00\x6c\x00\x2e\x00\x73\x00\x76\x00\x67\
\x00\x0d\
\x01\x87\xef\xc7\
\x00\x74\
\x00\x72\x00\x61\x00\x6e\x00\x73\x00\x70\x00\x6f\x00\x72\x00\x74\x00\x2e\x00\x73\x00\x76\x00\x67\
\x00\x0c\
\x0a\x56\x14\xa7\
\x00\x6c\
\x00\x69\x00\x73\x00\x74\x00\x2d\x00\x61\x00\x6c\x00\x74\x00\x2e\x00\x73\x00\x76\x00\x67\
\x00\x0e\
\x09\x67\xe3\x07\
\x00\x74\
\x00\x68\x00\x75\x00\x6d\x00\x62\x00\x2d\x00\x64\x00\x6f\x00\x77\x00\x6e\x00\x2e\x00\x73\x00\x76\x00\x67\
\x00\x0f\
\x0c\x57\x3d\xa7\
\x00\x74\
\x00\x72\x00\x65\x00\x6e\x00\x64\x00\x69\x00\x6e\x00\x67\x00\x2d\x00\x75\x00\x70\x00\x2e\x00\x73\x00\x76\x00\x67\
\x00\x0a\
\x0c\x28\x67\x27\
\x00\x73\
\x00\x68\x00\x69\x00\x65\x00\x6c\x00\x64\x00\x2e\x00\x73\x00\x76\x00\x67\
\x00\x0c\
\x08\x37\xc0\xc7\
\x00\x70\
\x00\x72\x00\x65\x00\x76\x00\x69\x00\x6f\x00\x75\x00\x73\x00\x2e\x00\x73\x00\x76\x00\x67\
\x00\x0b\
\x0a\x30\xa2\x47\
\x00\x74\
\x00\x68\x00\x75\x00\x6e\x00\x64\x00\x65\x00\x72\x00\x2e\x00\x73\x00\x76\x00\x67\
\x00\x0e\
\x04\xd5\xd5\xc7\
\x00\x74\
\x00\x75\x00\x72\x00\x6e\x00\x2d\x00\x72\x00\x69\x00\x67\x00\x68\x00\x74\x00\x2e\x00\x73\x00\x76\x00\x67\
\x00\x08\
\x08\x97\x57\xe7\
\x00\x63\
\x00\x61\x00\x72\x00\x74\x00\x2e\x00\x73\x00\x76\x00\x67\
\x00\x0a\
\x0f\x68\x53\xe7\
\x00\x61\
\x00\x6e\x00\x63\x00\x68\x00\x6f\x00\x72\x00\x2e\x00\x73\x00\x76\x00\x67\
\x00\x12\
\x04\x99\x54\x07\
\x00\x64\
\x00\x69\x00\x72\x00\x65\x00\x63\x00\x74\x00\x69\x00\x6f\x00\x6e\x00\x2d\x00\x6c\x00\x65\x00\x66\x00\x74\x00\x2e\x00\x73\x00\x76\
\x00\x67\
\x00\x08\
\x06\x61\x54\x47\
\x00\x6d\
\x00\x6f\x00\x6f\x00\x6e\x00\x2e\x00\x73\x00\x76\x00\x67\
\x00\x0c\
\x0b\xdf\x2c\xc7\
\x00\x73\
\x00\x65\x00\x74\x00\x74\x00\x69\x00\x6e\x00\x67\x00\x73\x00\x2e\x00\x73\x00\x76\x00\x67\
\x00\x09\
\x0a\xc2\xa3\x27\
\x00\x76\
\x00\x69\x00\x64\x00\x65\x00\x6f\x00\x2e\x00\x73\x00\x76\x00\x67\
\x00\x0b\
\x0b\x36\xcd\x67\
\x00\x72\
\x00\x65\x00\x74\x00\x77\x00\x65\x00\x65\x00\x74\x00\x2e\x00\x73\x00\x76\x00\x67\
\x00\x08\
\x00\x30\x57\x67\
\x00\x66\
\x00\x69\x00\x6c\x00\x6d\x00\x2e\x00\x73\x00\x76\x00\x67\
\x00\x0d\
\x09\xa0\x08\x47\
\x00\x73\
\x00\x77\x00\x69\x00\x74\x00\x63\x00\x68\x00\x2d\x00\x6f\x00\x6e\x00\x2e\x00\x73\x00\x76\x00\x67\
\x00\x0c\
\x0e\xe9\xba\x47\
\x00\x6d\
\x00\x61\x00\x78\x00\x69\x00\x6d\x00\x69\x00\x73\x00\x65\x00\x2e\x00\x73\x00\x76\x00\x67\
\x00\x0a\
\x0e\x0f\x8b\x27\
\x00\x6f\
\x00\x72\x00\x69\x00\x67\x00\x69\x00\x6e\x00\x2e\x00\x73\x00\x76\x00\x67\
\x00\x0c\
\x08\xba\xbd\x47\
\x00\x73\
\x00\x61\x00\x64\x00\x2d\x00\x66\x00\x61\x00\x63\x00\x65\x00\x2e\x00\x73\x00\x76\x00\x67\
\x00\x0d\
\x05\x67\x28\xc7\
\x00\x70\
\x00\x69\x00\x65\x00\x2d\x00\x63\x00\x68\x00\x61\x00\x72\x00\x74\x00\x2e\x00\x73\x00\x76\x00\x67\
\x00\x0d\
\x06\x7f\x47\x27\
\x00\x68\
\x00\x6f\x00\x75\x00\x72\x00\x67\x00\x6c\x00\x61\x00\x73\x00\x73\x00\x2e\x00\x73\x00\x76\x00\x67\
\x00\x08\
\x0c\xe6\x54\x47\
\x00\x6e\
\x00\x65\x00\x77\x00\x73\x00\x2e\x00\x73\x00\x76\x00\x67\
\x00\x0e\
\x06\x13\x94\xc7\
\x00\x74\
\x00\x79\x00\x70\x00\x6f\x00\x67\x00\x72\x00\x61\x00\x70\x00\x68\x00\x79\x00\x2e\x00\x73\x00\x76\x00\x67\
\x00\x0c\
\x09\xd0\x77\x87\
\x00\x61\
\x00\x72\x00\x72\x00\x6f\x00\x77\x00\x2d\x00\x75\x00\x70\x00\x2e\x00\x73\x00\x76\x00\x67\
\x00\x07\
\x08\x7a\x5a\x07\
\x00\x62\
\x00\x61\x00\x67\x00\x2e\x00\x73\x00\x76\x00\x67\
\x00\x08\
\x06\x5e\x57\xe7\
\x00\x62\
\x00\x6f\x00\x6f\x00\x6b\x00\x2e\x00\x73\x00\x76\x00\x67\
\x00\x0b\
\x08\x5d\x89\x67\
\x00\x66\
\x00\x6f\x00\x72\x00\x77\x00\x61\x00\x72\x00\x64\x00\x2e\x00\x73\x00\x76\x00\x67\
\x00\x08\
\x08\xc8\x55\xe7\
\x00\x73\
\x00\x61\x00\x76\x00\x65\x00\x2e\x00\x73\x00\x76\x00\x67\
\x00\x08\
\x0e\x87\x57\xe7\
\x00\x63\
\x00\x68\x00\x61\x00\x74\x00\x2e\x00\x73\x00\x76\x00\x67\
\x00\x07\
\x0a\xc3\x5a\x07\
\x00\x63\
\x00\x75\x00\x70\x00\x2e\x00\x73\x00\x76\x00\x67\
\x00\x11\
\x0e\x7b\x3f\xe7\
\x00\x73\
\x00\x69\x00\x67\x00\x6e\x00\x2d\x00\x6c\x00\x61\x00\x6e\x00\x67\x00\x75\x00\x61\x00\x67\x00\x65\x00\x2e\x00\x73\x00\x76\x00\x67\
\
\x00\x08\
\x05\x9e\x54\xa7\
\x00\x6c\
\x00\x6f\x00\x63\x00\x6b\x00\x2e\x00\x73\x00\x76\x00\x67\
\x00\x08\
\x00\x38\x55\xa7\
\x00\x74\
\x00\x69\x00\x6d\x00\x65\x00\x2e\x00\x73\x00\x76\x00\x67\
\x00\x08\
\x00\x18\x57\xe7\
\x00\x62\
\x00\x69\x00\x6b\x00\x65\x00\x2e\x00\x73\x00\x76\x00\x67\
\x00\x15\
\x09\x6f\xd5\xe7\
\x00\x61\
\x00\x72\x00\x72\x00\x6f\x00\x77\x00\x2d\x00\x6c\x00\x65\x00\x66\x00\x74\x00\x2d\x00\x63\x00\x69\x00\x72\x00\x63\x00\x6c\x00\x65\
\x00\x2e\x00\x73\x00\x76\x00\x67\
\x00\x0c\
\x05\x40\x22\x67\
\x00\x6e\
\x00\x6f\x00\x2d\x00\x65\x00\x6e\x00\x74\x00\x72\x00\x79\x00\x2e\x00\x73\x00\x76\x00\x67\
\x00\x10\
\x06\xf8\x19\x87\
\x00\x61\
\x00\x6c\x00\x69\x00\x67\x00\x6e\x00\x2d\x00\x63\x00\x65\x00\x6e\x00\x74\x00\x65\x00\x72\x00\x2e\x00\x73\x00\x76\x00\x67\
\x00\x0a\
\x0b\x6d\x0a\x27\
\x00\x6c\
\x00\x61\x00\x70\x00\x74\x00\x6f\x00\x70\x00\x2e\x00\x73\x00\x76\x00\x67\
\x00\x0a\
\x0d\xc8\x0a\x47\
\x00\x64\
\x00\x61\x00\x6e\x00\x67\x00\x65\x00\x72\x00\x2e\x00\x73\x00\x76\x00\x67\
\x00\x08\
\x0c\xf7\x54\x47\
\x00\x6e\
\x00\x65\x00\x78\x00\x74\x00\x2e\x00\x73\x00\x76\x00\x67\
\x00\x10\
\x02\xb4\x24\x87\
\x00\x63\
\x00\x6f\x00\x6e\x00\x74\x00\x61\x00\x63\x00\x74\x00\x2d\x00\x62\x00\x6f\x00\x6f\x00\x6b\x00\x2e\x00\x73\x00\x76\x00\x67\
\x00\x0b\
\x08\xc3\xae\xa7\
\x00\x74\
\x00\x61\x00\x67\x00\x2d\x00\x61\x00\x6c\x00\x74\x00\x2e\x00\x73\x00\x76\x00\x67\
\x00\x0f\
\x0b\x0e\x68\xc7\
\x00\x6c\
\x00\x61\x00\x79\x00\x6f\x00\x75\x00\x74\x00\x2d\x00\x6c\x00\x65\x00\x66\x00\x74\x00\x2e\x00\x73\x00\x76\x00\x67\
\x00\x07\
\x0d\x07\x5a\x07\
\x00\x66\
\x00\x69\x00\x74\x00\x2e\x00\x73\x00\x76\x00\x67\
\x00\x0e\
\x0d\x7d\x16\x67\
\x00\x77\
\x00\x68\x00\x65\x00\x65\x00\x6c\x00\x63\x00\x68\x00\x61\x00\x69\x00\x72\x00\x2e\x00\x73\x00\x76\x00\x67\
\x00\x08\
\x09\x63\x57\xa7\
\x00\x64\
\x00\x72\x00\x6f\x00\x70\x00\x2e\x00\x73\x00\x76\x00\x67\
\x00\x0c\
\x05\x1c\x8f\xe7\
\x00\x63\
\x00\x72\x00\x6f\x00\x73\x00\x73\x00\x69\x00\x6e\x00\x67\x00\x2e\x00\x73\x00\x76\x00\x67\
\x00\x0e\
\x09\xdc\x73\xe7\
\x00\x73\
\x00\x77\x00\x69\x00\x74\x00\x63\x00\x68\x00\x2d\x00\x6f\x00\x66\x00\x66\x00\x2e\x00\x73\x00\x76\x00\x67\
\x00\x13\
\x09\x17\x22\xc7\
\x00\x64\
\x00\x69\x00\x72\x00\x65\x00\x63\x00\x74\x00\x69\x00\x6f\x00\x6e\x00\x2d\x00\x72\x00\x69\x00\x67\x00\x68\x00\x74\x00\x2e\x00\x73\
\x00\x76\x00\x67\
\x00\x08\
\x07\x76\x57\xc7\
\x00\x61\
\x00\x70\x00\x70\x00\x73\x00\x2e\x00\x73\x00\x76\x00\x67\
\x00\x0a\
\x01\xca\x4b\x87\
\x00\x62\
\x00\x61\x00\x73\x00\x6b\x00\x65\x00\x74\x00\x2e\x00\x73\x00\x76\x00\x67\
\x00\x0a\
\x0c\xbd\x11\x47\
\x00\x63\
\x00\x6f\x00\x66\x00\x66\x00\x65\x00\x65\x00\x2e\x00\x73\x00\x76\x00\x67\
\x00\x0d\
\x0d\x40\x63\x47\
\x00\x76\
\x00\x6f\x00\x69\x00\x63\x00\x65\x00\x6d\x00\x61\x00\x69\x00\x6c\x00\x2e\x00\x73\x00\x76\x00\x67\
\x00\x09\
\x07\x9e\xaf\x87\
\x00\x73\
\x00\x74\x00\x61\x00\x63\x00\x6b\x00\x2e\x00\x73\x00\x76\x00\x67\
\x00\x07\
\x04\xca\x5a\x27\
\x00\x6e\
\x00\x65\x00\x77\x00\x2e\x00\x73\x00\x76\x00\x67\
\x00\x10\
\x0e\x17\x06\x87\
\x00\x63\
\x00\x68\x00\x65\x00\x76\x00\x72\x00\x6f\x00\x6e\x00\x2d\x00\x64\x00\x6f\x00\x77\x00\x6e\x00\x2e\x00\x73\x00\x76\x00\x67\
\x00\x11\
\x06\x6a\xad\x47\
\x00\x63\
\x00\x6c\x00\x6f\x00\x75\x00\x64\x00\x2d\x00\x63\x00\x72\x00\x6f\x00\x73\x00\x73\x00\x65\x00\x64\x00\x2e\x00\x73\x00\x76\x00\x67\
\
\x00\x11\
\x05\xcc\x2e\xc7\
\x00\x63\
\x00\x68\x00\x65\x00\x76\x00\x72\x00\x6f\x00\x6e\x00\x73\x00\x2d\x00\x64\x00\x6f\x00\x77\x00\x6e\x00\x2e\x00\x73\x00\x76\x00\x67\
\
\x00\x0c\
\x07\xd0\x4f\xe7\
\x00\x73\
\x00\x75\x00\x69\x00\x74\x00\x63\x00\x61\x00\x73\x00\x65\x00\x2e\x00\x73\x00\x76\x00\x67\
\x00\x0e\
\x09\xc1\xd5\x07\
\x00\x67\
\x00\x72\x00\x69\x00\x64\x00\x2d\x00\x73\x00\x6d\x00\x61\x00\x6c\x00\x6c\x00\x2e\x00\x73\x00\x76\x00\x67\
\x00\x09\
\x08\x97\x89\x07\
\x00\x63\
\x00\x68\x00\x61\x00\x72\x00\x74\x00\x2e\x00\x73\x00\x76\x00\x67\
\x00\x09\
\x02\x04\xb4\xe7\
\x00\x70\
\x00\x69\x00\x7a\x00\x7a\x00\x61\x00\x2e\x00\x73\x00\x76\x00\x67\
\x00\x08\
\x04\xb2\x55\x47\
\x00\x75\
\x00\x6e\x00\x64\x00\x6f\x00\x2e\x00\x73\x00\x76\x00\x67\
\x00\x0e\
\x07\x7b\xc6\xe7\
\x00\x68\
\x00\x61\x00\x70\x00\x70\x00\x79\x00\x2d\x00\x66\x00\x61\x00\x63\x00\x65\x00\x2e\x00\x73\x00\x76\x00\x67\
\x00\x11\
\x0f\xdc\xf9\xe7\
\x00\x66\
\x00\x6f\x00\x6c\x00\x64\x00\x65\x00\x72\x00\x2d\x00\x72\x00\x65\x00\x6d\x00\x6f\x00\x76\x00\x65\x00\x2e\x00\x73\x00\x76\x00\x67\
\
\x00\x09\
\x09\x6b\xba\x47\
\x00\x69\
\x00\x6e\x00\x62\x00\x6f\x00\x78\x00\x2e\x00\x73\x00\x76\x00\x67\
\x00\x0a\
\x0a\x2d\x1b\xc7\
\x00\x63\
\x00\x69\x00\x72\x00\x63\x00\x6c\x00\x65\x00\x2e\x00\x73\x00\x76\x00\x67\
\x00\x09\
\x00\x57\xb5\xe7\
\x00\x70\
\x00\x72\x00\x69\x00\x6e\x00\x74\x00\x2e\x00\x73\x00\x76\x00\x67\
\x00\x0f\
\x03\x6f\xc0\x87\
\x00\x62\
\x00\x61\x00\x74\x00\x74\x00\x65\x00\x72\x00\x79\x00\x2d\x00\x61\x00\x6c\x00\x74\x00\x2e\x00\x73\x00\x76\x00\x67\
\x00\x08\
\x0c\xa8\x54\x47\
\x00\x6d\
\x00\x75\x00\x74\x00\x65\x00\x2e\x00\x73\x00\x76\x00\x67\
\x00\x0a\
\x0a\x68\x03\xe7\
\x00\x63\
\x00\x75\x00\x72\x00\x73\x00\x6f\x00\x72\x00\x2e\x00\x73\x00\x76\x00\x67\
\x00\x08\
\x0c\x33\x57\x07\
\x00\x68\
\x00\x65\x00\x6c\x00\x70\x00\x2e\x00\x73\x00\x76\x00\x67\
\x00\x0a\
\x06\xcb\x42\x47\
\x00\x72\
\x00\x65\x00\x6d\x00\x6f\x00\x76\x00\x65\x00\x2e\x00\x73\x00\x76\x00\x67\
\x00\x08\
\x06\x37\x57\xe7\
\x00\x62\
\x00\x6f\x00\x6c\x00\x74\x00\x2e\x00\x73\x00\x76\x00\x67\
\x00\x08\
\x08\x9e\x54\xa7\
\x00\x6d\
\x00\x61\x00\x73\x00\x6b\x00\x2e\x00\x73\x00\x76\x00\x67\
\x00\x0c\
\x08\x1a\x90\xa7\
\x00\x64\
\x00\x6f\x00\x77\x00\x6e\x00\x6c\x00\x6f\x00\x61\x00\x64\x00\x2e\x00\x73\x00\x76\x00\x67\
\x00\x08\
\x06\x2f\x54\x27\
\x00\x70\
\x00\x6f\x00\x6c\x00\x6c\x00\x2e\x00\x73\x00\x76\x00\x67\
\x00\x0a\
\x09\xc8\x02\x67\
\x00\x73\
\x00\x75\x00\x6e\x00\x73\x00\x65\x00\x74\x00\x2e\x00\x73\x00\x76\x00\x67\
\x00\x0e\
\x06\x0c\x07\x87\
\x00\x61\
\x00\x72\x00\x72\x00\x6f\x00\x77\x00\x2d\x00\x64\x00\x6f\x00\x77\x00\x6e\x00\x2e\x00\x73\x00\x76\x00\x67\
\x00\x08\
\x0c\xf7\x55\x87\
\x00\x74\
\x00\x65\x00\x78\x00\x74\x00\x2e\x00\x73\x00\x76\x00\x67\
\x00\x12\
\x01\x8d\xe3\x07\
\x00\x66\
\x00\x6f\x00\x6c\x00\x64\x00\x65\x00\x72\x00\x2d\x00\x77\x00\x61\x00\x72\x00\x6e\x00\x69\x00\x6e\x00\x67\x00\x2e\x00\x73\x00\x76\
\x00\x67\
\x00\x13\
\x0f\x3f\xeb\x67\
\x00\x64\
\x00\x69\x00\x72\x00\x65\x00\x63\x00\x74\x00\x69\x00\x6f\x00\x6e\x00\x73\x00\x2d\x00\x6c\x00\x65\x00\x66\x00\x74\x00\x2e\x00\x73\
\x00\x76\x00\x67\
\x00\x0d\
\x0e\x0e\xcb\xc7\
\x00\x70\
\x00\x61\x00\x70\x00\x65\x00\x72\x00\x63\x00\x6c\x00\x69\x00\x70\x00\x2e\x00\x73\x00\x76\x00\x67\
\x00\x12\
\x0e\x78\x25\x07\
\x00\x74\
\x00\x61\x00\x62\x00\x6c\x00\x65\x00\x2d\x00\x76\x00\x65\x00\x72\x00\x74\x00\x69\x00\x63\x00\x61\x00\x6c\x00\x2e\x00\x73\x00\x76\
\x00\x67\
\x00\x06\
\x07\x5e\x5a\xc7\
\x00\x6f\
\x00\x6b\x00\x2e\x00\x73\x00\x76\x00\x67\
\x00\x16\
\x0e\x69\xe8\x07\
\x00\x61\
\x00\x72\x00\x72\x00\x6f\x00\x77\x00\x2d\x00\x72\x00\x69\x00\x67\x00\x68\x00\x74\x00\x2d\x00\x63\x00\x69\x00\x72\x00\x63\x00\x6c\
\x00\x65\x00\x2e\x00\x73\x00\x76\x00\x67\
\x00\x0e\
\x0e\x93\x85\x07\
\x00\x70\
\x00\x65\x00\x72\x00\x73\x00\x6f\x00\x6e\x00\x2d\x00\x61\x00\x64\x00\x64\x00\x2e\x00\x73\x00\x76\x00\x67\
\x00\x0f\
\x03\xec\xf6\xe7\
\x00\x74\
\x00\x68\x00\x65\x00\x72\x00\x6d\x00\x6f\x00\x6d\x00\x65\x00\x74\x00\x65\x00\x72\x00\x2e\x00\x73\x00\x76\x00\x67\
\x00\x19\
\x0f\x7b\x5b\x67\
\x00\x63\
\x00\x6f\x00\x6e\x00\x74\x00\x72\x00\x6f\x00\x6c\x00\x73\x00\x2d\x00\x76\x00\x65\x00\x72\x00\x74\x00\x69\x00\x63\x00\x61\x00\x6c\
\x00\x2d\x00\x61\x00\x6c\x00\x74\x00\x2e\x00\x73\x00\x76\x00\x67\
\x00\x0f\
\x0a\xdb\x9f\xa7\
\x00\x73\
\x00\x75\x00\x70\x00\x70\x00\x6f\x00\x72\x00\x74\x00\x2d\x00\x61\x00\x6c\x00\x74\x00\x2e\x00\x73\x00\x76\x00\x67\
\x00\x08\
\x08\xf7\x57\x07\
\x00\x67\
\x00\x72\x00\x69\x00\x64\x00\x2e\x00\x73\x00\x76\x00\x67\
\x00\x0c\
\x01\x8d\xc9\xa7\
\x00\x61\
\x00\x70\x00\x65\x00\x72\x00\x74\x00\x75\x00\x72\x00\x65\x00\x2e\x00\x73\x00\x76\x00\x67\
\x00\x0a\
\x0c\x9e\x43\xa7\
\x00\x72\
\x00\x65\x00\x74\x00\x75\x00\x72\x00\x6e\x00\x2e\x00\x73\x00\x76\x00\x67\
\x00\x08\
\x03\xc6\x54\x27\
\x00\x70\
\x00\x6c\x00\x75\x00\x73\x00\x2e\x00\x73\x00\x76\x00\x67\
\x00\x0b\
\x06\x61\xb4\xa7\
\x00\x65\
\x00\x78\x00\x70\x00\x6c\x00\x6f\x00\x72\x00\x65\x00\x2e\x00\x73\x00\x76\x00\x67\
\x00\x11\
\x0e\x92\x78\x47\
\x00\x63\
\x00\x68\x00\x65\x00\x76\x00\x72\x00\x6f\x00\x6e\x00\x2d\x00\x72\x00\x69\x00\x67\x00\x68\x00\x74\x00\x2e\x00\x73\x00\x76\x00\x67\
\
\x00\x0d\
\x05\x66\x37\x47\
\x00\x73\
\x00\x74\x00\x61\x00\x74\x00\x73\x00\x2d\x00\x61\x00\x6c\x00\x74\x00\x2e\x00\x73\x00\x76\x00\x67\
\x00\x0c\
\x0a\x96\x74\xa7\
\x00\x63\
\x00\x61\x00\x72\x00\x74\x00\x2d\x00\x61\x00\x64\x00\x64\x00\x2e\x00\x73\x00\x76\x00\x67\
\x00\x10\
\x03\x01\xaf\xc7\
\x00\x63\
\x00\x6f\x00\x6e\x00\x74\x00\x72\x00\x6f\x00\x6c\x00\x73\x00\x2d\x00\x61\x00\x6c\x00\x74\x00\x2e\x00\x73\x00\x76\x00\x67\
\x00\x0d\
\x0d\xb2\x5d\x67\
\x00\x68\
\x00\x6f\x00\x6d\x00\x65\x00\x2d\x00\x61\x00\x6c\x00\x74\x00\x32\x00\x2e\x00\x73\x00\x76\x00\x67\
\x00\x0b\
\x0f\x3b\xcf\x87\
\x00\x6a\
\x00\x75\x00\x73\x00\x74\x00\x69\x00\x66\x00\x79\x00\x2e\x00\x73\x00\x76\x00\x67\
\x00\x0f\
\x0f\x22\x69\x47\
\x00\x61\
\x00\x72\x00\x72\x00\x6f\x00\x77\x00\x2d\x00\x72\x00\x69\x00\x67\x00\x68\x00\x74\x00\x2e\x00\x73\x00\x76\x00\x67\
\x00\x0a\
\x04\xbd\x17\x47\
\x00\x73\
\x00\x6f\x00\x75\x00\x6e\x00\x64\x00\x73\x00\x2e\x00\x73\x00\x76\x00\x67\
\x00\x09\
\x08\x88\xa9\x07\
\x00\x73\
\x00\x68\x00\x61\x00\x72\x00\x65\x00\x2e\x00\x73\x00\x76\x00\x67\
\x00\x0b\
\x06\x62\xd4\x27\
\x00\x73\
\x00\x75\x00\x70\x00\x70\x00\x6f\x00\x72\x00\x74\x00\x2e\x00\x73\x00\x76\x00\x67\
\x00\x0c\
\x02\x4a\x6b\x87\
\x00\x6c\
\x00\x6f\x00\x63\x00\x61\x00\x74\x00\x69\x00\x6f\x00\x6e\x00\x2e\x00\x73\x00\x76\x00\x67\
\x00\x16\
\x05\xb2\x88\x27\
\x00\x68\
\x00\x65\x00\x61\x00\x72\x00\x69\x00\x6e\x00\x67\x00\x2d\x00\x64\x00\x69\x00\x73\x00\x61\x00\x62\x00\x69\x00\x6c\x00\x69\x00\x74\
\x00\x79\x00\x2e\x00\x73\x00\x76\x00\x67\
\x00\x08\
\x06\x38\x57\x27\
\x00\x68\
\x00\x6f\x00\x6d\x00\x65\x00\x2e\x00\x73\x00\x76\x00\x67\
\x00\x07\
\x0a\x7a\x5a\x27\
\x00\x74\
\x00\x61\x00\x67\x00\x2e\x00\x73\x00\x76\x00\x67\
\x00\x0f\
\x0e\x30\x84\x27\
\x00\x61\
\x00\x64\x00\x64\x00\x2d\x00\x74\x00\x6f\x00\x2d\x00\x6c\x00\x69\x00\x73\x00\x74\x00\x2e\x00\x73\x00\x76\x00\x67\
\x00\x0e\
\x02\x34\x9f\xa7\
\x00\x68\
\x00\x65\x00\x61\x00\x64\x00\x70\x00\x68\x00\x6f\x00\x6e\x00\x65\x00\x73\x00\x2e\x00\x73\x00\x76\x00\x67\
\x00\x09\
\x09\x65\x83\xe7\
\x00\x65\
\x00\x72\x00\x72\x00\x6f\x00\x72\x00\x2e\x00\x73\x00\x76\x00\x67\
\x00\x0e\
\x09\x58\x6c\x87\
\x00\x63\
\x00\x68\x00\x65\x00\x76\x00\x72\x00\x6f\x00\x6e\x00\x2d\x00\x75\x00\x70\x00\x2e\x00\x73\x00\x76\x00\x67\
\x00\x0c\
\x0a\xae\xb4\xa7\
\x00\x6e\
\x00\x65\x00\x78\x00\x74\x00\x2d\x00\x61\x00\x6c\x00\x74\x00\x2e\x00\x73\x00\x76\x00\x67\
\x00\x12\
\x07\x3d\x92\x47\
\x00\x63\
\x00\x61\x00\x6c\x00\x65\x00\x6e\x00\x64\x00\x61\x00\x72\x00\x2d\x00\x65\x00\x76\x00\x65\x00\x6e\x00\x74\x00\x2e\x00\x73\x00\x76\
\x00\x67\
\x00\x12\
\x0a\xfa\x04\x07\
\x00\x63\
\x00\x6f\x00\x6e\x00\x74\x00\x72\x00\x6f\x00\x6c\x00\x2d\x00\x63\x00\x65\x00\x6e\x00\x74\x00\x72\x00\x65\x00\x2e\x00\x73\x00\x76\
\x00\x67\
\x00\x0a\
\x0d\xc8\xfc\x07\
\x00\x66\
\x00\x6c\x00\x6f\x00\x77\x00\x65\x00\x72\x00\x2e\x00\x73\x00\x76\x00\x67\
\x00\x09\
\x02\x85\x8c\x07\
\x00\x64\
\x00\x6f\x00\x6c\x00\x61\x00\x72\x00\x2e\x00\x73\x00\x76\x00\x67\
\x00\x0c\
\x05\xeb\xed\xc7\
\x00\x63\
\x00\x6f\x00\x6e\x00\x74\x00\x72\x00\x61\x00\x73\x00\x74\x00\x2e\x00\x73\x00\x76\x00\x67\
\x00\x0c\
\x0c\xa7\x6b\x47\
\x00\x75\
\x00\x6d\x00\x62\x00\x72\x00\x65\x00\x6c\x00\x6c\x00\x61\x00\x2e\x00\x73\x00\x76\x00\x67\
\x00\x06\
\x07\x85\x5a\xc7\
\x00\x71\
\x00\x72\x00\x2e\x00\x73\x00\x76\x00\x67\
\x00\x11\
\x04\x1d\x25\x87\
\x00\x61\
\x00\x63\x00\x63\x00\x65\x00\x73\x00\x73\x00\x69\x00\x62\x00\x69\x00\x6c\x00\x69\x00\x74\x00\x79\x00\x2e\x00\x73\x00\x76\x00\x67\
\
\x00\x0c\
\x0b\xef\xc2\xa7\
\x00\x65\
\x00\x6e\x00\x76\x00\x65\x00\x6c\x00\x6f\x00\x70\x00\x65\x00\x2e\x00\x73\x00\x76\x00\x67\
\x00\x0c\
\x0d\xe6\xb4\xa7\
\x00\x67\
\x00\x72\x00\x69\x00\x64\x00\x2d\x00\x61\x00\x6c\x00\x74\x00\x2e\x00\x73\x00\x76\x00\x67\
\x00\x0d\
\x0c\xe7\x89\xc7\
\x00\x63\
\x00\x6c\x00\x69\x00\x70\x00\x62\x00\x6f\x00\x61\x00\x72\x00\x64\x00\x2e\x00\x73\x00\x76\x00\x67\
\x00\x08\
\x00\x96\x57\xa7\
\x00\x64\
\x00\x69\x00\x73\x00\x63\x00\x2e\x00\x73\x00\x76\x00\x67\
\x00\x08\
\x0c\x2f\x57\xc7\
\x00\x62\
\x00\x65\x00\x6c\x00\x6c\x00\x2e\x00\x73\x00\x76\x00\x67\
\x00\x0c\
\x0d\x39\xb6\xa7\
\x00\x61\
\x00\x70\x00\x70\x00\x73\x00\x2d\x00\x61\x00\x6c\x00\x74\x00\x2e\x00\x73\x00\x76\x00\x67\
\x00\x0c\
\x06\xe6\x6f\x27\
\x00\x76\
\x00\x65\x00\x72\x00\x74\x00\x69\x00\x63\x00\x61\x00\x6c\x00\x2e\x00\x73\x00\x76\x00\x67\
\x00\x0c\
\x0c\xf3\x0d\xe7\
\x00\x6e\
\x00\x6f\x00\x74\x00\x65\x00\x62\x00\x6f\x00\x6f\x00\x6b\x00\x2e\x00\x73\x00\x76\x00\x67\
\x00\x0f\
\x04\x32\xc0\x67\
\x00\x62\
\x00\x61\x00\x74\x00\x74\x00\x65\x00\x72\x00\x79\x00\x2d\x00\x6c\x00\x6f\x00\x77\x00\x2e\x00\x73\x00\x76\x00\x67\
\x00\x0d\
\x0b\x24\x93\x27\
\x00\x62\
\x00\x61\x00\x63\x00\x6b\x00\x2d\x00\x6c\x00\x65\x00\x66\x00\x74\x00\x2e\x00\x73\x00\x76\x00\x67\
\x00\x0c\
\x04\x56\x2e\xe7\
\x00\x63\
\x00\x68\x00\x65\x00\x63\x00\x6b\x00\x62\x00\x6f\x00\x78\x00\x2e\x00\x73\x00\x76\x00\x67\
\x00\x09\
\x06\x98\x8e\xa7\
\x00\x63\
\x00\x6c\x00\x6f\x00\x73\x00\x65\x00\x2e\x00\x73\x00\x76\x00\x67\
\x00\x0c\
\x0a\x9a\x54\xa7\
\x00\x63\
\x00\x68\x00\x61\x00\x74\x00\x2d\x00\x61\x00\x64\x00\x64\x00\x2e\x00\x73\x00\x76\x00\x67\
\x00\x07\
\x09\xa6\x5a\x27\
\x00\x72\
\x00\x73\x00\x73\x00\x2e\x00\x73\x00\x76\x00\x67\
\x00\x09\
\x06\xb7\x8e\xa7\
\x00\x63\
\x00\x6c\x00\x6f\x00\x75\x00\x64\x00\x2e\x00\x73\x00\x76\x00\x67\
\x00\x13\
\x0c\x3d\xb2\x67\
\x00\x73\
\x00\x77\x00\x61\x00\x70\x00\x2d\x00\x68\x00\x6f\x00\x72\x00\x69\x00\x7a\x00\x6f\x00\x6e\x00\x74\x00\x61\x00\x6c\x00\x2e\x00\x73\
\x00\x76\x00\x67\
\x00\x0f\
\x02\x34\x6b\x87\
\x00\x61\
\x00\x6c\x00\x69\x00\x67\x00\x6e\x00\x2d\x00\x72\x00\x69\x00\x67\x00\x68\x00\x74\x00\x2e\x00\x73\x00\x76\x00\x67\
\x00\x09\
\x06\x48\xb7\x27\
\x00\x70\
\x00\x68\x00\x6f\x00\x6e\x00\x65\x00\x2e\x00\x73\x00\x76\x00\x67\
\x00\x16\
\x0f\x21\x04\x67\
\x00\x61\
\x00\x72\x00\x72\x00\x6f\x00\x77\x00\x2d\x00\x72\x00\x69\x00\x67\x00\x68\x00\x74\x00\x2d\x00\x62\x00\x6f\x00\x74\x00\x74\x00\x6f\
\x00\x6d\x00\x2e\x00\x73\x00\x76\x00\x67\
\x00\x0b\
\x00\xb5\x5c\x87\
\x00\x77\
\x00\x61\x00\x6c\x00\x6b\x00\x69\x00\x6e\x00\x67\x00\x2e\x00\x73\x00\x76\x00\x67\
\x00\x07\
\x09\xba\x5a\x07\
\x00\x62\
\x00\x75\x00\x67\x00\x2e\x00\x73\x00\x76\x00\x67\
\x00\x14\
\x03\x7d\x55\xa7\
\x00\x64\
\x00\x69\x00\x72\x00\x65\x00\x63\x00\x74\x00\x69\x00\x6f\x00\x6e\x00\x73\x00\x2d\x00\x72\x00\x69\x00\x67\x00\x68\x00\x74\x00\x2e\
\x00\x73\x00\x76\x00\x67\
\x00\x09\
\x0c\x98\xb7\xc7\
\x00\x70\
\x00\x61\x00\x75\x00\x73\x00\x65\x00\x2e\x00\x73\x00\x76\x00\x67\
\x00\x0a\
\x0a\x6f\x83\xe7\
\x00\x70\
\x00\x65\x00\x72\x00\x73\x00\x6f\x00\x6e\x00\x2e\x00\x73\x00\x76\x00\x67\
\x00\x0a\
\x0b\x88\x42\x07\
\x00\x72\
\x00\x65\x00\x70\x00\x65\x00\x61\x00\x74\x00\x2e\x00\x73\x00\x76\x00\x67\
\x00\x0d\
\x0f\xf7\xa0\x27\
\x00\x73\
\x00\x74\x00\x6f\x00\x70\x00\x77\x00\x61\x00\x74\x00\x63\x00\x68\x00\x2e\x00\x73\x00\x76\x00\x67\
\x00\x12\
\x0b\x20\xfd\x47\
\x00\x63\
\x00\x68\x00\x65\x00\x76\x00\x72\x00\x6f\x00\x6e\x00\x73\x00\x2d\x00\x72\x00\x69\x00\x67\x00\x68\x00\x74\x00\x2e\x00\x73\x00\x76\
\x00\x67\
\x00\x0f\
\x05\xf3\x62\x07\
\x00\x70\
\x00\x6c\x00\x61\x00\x63\x00\x65\x00\x68\x00\x6f\x00\x6c\x00\x64\x00\x65\x00\x72\x00\x2e\x00\x73\x00\x76\x00\x67\
\x00\x0d\
\x0d\x94\x89\xc7\
\x00\x64\
\x00\x61\x00\x73\x00\x68\x00\x62\x00\x6f\x00\x61\x00\x72\x00\x64\x00\x2e\x00\x73\x00\x76\x00\x67\
\x00\x0a\
\x0b\x69\x9a\x47\
\x00\x77\
\x00\x69\x00\x6e\x00\x64\x00\x6f\x00\x77\x00\x2e\x00\x73\x00\x76\x00\x67\
\x00\x08\
\x06\x5f\x55\xa7\
\x00\x74\
\x00\x6f\x00\x6f\x00\x6c\x00\x2e\x00\x73\x00\x76\x00\x67\
\x00\x0a\
\x01\xc8\x71\x87\
\x00\x72\
\x00\x6f\x00\x63\x00\x6b\x00\x65\x00\x74\x00\x2e\x00\x73\x00\x76\x00\x67\
\x00\x0b\
\x0b\x56\xdc\xa7\
\x00\x63\
\x00\x65\x00\x6c\x00\x6c\x00\x75\x00\x61\x00\x72\x00\x2e\x00\x73\x00\x76\x00\x67\
\x00\x0c\
\x06\xeb\x9a\x67\
\x00\x7a\
\x00\x6f\x00\x6f\x00\x6d\x00\x2d\x00\x6f\x00\x75\x00\x74\x00\x2e\x00\x73\x00\x76\x00\x67\
\x00\x07\
\x0c\xf8\x5a\x07\
\x00\x65\
\x00\x79\x00\x65\x00\x2e\x00\x73\x00\x76\x00\x67\
\x00\x0a\
\x0c\x9c\x0b\x27\
\x00\x6c\
\x00\x61\x00\x79\x00\x65\x00\x72\x00\x73\x00\x2e\x00\x73\x00\x76\x00\x67\
\x00\x14\
\x06\x84\x28\x47\
\x00\x63\
\x00\x61\x00\x6c\x00\x65\x00\x6e\x00\x64\x00\x61\x00\x72\x00\x2d\x00\x64\x00\x65\x00\x63\x00\x6c\x00\x69\x00\x6e\x00\x65\x00\x2e\
\x00\x73\x00\x76\x00\x67\
\x00\x08\
\x0f\x07\x57\x47\
\x00\x65\
\x00\x78\x00\x69\x00\x74\x00\x2e\x00\x73\x00\x76\x00\x67\
\x00\x0d\
\x00\x9f\xb7\x87\
\x00\x63\
\x00\x6f\x00\x6d\x00\x70\x00\x6f\x00\x6e\x00\x65\x00\x6e\x00\x74\x00\x2e\x00\x73\x00\x76\x00\x67\
\x00\x0d\
\x02\x33\xbc\x47\
\x00\x73\
\x00\x6f\x00\x72\x00\x74\x00\x2d\x00\x64\x00\x6f\x00\x77\x00\x6e\x00\x2e\x00\x73\x00\x76\x00\x67\
\x00\x0d\
\x0d\xc3\x36\x27\
\x00\x77\
\x00\x61\x00\x6c\x00\x6c\x00\x70\x00\x61\x00\x70\x00\x65\x00\x72\x00\x2e\x00\x73\x00\x76\x00\x67\
\x00\x0c\
\x09\x88\xc7\xa7\
\x00\x6c\
\x00\x61\x00\x6e\x00\x67\x00\x75\x00\x61\x00\x67\x00\x65\x00\x2e\x00\x73\x00\x76\x00\x67\
\x00\x0d\
\x08\xa5\x8d\x67\
\x00\x69\
\x00\x6e\x00\x62\x00\x6f\x00\x78\x00\x2d\x00\x61\x00\x6c\x00\x74\x00\x2e\x00\x73\x00\x76\x00\x67\
\x00\x08\
\x06\x7c\x57\x87\
\x00\x63\
\x00\x6f\x00\x70\x00\x79\x00\x2e\x00\x73\x00\x76\x00\x67\
\x00\x08\
\x09\xc5\x55\x47\
\x00\x75\
\x00\x73\x00\x65\x00\x72\x00\x2e\x00\x73\x00\x76\x00\x67\
\x00\x07\
\x07\xa7\x5a\x07\
\x00\x61\
\x00\x64\x00\x64\x00\x2e\x00\x73\x00\x76\x00\x67\
\x00\x14\
\x0d\xa0\x58\x27\
\x00\x62\
\x00\x61\x00\x74\x00\x74\x00\x65\x00\x72\x00\x79\x00\x2d\x00\x63\x00\x68\x00\x61\x00\x72\x00\x67\x00\x69\x00\x6e\x00\x67\x00\x2e\
\x00\x73\x00\x76\x00\x67\
\x00\x08\
\x02\x8c\x54\x27\
\x00\x70\
\x00\x6c\x00\x61\x00\x79\x00\x2e\x00\x73\x00\x76\x00\x67\
\x00\x0f\
\x0f\xe6\x17\xc7\
\x00\x63\
\x00\x72\x00\x65\x00\x64\x00\x69\x00\x74\x00\x2d\x00\x63\x00\x61\x00\x72\x00\x64\x00\x2e\x00\x73\x00\x76\x00\x67\
\x00\x0c\
\x00\x2e\x45\x47\
\x00\x76\
\x00\x65\x00\x72\x00\x69\x00\x66\x00\x69\x00\x65\x00\x64\x00\x2e\x00\x73\x00\x76\x00\x67\
\x00\x0f\
\x06\x30\xe2\xe7\
\x00\x63\
\x00\x68\x00\x61\x00\x74\x00\x2d\x00\x72\x00\x65\x00\x6d\x00\x6f\x00\x76\x00\x65\x00\x2e\x00\x73\x00\x76\x00\x67\
\x00\x0a\
\x09\xb2\x6a\x47\
\x00\x63\
\x00\x61\x00\x6e\x00\x63\x00\x65\x00\x6c\x00\x2e\x00\x73\x00\x76\x00\x67\
\x00\x0b\
\x01\x30\x05\x87\
\x00\x73\
\x00\x74\x00\x69\x00\x63\x00\x6b\x00\x65\x00\x72\x00\x2e\x00\x73\x00\x76\x00\x67\
\x00\x0a\
\x01\xcb\x2b\xe7\
\x00\x6d\
\x00\x61\x00\x72\x00\x6b\x00\x65\x00\x72\x00\x2e\x00\x73\x00\x76\x00\x67\
\x00\x15\
\x04\x17\x39\x87\
\x00\x61\
\x00\x72\x00\x72\x00\x6f\x00\x77\x00\x2d\x00\x6c\x00\x65\x00\x66\x00\x74\x00\x2d\x00\x62\x00\x6f\x00\x74\x00\x74\x00\x6f\x00\x6d\
\x00\x2e\x00\x73\x00\x76\x00\x67\
\x00\x0c\
\x0d\xdb\x2a\xa7\
\x00\x68\
\x00\x6f\x00\x6d\x00\x65\x00\x2d\x00\x61\x00\x6c\x00\x74\x00\x2e\x00\x73\x00\x76\x00\x67\
\x00\x08\
\x0f\xcc\x55\x67\
\x00\x77\
\x00\x69\x00\x66\x00\x69\x00\x2e\x00\x73\x00\x76\x00\x67\
\x00\x0c\
\x0e\x58\x3d\xc7\
\x00\x62\
\x00\x6f\x00\x78\x00\x2d\x00\x61\x00\x6c\x00\x74\x00\x32\x00\x2e\x00\x73\x00\x76\x00\x67\
\x00\x08\
\x00\x48\x55\x07\
\x00\x77\
\x00\x69\x00\x6e\x00\x65\x00\x2e\x00\x73\x00\x76\x00\x67\
"

qt_resource_struct_v1 = b"\
\x00\x00\x00\x00\x00\x02\x00\x00\x00\x01\x00\x00\x00\x01\
\x00\x00\x00\x00\x00\x02\x00\x00\x00\x01\x00\x00\x00\x02\
\x00\x00\x00\x0e\x00\x02\x00\x00\x01\x47\x00\x00\x00\x03\
\x00\x00\x14\xe8\x00\x00\x00\x00\x00\x01\x00\x01\x52\x26\
\x00\x00\x0c\x6a\x00\x00\x00\x00\x00\x01\x00\x00\xc1\xaa\
\x00\x00\x25\x3e\x00\x00\x00\x00\x00\x01\x00\x02\x58\xf9\
\x00\x00\x12\xec\x00\x00\x00\x00\x00\x01\x00\x01\x28\xbe\
\x00\x00\x04\x7e\x00\x00\x00\x00\x00\x01\x00\x00\x43\x37\
\x00\x00\x14\xd2\x00\x00\x00\x00\x00\x01\x00\x01\x50\xc1\
\x00\x00\x0f\x72\x00\x00\x00\x00\x00\x01\x00\x00\xed\xfd\
\x00\x00\x26\x52\x00\x00\x00\x00\x00\x01\x00\x02\x6d\x84\
\x00\x00\x0d\x6c\x00\x00\x00\x00\x00\x01\x00\x00\xce\x3c\
\x00\x00\x18\xe8\x00\x00\x00\x00\x00\x01\x00\x01\x90\x1c\
\x00\x00\x04\x9e\x00\x00\x00\x00\x00\x01\x00\x00\x44\xf1\
\x00\x00\x10\x68\x00\x00\x00\x00\x00\x01\x00\x00\xfd\x2f\
\x00\x00\x1f\xe6\x00\x00\x00\x00\x00\x01\x00\x02\x01\x0a\
\x00\x00\x23\xf8\x00\x00\x00\x00\x00\x01\x00\x02\x44\xa6\
\x00\x00\x0f\xce\x00\x00\x00\x00\x00\x01\x00\x00\xf2\xca\
\x00\x00\x21\xca\x00\x00\x00\x00\x00\x01\x00\x02\x1e\x86\
\x00\x00\x09\xf0\x00\x00\x00\x00\x00\x01\x00\x00\x9a\xf8\
\x00\x00\x00\x58\x00\x00\x00\x00\x00\x01\x00\x00\x03\x2c\
\x00\x00\x05\x72\x00\x00\x00\x00\x00\x01\x00\x00\x50\x40\
\x00\x00\x0a\xfe\x00\x00\x00\x00\x00\x01\x00\x00\xac\x80\
\x00\x00\x02\x40\x00\x00\x00\x00\x00\x01\x00\x00\x21\xbe\
\x00\x00\x03\x68\x00\x00\x00\x00\x00\x01\x00\x00\x32\x2e\
\x00\x00\x25\x9a\x00\x00\x00\x00\x00\x01\x00\x02\x62\x94\
\x00\x00\x0e\xea\x00\x00\x00\x00\x00\x01\x00\x00\xe6\xf8\
\x00\x00\x11\x30\x00\x00\x00\x00\x00\x01\x00\x01\x09\x98\
\x00\x00\x1b\xd2\x00\x00\x00\x00\x00\x01\x00\x01\xbe\x6e\
\x00\x00\x1a\x36\x00\x00\x00\x00\x00\x01\x00\x01\xa6\x24\
\x00\x00\x07\x0c\x00\x00\x00\x00\x00\x01\x00\x00\x68\x21\
\x00\x00\x23\x32\x00\x00\x00\x00\x00\x01\x00\x02\x36\x5a\
\x00\x00\x16\xf0\x00\x00\x00\x00\x00\x01\x00\x01\x72\x3a\
\x00\x00\x25\xb6\x00\x00\x00\x00\x00\x01\x00\x02\x64\x83\
\x00\x00\x06\x76\x00\x00\x00\x00\x00\x01\x00\x00\x5e\x7e\
\x00\x00\x06\xaa\x00\x00\x00\x00\x00\x01\x00\x00\x62\x36\
\x00\x00\x18\x3e\x00\x00\x00\x00\x00\x01\x00\x01\x85\x5f\
\x00\x00\x04\x3c\x00\x00\x00\x00\x00\x01\x00\x00\x40\x13\
\x00\x00\x24\x18\x00\x00\x00\x00\x00\x01\x00\x02\x47\x4e\
\x00\x00\x21\x5c\x00\x00\x00\x00\x00\x01\x00\x02\x18\x9f\
\x00\x00\x1e\x14\x00\x00\x00\x00\x00\x01\x00\x01\xe0\x7f\
\x00\x00\x1d\x76\x00\x00\x00\x00\x00\x01\x00\x01\xd7\x94\
\x00\x00\x01\x56\x00\x00\x00\x00\x00\x01\x00\x00\x14\x05\
\x00\x00\x1e\xfc\x00\x00\x00\x00\x00\x01\x00\x01\xf0\x1f\
\x00\x00\x25\x04\x00\x00\x00\x00\x00\x01\x00\x02\x56\x44\
\x00\x00\x15\xbc\x00\x00\x00\x00\x00\x01\x00\x01\x5e\x79\
\x00\x00\x04\x14\x00\x00\x00\x00\x00\x01\x00\x00\x3e\x6c\
\x00\x00\x0b\x68\x00\x00\x00\x00\x00\x01\x00\x00\xb2\xa4\
\x00\x00\x0a\x9c\x00\x00\x00\x00\x00\x01\x00\x00\xa6\x0c\
\x00\x00\x1c\xa2\x00\x00\x00\x00\x00\x01\x00\x01\xcb\x41\
\x00\x00\x00\xbe\x00\x00\x00\x00\x00\x01\x00\x00\x09\xe3\
\x00\x00\x05\x98\x00\x00\x00\x00\x00\x01\x00\x00\x51\x9e\
\x00\x00\x0a\x36\x00\x00\x00\x00\x00\x01\x00\x00\x9e\x0e\
\x00\x00\x19\x00\x00\x00\x00\x00\x00\x01\x00\x01\x91\xc5\
\x00\x00\x21\xfa\x00\x00\x00\x00\x00\x01\x00\x02\x23\x5d\
\x00\x00\x0d\x3a\x00\x00\x00\x00\x00\x01\x00\x00\xca\xec\
\x00\x00\x08\xfe\x00\x00\x00\x00\x00\x01\x00\x00\x8c\x06\
\x00\x00\x07\x94\x00\x00\x00\x00\x00\x01\x00\x00\x6f\xd6\
\x00\x00\x1c\x0a\x00\x00\x00\x00\x00\x01\x00\x01\xc2\xad\
\x00\x00\x00\xec\x00\x00\x00\x00\x00\x01\x00\x00\x0e\x4a\
\x00\x00\x1b\x3c\x00\x00\x00\x00\x00\x01\x00\x01\xb3\xb3\
\x00\x00\x01\x86\x00\x00\x00\x00\x00\x01\x00\x00\x17\x5b\
\x00\x00\x25\xd0\x00\x00\x00\x00\x00\x01\x00\x02\x66\xbe\
\x00\x00\x1f\x62\x00\x00\x00\x00\x00\x01\x00\x01\xf9\xcb\
\x00\x00\x05\xcc\x00\x00\x00\x00\x00\x01\x00\x00\x55\xc0\
\x00\x00\x20\x6c\x00\x00\x00\x00\x00\x01\x00\x02\x0a\xf7\
\x00\x00\x09\x24\x00\x00\x00\x00\x00\x01\x00\x00\x8e\xcf\
\x00\x00\x20\xb0\x00\x00\x00\x00\x00\x01\x00\x02\x0e\x19\
\x00\x00\x0b\xda\x00\x00\x00\x00\x00\x01\x00\x00\xb9\xb0\
\x00\x00\x06\x4e\x00\x00\x00\x00\x00\x01\x00\x00\x5c\xc2\
\x00\x00\x12\x5a\x00\x00\x00\x00\x00\x01\x00\x01\x1d\x2e\
\x00\x00\x18\x56\x00\x00\x00\x00\x00\x01\x00\x01\x88\x1b\
\x00\x00\x1d\x28\x00\x00\x00\x00\x00\x01\x00\x01\xd1\x91\
\x00\x00\x17\x5c\x00\x00\x00\x00\x00\x01\x00\x01\x78\xc4\
\x00\x00\x10\xe8\x00\x00\x00\x00\x00\x01\x00\x01\x04\x7f\
\x00\x00\x12\x08\x00\x00\x00\x00\x00\x01\x00\x01\x18\x41\
\x00\x00\x03\x48\x00\x00\x00\x00\x00\x01\x00\x00\x30\xcd\
\x00\x00\x0d\x14\x00\x00\x00\x00\x00\x01\x00\x00\xc9\x67\
\x00\x00\x16\x6e\x00\x00\x00\x00\x00\x01\x00\x01\x6a\x08\
\x00\x00\x15\x2e\x00\x00\x00\x00\x00\x01\x00\x01\x55\x80\
\x00\x00\x10\x46\x00\x00\x00\x00\x00\x01\x00\x00\xfb\x0f\
\x00\x00\x1c\x64\x00\x00\x00\x00\x00\x01\x00\x01\xc6\xdd\
\x00\x00\x13\x78\x00\x00\x00\x00\x00\x01\x00\x01\x32\xd5\
\x00\x00\x0a\xbe\x00\x00\x00\x00\x00\x01\x00\x00\xa7\xbd\
\x00\x00\x08\x1a\x00\x00\x00\x00\x00\x01\x00\x00\x79\xcd\
\x00\x00\x14\xbc\x00\x00\x00\x00\x00\x01\x00\x01\x4f\x0a\
\x00\x00\x08\xbe\x00\x00\x00\x00\x00\x01\x00\x00\x88\x4f\
\x00\x00\x05\xf8\x00\x00\x00\x00\x00\x01\x00\x00\x57\x69\
\x00\x00\x1d\x94\x00\x00\x00\x00\x00\x01\x00\x01\xd9\x5a\
\x00\x00\x0e\xd2\x00\x00\x00\x00\x00\x01\x00\x00\xe5\xbe\
\x00\x00\x17\xbe\x00\x00\x00\x00\x00\x01\x00\x01\x7e\xed\
\x00\x00\x0e\x6c\x00\x00\x00\x00\x00\x01\x00\x00\xe1\x35\
\x00\x00\x1f\x14\x00\x00\x00\x00\x00\x01\x00\x01\xf2\x08\
\x00\x00\x22\xbe\x00\x00\x00\x00\x00\x01\x00\x02\x2d\x50\
\x00\x00\x19\xfe\x00\x00\x00\x00\x00\x01\x00\x01\xa2\xe4\
\x00\x00\x13\xce\x00\x00\x00\x00\x00\x01\x00\x01\x39\x57\
\x00\x00\x19\xce\x00\x00\x00\x00\x00\x01\x00\x01\x9e\xb4\
\x00\x00\x25\x5c\x00\x00\x00\x00\x00\x01\x00\x02\x5e\x75\
\x00\x00\x19\x84\x00\x00\x00\x00\x00\x01\x00\x01\x99\xd9\
\x00\x00\x1d\xc6\x00\x00\x00\x00\x00\x01\x00\x01\xdc\x38\
\x00\x00\x0f\x56\x00\x00\x00\x00\x00\x01\x00\x00\xeb\xf6\
\x00\x00\x21\x80\x00\x00\x00\x00\x00\x01\x00\x02\x19\xfb\
\x00\x00\x10\x2c\x00\x00\x00\x00\x00\x01\x00\x00\xf9\x13\
\x00\x00\x14\x22\x00\x00\x00\x00\x00\x01\x00\x01\x3d\xa2\
\x00\x00\x23\x1c\x00\x00\x00\x00\x00\x01\x00\x02\x33\x03\
\x00\x00\x12\x84\x00\x00\x00\x00\x00\x01\x00\x01\x1e\xc7\
\x00\x00\x1c\x20\x00\x00\x00\x00\x00\x01\x00\x01\xc3\xee\
\x00\x00\x1d\x5a\x00\x00\x00\x00\x00\x01\x00\x01\xd4\xb0\
\x00\x00\x17\x96\x00\x00\x00\x00\x00\x01\x00\x01\x7c\x96\
\x00\x00\x24\x96\x00\x00\x00\x00\x00\x01\x00\x02\x4f\xad\
\x00\x00\x13\x98\x00\x00\x00\x00\x00\x01\x00\x01\x34\xc2\
\x00\x00\x02\xb2\x00\x00\x00\x00\x00\x01\x00\x00\x28\x77\
\x00\x00\x08\xaa\x00\x00\x00\x00\x00\x01\x00\x00\x83\xdf\
\x00\x00\x23\xb4\x00\x00\x00\x00\x00\x01\x00\x02\x41\x45\
\x00\x00\x01\x40\x00\x00\x00\x00\x00\x01\x00\x00\x11\x90\
\x00\x00\x0e\x50\x00\x00\x00\x00\x00\x01\x00\x00\xdf\x7a\
\x00\x00\x20\xce\x00\x00\x00\x00\x00\x01\x00\x02\x0f\xca\
\x00\x00\x00\x78\x00\x00\x00\x00\x00\x01\x00\x00\x04\x80\
\x00\x00\x06\x2c\x00\x00\x00\x00\x00\x01\x00\x00\x5a\x22\
\x00\x00\x21\x18\x00\x00\x00\x00\x00\x01\x00\x02\x14\x90\
\x00\x00\x0d\xb8\x00\x00\x00\x00\x00\x01\x00\x00\xd4\x12\
\x00\x00\x19\x6a\x00\x00\x00\x00\x00\x01\x00\x01\x98\x7b\
\x00\x00\x20\x30\x00\x00\x00\x00\x00\x01\x00\x02\x07\xfe\
\x00\x00\x23\x68\x00\x00\x00\x00\x00\x01\x00\x02\x3c\x2a\
\x00\x00\x15\x4c\x00\x00\x00\x00\x00\x01\x00\x01\x57\x0f\
\x00\x00\x03\xfa\x00\x00\x00\x00\x00\x01\x00\x00\x3b\x17\
\x00\x00\x1e\x8e\x00\x00\x00\x00\x00\x01\x00\x01\xe7\x7d\
\x00\x00\x1a\xd6\x00\x00\x00\x00\x00\x01\x00\x01\xae\xbe\
\x00\x00\x10\xb0\x00\x00\x00\x00\x00\x01\x00\x01\x01\xf5\
\x00\x00\x16\xda\x00\x00\x00\x00\x00\x01\x00\x01\x70\x06\
\x00\x00\x18\x6c\x00\x00\x00\x00\x00\x01\x00\x01\x89\xb1\
\x00\x00\x07\x76\x00\x00\x00\x00\x00\x01\x00\x00\x6e\x4d\
\x00\x00\x1f\x50\x00\x00\x00\x00\x00\x01\x00\x01\xf6\x51\
\x00\x00\x02\x76\x00\x00\x00\x00\x00\x01\x00\x00\x25\x56\
\x00\x00\x17\x44\x00\x00\x00\x00\x00\x01\x00\x01\x77\x76\
\x00\x00\x24\xc2\x00\x00\x00\x00\x00\x01\x00\x02\x53\x49\
\x00\x00\x02\xc8\x00\x00\x00\x00\x00\x01\x00\x00\x2a\x12\
\x00\x00\x00\x3a\x00\x00\x00\x00\x00\x01\x00\x00\x01\xab\
\x00\x00\x0a\xd4\x00\x00\x00\x00\x00\x01\x00\x00\xa9\xb4\
\x00\x00\x17\xe6\x00\x00\x00\x00\x00\x01\x00\x01\x80\x6e\
\x00\x00\x01\xfa\x00\x00\x00\x00\x00\x01\x00\x00\x1e\x33\
\x00\x00\x07\x60\x00\x00\x00\x00\x00\x01\x00\x00\x6c\x6f\
\x00\x00\x0d\xea\x00\x00\x00\x00\x00\x01\x00\x00\xd7\x41\
\x00\x00\x0b\xf4\x00\x00\x00\x00\x00\x01\x00\x00\xbb\x53\
\x00\x00\x19\xb0\x00\x00\x00\x00\x00\x01\x00\x01\x9d\x32\
\x00\x00\x11\xce\x00\x00\x00\x00\x00\x01\x00\x01\x13\xf8\
\x00\x00\x05\xb4\x00\x00\x00\x00\x00\x01\x00\x00\x53\xca\
\x00\x00\x14\x38\x00\x00\x00\x00\x00\x01\x00\x01\x3f\x1c\
\x00\x00\x14\x0e\x00\x00\x00\x00\x00\x01\x00\x01\x3c\x3d\
\x00\x00\x1d\x42\x00\x00\x00\x00\x00\x01\x00\x01\xd3\x4f\
\x00\x00\x0d\xa0\x00\x00\x00\x00\x00\x01\x00\x00\xd2\x8c\
\x00\x00\x10\xfe\x00\x00\x00\x00\x00\x01\x00\x01\x06\x05\
\x00\x00\x12\x2a\x00\x00\x00\x00\x00\x01\x00\x01\x19\xf1\
\x00\x00\x18\x26\x00\x00\x00\x00\x00\x01\x00\x01\x83\xc2\
\x00\x00\x0b\x52\x00\x00\x00\x00\x00\x01\x00\x00\xb1\x50\
\x00\x00\x19\x9a\x00\x00\x00\x00\x00\x01\x00\x01\x9b\x1c\
\x00\x00\x24\x76\x00\x00\x00\x00\x00\x01\x00\x02\x4d\xf4\
\x00\x00\x0e\x36\x00\x00\x00\x00\x00\x01\x00\x00\xdd\x5d\
\x00\x00\x07\x32\x00\x00\x00\x00\x00\x01\x00\x00\x69\xab\
\x00\x00\x0a\xe6\x00\x00\x00\x00\x00\x01\x00\x00\xab\x33\
\x00\x00\x0c\x80\x00\x00\x00\x00\x00\x01\x00\x00\xc3\x13\
\x00\x00\x13\x5a\x00\x00\x00\x00\x00\x01\x00\x01\x30\x8c\
\x00\x00\x15\xe2\x00\x00\x00\x00\x00\x01\x00\x01\x61\x94\
\x00\x00\x14\x54\x00\x00\x00\x00\x00\x01\x00\x01\x40\x7a\
\x00\x00\x08\x8e\x00\x00\x00\x00\x00\x01\x00\x00\x81\xf7\
\x00\x00\x07\xfe\x00\x00\x00\x00\x00\x01\x00\x00\x78\x23\
\x00\x00\x1b\xbc\x00\x00\x00\x00\x00\x01\x00\x01\xbc\x98\
\x00\x00\x0c\x2c\x00\x00\x00\x00\x00\x01\x00\x00\xbe\x9d\
\x00\x00\x0f\x0e\x00\x00\x00\x00\x00\x01\x00\x00\xe8\xfb\
\x00\x00\x02\x62\x00\x00\x00\x00\x00\x01\x00\x00\x23\x9b\
\x00\x00\x0a\x0c\x00\x00\x00\x00\x00\x01\x00\x00\x9c\x92\
\x00\x00\x06\xe2\x00\x00\x00\x00\x00\x01\x00\x00\x66\x9b\
\x00\x00\x16\xae\x00\x00\x00\x00\x00\x01\x00\x01\x6e\x7c\
\x00\x00\x02\x12\x00\x00\x00\x00\x00\x01\x00\x00\x20\x0a\
\x00\x00\x0c\xdc\x00\x00\x00\x00\x00\x01\x00\x00\xc6\x3d\
\x00\x00\x08\x34\x00\x00\x00\x00\x00\x01\x00\x00\x7b\x46\
\x00\x00\x1e\x4e\x00\x00\x00\x00\x00\x01\x00\x01\xe4\x99\
\x00\x00\x09\xda\x00\x00\x00\x00\x00\x01\x00\x00\x99\x92\
\x00\x00\x16\x58\x00\x00\x00\x00\x00\x01\x00\x01\x68\x61\
\x00\x00\x1e\x36\x00\x00\x00\x00\x00\x01\x00\x01\xe3\x17\
\x00\x00\x11\x6e\x00\x00\x00\x00\x00\x01\x00\x01\x0c\xa9\
\x00\x00\x03\xae\x00\x00\x00\x00\x00\x01\x00\x00\x35\x2c\
\x00\x00\x18\xb6\x00\x00\x00\x00\x00\x01\x00\x01\x8d\x6f\
\x00\x00\x10\x0a\x00\x00\x00\x00\x00\x01\x00\x00\xf6\x3f\
\x00\x00\x14\xfe\x00\x00\x00\x00\x00\x01\x00\x01\x53\xc3\
\x00\x00\x05\x26\x00\x00\x00\x00\x00\x01\x00\x00\x4b\x09\
\x00\x00\x24\x58\x00\x00\x00\x00\x00\x01\x00\x02\x4b\x95\
\x00\x00\x13\x02\x00\x00\x00\x00\x00\x01\x00\x01\x2a\x40\
\x00\x00\x21\x04\x00\x00\x00\x00\x00\x01\x00\x02\x12\xbf\
\x00\x00\x04\xe4\x00\x00\x00\x00\x00\x01\x00\x00\x47\xe2\
\x00\x00\x25\x80\x00\x00\x00\x00\x00\x01\x00\x02\x5f\xda\
\x00\x00\x21\xe6\x00\x00\x00\x00\x00\x01\x00\x02\x20\x16\
\x00\x00\x06\x8a\x00\x00\x00\x00\x00\x01\x00\x00\x5f\xf9\
\x00\x00\x18\x04\x00\x00\x00\x00\x00\x01\x00\x01\x81\xec\
\x00\x00\x0e\x8c\x00\x00\x00\x00\x00\x01\x00\x00\xe2\x9f\
\x00\x00\x24\xac\x00\x00\x00\x00\x00\x01\x00\x02\x51\x19\
\x00\x00\x19\xe4\x00\x00\x00\x00\x00\x01\x00\x01\xa0\x28\
\x00\x00\x13\xf0\x00\x00\x00\x00\x00\x01\x00\x01\x3a\xba\
\x00\x00\x0a\x56\x00\x00\x00\x00\x00\x01\x00\x00\xa2\x43\
\x00\x00\x16\x8c\x00\x00\x00\x00\x00\x01\x00\x01\x6c\x2a\
\x00\x00\x04\xc4\x00\x00\x00\x00\x00\x01\x00\x00\x46\x6f\
\x00\x00\x01\xe2\x00\x00\x00\x00\x00\x01\x00\x00\x1a\x94\
\x00\x00\x03\xd8\x00\x00\x00\x00\x00\x01\x00\x00\x38\x8f\
\x00\x00\x18\xce\x00\x00\x00\x00\x00\x01\x00\x01\x8e\xd8\
\x00\x00\x11\xec\x00\x00\x00\x00\x00\x01\x00\x01\x15\x53\
\x00\x00\x11\x50\x00\x00\x00\x00\x00\x01\x00\x01\x0b\x43\
\x00\x00\x08\x70\x00\x00\x00\x00\x00\x01\x00\x00\x80\x1a\
\x00\x00\x19\x3a\x00\x00\x00\x00\x00\x01\x00\x01\x94\xbb\
\x00\x00\x22\x40\x00\x00\x00\x00\x00\x01\x00\x02\x26\xc3\
\x00\x00\x1d\xdc\x00\x00\x00\x00\x00\x01\x00\x01\xdd\x7f\
\x00\x00\x03\xc2\x00\x00\x00\x00\x00\x01\x00\x00\x36\xe6\
\x00\x00\x1c\x84\x00\x00\x00\x00\x00\x01\x00\x01\xc8\x44\
\x00\x00\x20\xe6\x00\x00\x00\x00\x00\x01\x00\x02\x11\x50\
\x00\x00\x0f\x98\x00\x00\x00\x00\x00\x01\x00\x00\xef\x8a\
\x00\x00\x1e\x70\x00\x00\x00\x00\x00\x01\x00\x01\xe5\xf2\
\x00\x00\x0e\x22\x00\x00\x00\x00\x00\x01\x00\x00\xda\xd0\
\x00\x00\x12\xb8\x00\x00\x00\x00\x00\x01\x00\x01\x25\xca\
\x00\x00\x14\x80\x00\x00\x00\x00\x00\x01\x00\x01\x44\xf4\
\x00\x00\x0b\xa6\x00\x00\x00\x00\x00\x01\x00\x00\xb6\xa7\
\x00\x00\x04\x64\x00\x00\x00\x00\x00\x01\x00\x00\x41\xf3\
\x00\x00\x09\xc0\x00\x00\x00\x00\x00\x01\x00\x00\x98\x35\
\x00\x00\x1b\x98\x00\x00\x00\x00\x00\x01\x00\x01\xb8\x67\
\x00\x00\x1e\xb8\x00\x00\x00\x00\x00\x01\x00\x01\xe9\x2e\
\x00\x00\x0b\x8e\x00\x00\x00\x00\x00\x01\x00\x00\xb4\x3f\
\x00\x00\x05\x5c\x00\x00\x00\x00\x00\x01\x00\x00\x4e\x38\
\x00\x00\x15\xfe\x00\x00\x00\x00\x00\x01\x00\x01\x63\x14\
\x00\x00\x22\x94\x00\x00\x00\x00\x00\x01\x00\x02\x2b\xc1\
\x00\x00\x20\x90\x00\x00\x00\x00\x00\x01\x00\x02\x0c\x6e\
\x00\x00\x12\xd0\x00\x00\x00\x00\x00\x01\x00\x01\x27\x31\
\x00\x00\x0f\xe4\x00\x00\x00\x00\x00\x01\x00\x00\xf4\x7c\
\x00\x00\x23\x4c\x00\x00\x00\x00\x00\x01\x00\x02\x3a\xc9\
\x00\x00\x07\x4a\x00\x00\x00\x00\x00\x01\x00\x00\x6b\x26\
\x00\x00\x23\x02\x00\x00\x00\x00\x00\x01\x00\x02\x30\xea\
\x00\x00\x15\x72\x00\x00\x00\x00\x00\x01\x00\x01\x58\x7a\
\x00\x00\x0d\x82\x00\x00\x00\x00\x00\x01\x00\x00\xd1\x13\
\x00\x00\x0c\xa8\x00\x00\x00\x00\x00\x01\x00\x00\xc4\x9e\
\x00\x00\x07\xea\x00\x00\x00\x00\x00\x01\x00\x00\x75\xef\
\x00\x00\x22\x5a\x00\x00\x00\x00\x00\x01\x00\x02\x28\x6e\
\x00\x00\x08\x52\x00\x00\x00\x00\x00\x01\x00\x00\x7c\xe9\
\x00\x00\x01\x10\x00\x00\x00\x00\x00\x01\x00\x00\x0f\xcc\
\x00\x00\x0c\x16\x00\x00\x00\x00\x00\x01\x00\x00\xbc\xfc\
\x00\x00\x00\x24\x00\x00\x00\x00\x00\x01\x00\x00\x00\x00\
\x00\x00\x12\x9a\x00\x00\x00\x00\x00\x01\x00\x01\x21\x34\
\x00\x00\x1f\x8a\x00\x00\x00\x00\x00\x01\x00\x01\xfb\xab\
\x00\x00\x05\x3a\x00\x00\x00\x00\x00\x01\x00\x00\x4c\xc4\
\x00\x00\x10\x8e\x00\x00\x00\x00\x00\x01\x00\x00\xff\x22\
\x00\x00\x09\x40\x00\x00\x00\x00\x00\x01\x00\x00\x90\x6b\
\x00\x00\x11\xb4\x00\x00\x00\x00\x00\x01\x00\x01\x11\xaf\
\x00\x00\x1f\xfc\x00\x00\x00\x00\x00\x01\x00\x02\x02\x69\
\x00\x00\x11\x18\x00\x00\x00\x00\x00\x01\x00\x01\x07\x73\
\x00\x00\x19\x54\x00\x00\x00\x00\x00\x01\x00\x01\x96\x0d\
\x00\x00\x21\x30\x00\x00\x00\x00\x00\x01\x00\x02\x16\xfc\
\x00\x00\x0c\x4e\x00\x00\x00\x00\x00\x01\x00\x00\xc0\x25\
\x00\x00\x05\x06\x00\x00\x00\x00\x00\x01\x00\x00\x49\x6b\
\x00\x00\x00\x94\x00\x00\x00\x00\x00\x01\x00\x00\x06\xd6\
\x00\x00\x0c\xf8\x00\x00\x00\x00\x00\x01\x00\x00\xc8\x0f\
\x00\x00\x0f\xb0\x00\x00\x00\x00\x00\x01\x00\x00\xf1\x65\
\x00\x00\x11\x90\x00\x00\x00\x00\x00\x01\x00\x01\x0f\xe7\
\x00\x00\x02\xee\x00\x00\x00\x00\x00\x01\x00\x00\x2b\xe6\
\x00\x00\x09\x80\x00\x00\x00\x00\x00\x01\x00\x00\x94\x48\
\x00\x00\x00\xd4\x00\x00\x00\x00\x00\x01\x00\x00\x0c\x82\
\x00\x00\x22\x28\x00\x00\x00\x00\x00\x01\x00\x02\x25\x4d\
\x00\x00\x23\x9a\x00\x00\x00\x00\x00\x01\x00\x02\x3f\xbd\
\x00\x00\x1b\xf0\x00\x00\x00\x00\x00\x01\x00\x01\xc1\x23\
\x00\x00\x1f\x32\x00\x00\x00\x00\x00\x01\x00\x01\xf3\xf1\
\x00\x00\x19\x24\x00\x00\x00\x00\x00\x01\x00\x01\x93\x21\
\x00\x00\x01\x6c\x00\x00\x00\x00\x00\x01\x00\x00\x15\x99\
\x00\x00\x17\x0a\x00\x00\x00\x00\x00\x01\x00\x01\x73\xb7\
\x00\x00\x13\xb8\x00\x00\x00\x00\x00\x01\x00\x01\x37\x8e\
\x00\x00\x1f\xc6\x00\x00\x00\x00\x00\x01\x00\x01\xff\x06\
\x00\x00\x20\x4e\x00\x00\x00\x00\x00\x01\x00\x02\x09\x5b\
\x00\x00\x15\xa6\x00\x00\x00\x00\x00\x01\x00\x01\x5d\x29\
\x00\x00\x1a\x20\x00\x00\x00\x00\x00\x01\x00\x01\xa4\x6e\
\x00\x00\x23\x86\x00\x00\x00\x00\x00\x01\x00\x02\x3e\x2f\
\x00\x00\x16\x22\x00\x00\x00\x00\x00\x01\x00\x01\x64\x8f\
\x00\x00\x0d\xcc\x00\x00\x00\x00\x00\x01\x00\x00\xd5\xdd\
\x00\x00\x07\xac\x00\x00\x00\x00\x00\x01\x00\x00\x71\xb4\
\x00\x00\x03\x90\x00\x00\x00\x00\x00\x01\x00\x00\x33\xed\
\x00\x00\x20\x12\x00\x00\x00\x00\x00\x01\x00\x02\x05\x61\
\x00\x00\x09\x9a\x00\x00\x00\x00\x00\x01\x00\x00\x95\xe3\
\x00\x00\x17\x24\x00\x00\x00\x00\x00\x01\x00\x01\x75\xda\
\x00\x00\x08\xdc\x00\x00\x00\x00\x00\x01\x00\x00\x8a\x23\
\x00\x00\x01\xbe\x00\x00\x00\x00\x00\x01\x00\x00\x19\x0c\
\x00\x00\x06\x0e\x00\x00\x00\x00\x00\x01\x00\x00\x58\xb5\
\x00\x00\x16\x36\x00\x00\x00\x00\x00\x01\x00\x01\x66\x4c\
\x00\x00\x22\xe2\x00\x00\x00\x00\x00\x01\x00\x02\x2e\xf3\
\x00\x00\x24\xd6\x00\x00\x00\x00\x00\x01\x00\x02\x54\xa8\
\x00\x00\x1c\xc8\x00\x00\x00\x00\x00\x01\x00\x01\xcd\x43\
\x00\x00\x24\x38\x00\x00\x00\x00\x00\x01\x00\x02\x48\xee\
\x00\x00\x06\xca\x00\x00\x00\x00\x00\x01\x00\x00\x64\x8a\
\x00\x00\x15\x8c\x00\x00\x00\x00\x00\x01\x00\x01\x59\xf4\
\x00\x00\x1e\xe2\x00\x00\x00\x00\x00\x01\x00\x01\xeb\xc7\
\x00\x00\x07\xce\x00\x00\x00\x00\x00\x01\x00\x00\x73\x85\
\x00\x00\x26\x00\x00\x00\x00\x00\x00\x01\x00\x02\x68\x59\
\x00\x00\x1f\xa8\x00\x00\x00\x00\x00\x01\x00\x01\xfd\x9c\
\x00\x00\x1a\x8c\x00\x00\x00\x00\x00\x01\x00\x01\xa9\x97\
\x00\x00\x13\x40\x00\x00\x00\x00\x00\x01\x00\x01\x2e\x57\
\x00\x00\x17\x70\x00\x00\x00\x00\x00\x01\x00\x01\x7b\x3c\
\x00\x00\x0d\x4e\x00\x00\x00\x00\x00\x01\x00\x00\xcc\x7d\
\x00\x00\x09\x64\x00\x00\x00\x00\x00\x01\x00\x00\x92\x98\
\x00\x00\x0a\x76\x00\x00\x00\x00\x00\x01\x00\x00\xa4\x75\
\x00\x00\x0e\xb0\x00\x00\x00\x00\x00\x01\x00\x00\xe4\x59\
\x00\x00\x1d\xf0\x00\x00\x00\x00\x00\x01\x00\x01\xde\xd9\
\x00\x00\x26\x34\x00\x00\x00\x00\x00\x01\x00\x02\x6c\x02\
\x00\x00\x1a\xe8\x00\x00\x00\x00\x00\x01\x00\x01\xaf\xfa\
\x00\x00\x1a\xac\x00\x00\x00\x00\x00\x01\x00\x01\xac\xce\
\x00\x00\x14\x94\x00\x00\x00\x00\x00\x01\x00\x01\x47\x4f\
\x00\x00\x14\x6a\x00\x00\x00\x00\x00\x01\x00\x01\x42\xd4\
\x00\x00\x1c\x3c\x00\x00\x00\x00\x00\x01\x00\x01\xc5\x7a\
\x00\x00\x1b\x1a\x00\x00\x00\x00\x00\x01\x00\x01\xb1\xba\
\x00\x00\x00\xaa\x00\x00\x00\x00\x00\x01\x00\x00\x08\x3a\
\x00\x00\x0f\x3a\x00\x00\x00\x00\x00\x01\x00\x00\xea\x93\
\x00\x00\x13\x22\x00\x00\x00\x00\x00\x01\x00\x01\x2c\x98\
\x00\x00\x23\xe2\x00\x00\x00\x00\x00\x01\x00\x02\x43\x0e\
\x00\x00\x21\x98\x00\x00\x00\x00\x00\x01\x00\x02\x1c\xe4\
\x00\x00\x1d\x04\x00\x00\x00\x00\x00\x01\x00\x01\xd0\x03\
\x00\x00\x03\x0a\x00\x00\x00\x00\x00\x01\x00\x00\x2d\xa7\
\x00\x00\x1c\xe8\x00\x00\x00\x00\x00\x01\x00\x01\xce\xa5\
\x00\x00\x1a\x60\x00\x00\x00\x00\x00\x01\x00\x01\xa7\xc1\
\x00\x00\x0e\x02\x00\x00\x00\x00\x00\x01\x00\x00\xd9\x78\
\x00\x00\x12\x40\x00\x00\x00\x00\x00\x01\x00\x01\x1b\x81\
\x00\x00\x1b\x60\x00\x00\x00\x00\x00\x01\x00\x01\xb5\xf4\
\x00\x00\x0b\x2e\x00\x00\x00\x00\x00\x01\x00\x00\xaf\x6b\
\x00\x00\x0b\xba\x00\x00\x00\x00\x00\x01\x00\x00\xb8\x22\
\x00\x00\x26\x1e\x00\x00\x00\x00\x00\x01\x00\x02\x69\xd0\
\x00\x00\x03\x30\x00\x00\x00\x00\x00\x01\x00\x00\x2f\x55\
\x00\x00\x18\x8e\x00\x00\x00\x00\x00\x01\x00\x01\x8c\x06\
\x00\x00\x25\x1a\x00\x00\x00\x00\x00\x01\x00\x02\x57\x7d\
\x00\x00\x22\x74\x00\x00\x00\x00\x00\x01\x00\x02\x2a\x49\
\x00\x00\x02\x8c\x00\x00\x00\x00\x00\x01\x00\x00\x26\xb2\
"

qt_resource_struct_v2 = b"\
\x00\x00\x00\x00\x00\x02\x00\x00\x00\x01\x00\x00\x00\x01\
\x00\x00\x00\x00\x00\x00\x00\x00\
\x00\x00\x00\x00\x00\x02\x00\x00\x00\x01\x00\x00\x00\x02\
\x00\x00\x00\x00\x00\x00\x00\x00\
\x00\x00\x00\x0e\x00\x02\x00\x00\x01\x47\x00\x00\x00\x03\
\x00\x00\x00\x00\x00\x00\x00\x00\
\x00\x00\x14\xe8\x00\x00\x00\x00\x00\x01\x00\x01\x52\x26\
\x00\x00\x01\x7c\x38\x58\x2f\xe0\
\x00\x00\x0c\x6a\x00\x00\x00\x00\x00\x01\x00\x00\xc1\xaa\
\x00\x00\x01\x7c\x38\x58\x2f\xe0\
\x00\x00\x25\x3e\x00\x00\x00\x00\x00\x01\x00\x02\x58\xf9\
\x00\x00\x01\x7c\x38\x58\x2f\xe0\
\x00\x00\x12\xec\x00\x00\x00\x00\x00\x01\x00\x01\x28\xbe\
\x00\x00\x01\x7c\x38\x58\x2f\xe0\
\x00\x00\x04\x7e\x00\x00\x00\x00\x00\x01\x00\x00\x43\x37\
\x00\x00\x01\x7c\x38\x58\x2f\xe0\
\x00\x00\x14\xd2\x00\x00\x00\x00\x00\x01\x00\x01\x50\xc1\
\x00\x00\x01\x7c\x38\x58\x2f\xe0\
\x00\x00\x0f\x72\x00\x00\x00\x00\x00\x01\x00\x00\xed\xfd\
\x00\x00\x01\x7c\x38\x58\x2f\xe0\
\x00\x00\x26\x52\x00\x00\x00\x00\x00\x01\x00\x02\x6d\x84\
\x00\x00\x01\x7c\x38\x58\x2f\xe0\
\x00\x00\x0d\x6c\x00\x00\x00\x00\x00\x01\x00\x00\xce\x3c\
\x00\x00\x01\x7c\x38\x58\x2f\xe0\
\x00\x00\x18\xe8\x00\x00\x00\x00\x00\x01\x00\x01\x90\x1c\
\x00\x00\x01\x7c\x38\x58\x2f\xe0\
\x00\x00\x04\x9e\x00\x00\x00\x00\x00\x01\x00\x00\x44\xf1\
\x00\x00\x01\x7c\x38\x58\x2f\xe0\
\x00\x00\x10\x68\x00\x00\x00\x00\x00\x01\x00\x00\xfd\x2f\
\x00\x00\x01\x7c\x38\x58\x2f\xe0\
\x00\x00\x1f\xe6\x00\x00\x00\x00\x00\x01\x00\x02\x01\x0a\
\x00\x00\x01\x7c\x38\x58\x2f\xe0\
\x00\x00\x23\xf8\x00\x00\x00\x00\x00\x01\x00\x02\x44\xa6\
\x00\x00\x01\x7c\x38\x58\x2f\xe0\
\x00\x00\x0f\xce\x00\x00\x00\x00\x00\x01\x00\x00\xf2\xca\
\x00\x00\x01\x7c\x38\x58\x2f\xe0\
\x00\x00\x21\xca\x00\x00\x00\x00\x00\x01\x00\x02\x1e\x86\
\x00\x00\x01\x7c\x38\x58\x2f\xe0\
\x00\x00\x09\xf0\x00\x00\x00\x00\x00\x01\x00\x00\x9a\xf8\
\x00\x00\x01\x7c\x38\x58\x2f\xe0\
\x00\x00\x00\x58\x00\x00\x00\x00\x00\x01\x00\x00\x03\x2c\
\x00\x00\x01\x7c\x38\x58\x2f\xe0\
\x00\x00\x05\x72\x00\x00\x00\x00\x00\x01\x00\x00\x50\x40\
\x00\x00\x01\x7c\x38\x58\x2f\xe0\
\x00\x00\x0a\xfe\x00\x00\x00\x00\x00\x01\x00\x00\xac\x80\
\x00\x00\x01\x7c\x38\x58\x2f\xe0\
\x00\x00\x02\x40\x00\x00\x00\x00\x00\x01\x00\x00\x21\xbe\
\x00\x00\x01\x7c\x38\x58\x2f\xe0\
\x00\x00\x03\x68\x00\x00\x00\x00\x00\x01\x00\x00\x32\x2e\
\x00\x00\x01\x7c\x38\x58\x2f\xe0\
\x00\x00\x25\x9a\x00\x00\x00\x00\x00\x01\x00\x02\x62\x94\
\x00\x00\x01\x7c\x38\x58\x2f\xe0\
\x00\x00\x0e\xea\x00\x00\x00\x00\x00\x01\x00\x00\xe6\xf8\
\x00\x00\x01\x7c\x38\x58\x2f\xe0\
\x00\x00\x11\x30\x00\x00\x00\x00\x00\x01\x00\x01\x09\x98\
\x00\x00\x01\x7c\x38\x58\x2f\xe0\
\x00\x00\x1b\xd2\x00\x00\x00\x00\x00\x01\x00\x01\xbe\x6e\
\x00\x00\x01\x7c\x38\x58\x2f\xe0\
\x00\x00\x1a\x36\x00\x00\x00\x00\x00\x01\x00\x01\xa6\x24\
\x00\x00\x01\x7c\x38\x58\x2f\xe0\
\x00\x00\x07\x0c\x00\x00\x00\x00\x00\x01\x00\x00\x68\x21\
\x00\x00\x01\x7c\x38\x58\x2f\xe0\
\x00\x00\x23\x32\x00\x00\x00\x00\x00\x01\x00\x02\x36\x5a\
\x00\x00\x01\x7c\x38\x58\x2f\xe0\
\x00\x00\x16\xf0\x00\x00\x00\x00\x00\x01\x00\x01\x72\x3a\
\x00\x00\x01\x7c\x38\x58\x2f\xe0\
\x00\x00\x25\xb6\x00\x00\x00\x00\x00\x01\x00\x02\x64\x83\
\x00\x00\x01\x7c\x38\x58\x2f\xe0\
\x00\x00\x06\x76\x00\x00\x00\x00\x00\x01\x00\x00\x5e\x7e\
\x00\x00\x01\x7c\x38\x58\x2f\xe0\
\x00\x00\x06\xaa\x00\x00\x00\x00\x00\x01\x00\x00\x62\x36\
\x00\x00\x01\x7c\x38\x58\x2f\xe0\
\x00\x00\x18\x3e\x00\x00\x00\x00\x00\x01\x00\x01\x85\x5f\
\x00\x00\x01\x7c\x38\x58\x2f\xe0\
\x00\x00\x04\x3c\x00\x00\x00\x00\x00\x01\x00\x00\x40\x13\
\x00\x00\x01\x7c\x38\x58\x2f\xe0\
\x00\x00\x24\x18\x00\x00\x00\x00\x00\x01\x00\x02\x47\x4e\
\x00\x00\x01\x7c\x38\x58\x2f\xe0\
\x00\x00\x21\x5c\x00\x00\x00\x00\x00\x01\x00\x02\x18\x9f\
\x00\x00\x01\x7c\x38\x58\x2f\xe0\
\x00\x00\x1e\x14\x00\x00\x00\x00\x00\x01\x00\x01\xe0\x7f\
\x00\x00\x01\x7c\x38\x58\x2f\xe0\
\x00\x00\x1d\x76\x00\x00\x00\x00\x00\x01\x00\x01\xd7\x94\
\x00\x00\x01\x7c\x38\x58\x2f\xe0\
\x00\x00\x01\x56\x00\x00\x00\x00\x00\x01\x00\x00\x14\x05\
\x00\x00\x01\x7c\x38\x58\x2f\xe0\
\x00\x00\x1e\xfc\x00\x00\x00\x00\x00\x01\x00\x01\xf0\x1f\
\x00\x00\x01\x7c\x38\x58\x2f\xe0\
\x00\x00\x25\x04\x00\x00\x00\x00\x00\x01\x00\x02\x56\x44\
\x00\x00\x01\x7c\x38\x58\x2f\xe0\
\x00\x00\x15\xbc\x00\x00\x00\x00\x00\x01\x00\x01\x5e\x79\
\x00\x00\x01\x7c\x38\x58\x2f\xe0\
\x00\x00\x04\x14\x00\x00\x00\x00\x00\x01\x00\x00\x3e\x6c\
\x00\x00\x01\x7c\x38\x58\x2f\xe0\
\x00\x00\x0b\x68\x00\x00\x00\x00\x00\x01\x00\x00\xb2\xa4\
\x00\x00\x01\x7c\x38\x58\x2f\xe0\
\x00\x00\x0a\x9c\x00\x00\x00\x00\x00\x01\x00\x00\xa6\x0c\
\x00\x00\x01\x7c\x38\x58\x2f\xe0\
\x00\x00\x1c\xa2\x00\x00\x00\x00\x00\x01\x00\x01\xcb\x41\
\x00\x00\x01\x7c\x38\x58\x2f\xe0\
\x00\x00\x00\xbe\x00\x00\x00\x00\x00\x01\x00\x00\x09\xe3\
\x00\x00\x01\x7c\x38\x58\x2f\xe0\
\x00\x00\x05\x98\x00\x00\x00\x00\x00\x01\x00\x00\x51\x9e\
\x00\x00\x01\x7c\x38\x58\x2f\xe0\
\x00\x00\x0a\x36\x00\x00\x00\x00\x00\x01\x00\x00\x9e\x0e\
\x00\x00\x01\x7c\x38\x58\x2f\xe0\
\x00\x00\x19\x00\x00\x00\x00\x00\x00\x01\x00\x01\x91\xc5\
\x00\x00\x01\x7c\x38\x58\x2f\xe0\
\x00\x00\x21\xfa\x00\x00\x00\x00\x00\x01\x00\x02\x23\x5d\
\x00\x00\x01\x7c\x38\x58\x2f\xe0\
\x00\x00\x0d\x3a\x00\x00\x00\x00\x00\x01\x00\x00\xca\xec\
\x00\x00\x01\x7c\x38\x58\x2f\xe0\
\x00\x00\x08\xfe\x00\x00\x00\x00\x00\x01\x00\x00\x8c\x06\
\x00\x00\x01\x7c\x38\x58\x2f\xe0\
\x00\x00\x07\x94\x00\x00\x00\x00\x00\x01\x00\x00\x6f\xd6\
\x00\x00\x01\x7c\x38\x58\x2f\xe0\
\x00\x00\x1c\x0a\x00\x00\x00\x00\x00\x01\x00\x01\xc2\xad\
\x00\x00\x01\x7c\x38\x58\x2f\xe0\
\x00\x00\x00\xec\x00\x00\x00\x00\x00\x01\x00\x00\x0e\x4a\
\x00\x00\x01\x7c\x38\x58\x2f\xe0\
\x00\x00\x1b\x3c\x00\x00\x00\x00\x00\x01\x00\x01\xb3\xb3\
\x00\x00\x01\x7c\x38\x58\x2f\xe0\
\x00\x00\x01\x86\x00\x00\x00\x00\x00\x01\x00\x00\x17\x5b\
\x00\x00\x01\x7c\x38\x58\x2f\xe0\
\x00\x00\x25\xd0\x00\x00\x00\x00\x00\x01\x00\x02\x66\xbe\
\x00\x00\x01\x7c\x38\x58\x2f\xe0\
\x00\x00\x1f\x62\x00\x00\x00\x00\x00\x01\x00\x01\xf9\xcb\
\x00\x00\x01\x7c\x38\x58\x2f\xe0\
\x00\x00\x05\xcc\x00\x00\x00\x00\x00\x01\x00\x00\x55\xc0\
\x00\x00\x01\x7c\x38\x58\x2f\xe0\
\x00\x00\x20\x6c\x00\x00\x00\x00\x00\x01\x00\x02\x0a\xf7\
\x00\x00\x01\x7c\x38\x58\x2f\xe0\
\x00\x00\x09\x24\x00\x00\x00\x00\x00\x01\x00\x00\x8e\xcf\
\x00\x00\x01\x7c\x38\x58\x2f\xe0\
\x00\x00\x20\xb0\x00\x00\x00\x00\x00\x01\x00\x02\x0e\x19\
\x00\x00\x01\x7c\x38\x58\x2f\xe0\
\x00\x00\x0b\xda\x00\x00\x00\x00\x00\x01\x00\x00\xb9\xb0\
\x00\x00\x01\x7c\x38\x58\x2f\xe0\
\x00\x00\x06\x4e\x00\x00\x00\x00\x00\x01\x00\x00\x5c\xc2\
\x00\x00\x01\x7c\x38\x58\x2f\xe0\
\x00\x00\x12\x5a\x00\x00\x00\x00\x00\x01\x00\x01\x1d\x2e\
\x00\x00\x01\x7c\x38\x58\x2f\xe0\
\x00\x00\x18\x56\x00\x00\x00\x00\x00\x01\x00\x01\x88\x1b\
\x00\x00\x01\x7c\x38\x58\x2f\xe0\
\x00\x00\x1d\x28\x00\x00\x00\x00\x00\x01\x00\x01\xd1\x91\
\x00\x00\x01\x7c\x38\x58\x2f\xe0\
\x00\x00\x17\x5c\x00\x00\x00\x00\x00\x01\x00\x01\x78\xc4\
\x00\x00\x01\x7c\x38\x58\x2f\xe0\
\x00\x00\x10\xe8\x00\x00\x00\x00\x00\x01\x00\x01\x04\x7f\
\x00\x00\x01\x7c\x38\x58\x2f\xe0\
\x00\x00\x12\x08\x00\x00\x00\x00\x00\x01\x00\x01\x18\x41\
\x00\x00\x01\x7c\x38\x58\x2f\xe0\
\x00\x00\x03\x48\x00\x00\x00\x00\x00\x01\x00\x00\x30\xcd\
\x00\x00\x01\x7c\x38\x58\x2f\xe0\
\x00\x00\x0d\x14\x00\x00\x00\x00\x00\x01\x00\x00\xc9\x67\
\x00\x00\x01\x7c\x38\x58\x2f\xe0\
\x00\x00\x16\x6e\x00\x00\x00\x00\x00\x01\x00\x01\x6a\x08\
\x00\x00\x01\x7c\x38\x58\x2f\xe0\
\x00\x00\x15\x2e\x00\x00\x00\x00\x00\x01\x00\x01\x55\x80\
\x00\x00\x01\x7c\x38\x58\x2f\xe0\
\x00\x00\x10\x46\x00\x00\x00\x00\x00\x01\x00\x00\xfb\x0f\
\x00\x00\x01\x7c\x38\x58\x2f\xe0\
\x00\x00\x1c\x64\x00\x00\x00\x00\x00\x01\x00\x01\xc6\xdd\
\x00\x00\x01\x7c\x38\x58\x2f\xe0\
\x00\x00\x13\x78\x00\x00\x00\x00\x00\x01\x00\x01\x32\xd5\
\x00\x00\x01\x7c\x38\x58\x2f\xe0\
\x00\x00\x0a\xbe\x00\x00\x00\x00\x00\x01\x00\x00\xa7\xbd\
\x00\x00\x01\x7c\x38\x58\x2f\xe0\
\x00\x00\x08\x1a\x00\x00\x00\x00\x00\x01\x00\x00\x79\xcd\
\x00\x00\x01\x7c\x38\x58\x2f\xe0\
\x00\x00\x14\xbc\x00\x00\x00\x00\x00\x01\x00\x01\x4f\x0a\
\x00\x00\x01\x7c\x38\x58\x2f\xe0\
\x00\x00\x08\xbe\x00\x00\x00\x00\x00\x01\x00\x00\x88\x4f\
\x00\x00\x01\x7c\x38\x58\x2f\xe0\
\x00\x00\x05\xf8\x00\x00\x00\x00\x00\x01\x00\x00\x57\x69\
\x00\x00\x01\x7c\x38\x58\x2f\xe0\
\x00\x00\x1d\x94\x00\x00\x00\x00\x00\x01\x00\x01\xd9\x5a\
\x00\x00\x01\x7c\x38\x58\x2f\xe0\
\x00\x00\x0e\xd2\x00\x00\x00\x00\x00\x01\x00\x00\xe5\xbe\
\x00\x00\x01\x7c\x38\x58\x2f\xe0\
\x00\x00\x17\xbe\x00\x00\x00\x00\x00\x01\x00\x01\x7e\xed\
\x00\x00\x01\x7c\x38\x58\x2f\xe0\
\x00\x00\x0e\x6c\x00\x00\x00\x00\x00\x01\x00\x00\xe1\x35\
\x00\x00\x01\x7c\x38\x58\x2f\xe0\
\x00\x00\x1f\x14\x00\x00\x00\x00\x00\x01\x00\x01\xf2\x08\
\x00\x00\x01\x7c\x38\x58\x2f\xe0\
\x00\x00\x22\xbe\x00\x00\x00\x00\x00\x01\x00\x02\x2d\x50\
\x00\x00\x01\x7c\x38\x58\x2f\xe0\
\x00\x00\x19\xfe\x00\x00\x00\x00\x00\x01\x00\x01\xa2\xe4\
\x00\x00\x01\x7c\x38\x58\x2f\xe0\
\x00\x00\x13\xce\x00\x00\x00\x00\x00\x01\x00\x01\x39\x57\
\x00\x00\x01\x7c\x38\x58\x2f\xe0\
\x00\x00\x19\xce\x00\x00\x00\x00\x00\x01\x00\x01\x9e\xb4\
\x00\x00\x01\x7c\x38\x58\x2f\xe0\
\x00\x00\x25\x5c\x00\x00\x00\x00\x00\x01\x00\x02\x5e\x75\
\x00\x00\x01\x7c\x38\x58\x2f\xe0\
\x00\x00\x19\x84\x00\x00\x00\x00\x00\x01\x00\x01\x99\xd9\
\x00\x00\x01\x7c\x38\x58\x2f\xe0\
\x00\x00\x1d\xc6\x00\x00\x00\x00\x00\x01\x00\x01\xdc\x38\
\x00\x00\x01\x7c\x38\x58\x2f\xe0\
\x00\x00\x0f\x56\x00\x00\x00\x00\x00\x01\x00\x00\xeb\xf6\
\x00\x00\x01\x7c\x38\x58\x2f\xe0\
\x00\x00\x21\x80\x00\x00\x00\x00\x00\x01\x00\x02\x19\xfb\
\x00\x00\x01\x7c\x38\x58\x2f\xe0\
\x00\x00\x10\x2c\x00\x00\x00\x00\x00\x01\x00\x00\xf9\x13\
\x00\x00\x01\x7c\x38\x58\x2f\xe0\
\x00\x00\x14\x22\x00\x00\x00\x00\x00\x01\x00\x01\x3d\xa2\
\x00\x00\x01\x7c\x38\x58\x2f\xe0\
\x00\x00\x23\x1c\x00\x00\x00\x00\x00\x01\x00\x02\x33\x03\
\x00\x00\x01\x7c\x38\x58\x2f\xe0\
\x00\x00\x12\x84\x00\x00\x00\x00\x00\x01\x00\x01\x1e\xc7\
\x00\x00\x01\x7c\x38\x58\x2f\xe0\
\x00\x00\x1c\x20\x00\x00\x00\x00\x00\x01\x00\x01\xc3\xee\
\x00\x00\x01\x7c\x38\x58\x2f\xe0\
\x00\x00\x1d\x5a\x00\x00\x00\x00\x00\x01\x00\x01\xd4\xb0\
\x00\x00\x01\x7c\x38\x58\x2f\xe0\
\x00\x00\x17\x96\x00\x00\x00\x00\x00\x01\x00\x01\x7c\x96\
\x00\x00\x01\x7c\x38\x58\x2f\xe0\
\x00\x00\x24\x96\x00\x00\x00\x00\x00\x01\x00\x02\x4f\xad\
\x00\x00\x01\x7c\x38\x58\x2f\xe0\
\x00\x00\x13\x98\x00\x00\x00\x00\x00\x01\x00\x01\x34\xc2\
\x00\x00\x01\x7c\x38\x58\x2f\xe0\
\x00\x00\x02\xb2\x00\x00\x00\x00\x00\x01\x00\x00\x28\x77\
\x00\x00\x01\x7c\x38\x58\x2f\xe0\
\x00\x00\x08\xaa\x00\x00\x00\x00\x00\x01\x00\x00\x83\xdf\
\x00\x00\x01\x7c\x38\x58\x2f\xe0\
\x00\x00\x23\xb4\x00\x00\x00\x00\x00\x01\x00\x02\x41\x45\
\x00\x00\x01\x7c\x38\x58\x2f\xe0\
\x00\x00\x01\x40\x00\x00\x00\x00\x00\x01\x00\x00\x11\x90\
\x00\x00\x01\x7c\x38\x58\x2f\xe0\
\x00\x00\x0e\x50\x00\x00\x00\x00\x00\x01\x00\x00\xdf\x7a\
\x00\x00\x01\x7c\x38\x58\x2f\xe0\
\x00\x00\x20\xce\x00\x00\x00\x00\x00\x01\x00\x02\x0f\xca\
\x00\x00\x01\x7c\x38\x58\x2f\xe0\
\x00\x00\x00\x78\x00\x00\x00\x00\x00\x01\x00\x00\x04\x80\
\x00\x00\x01\x7c\x38\x58\x2f\xe0\
\x00\x00\x06\x2c\x00\x00\x00\x00\x00\x01\x00\x00\x5a\x22\
\x00\x00\x01\x7c\x38\x58\x2f\xe0\
\x00\x00\x21\x18\x00\x00\x00\x00\x00\x01\x00\x02\x14\x90\
\x00\x00\x01\x7c\x38\x58\x2f\xe0\
\x00\x00\x0d\xb8\x00\x00\x00\x00\x00\x01\x00\x00\xd4\x12\
\x00\x00\x01\x7c\x38\x58\x2f\xe0\
\x00\x00\x19\x6a\x00\x00\x00\x00\x00\x01\x00\x01\x98\x7b\
\x00\x00\x01\x7c\x38\x58\x2f\xe0\
\x00\x00\x20\x30\x00\x00\x00\x00\x00\x01\x00\x02\x07\xfe\
\x00\x00\x01\x7c\x38\x58\x2f\xe0\
\x00\x00\x23\x68\x00\x00\x00\x00\x00\x01\x00\x02\x3c\x2a\
\x00\x00\x01\x7c\x38\x58\x2f\xe0\
\x00\x00\x15\x4c\x00\x00\x00\x00\x00\x01\x00\x01\x57\x0f\
\x00\x00\x01\x7c\x38\x58\x2f\xe0\
\x00\x00\x03\xfa\x00\x00\x00\x00\x00\x01\x00\x00\x3b\x17\
\x00\x00\x01\x7c\x38\x58\x2f\xe0\
\x00\x00\x1e\x8e\x00\x00\x00\x00\x00\x01\x00\x01\xe7\x7d\
\x00\x00\x01\x7c\x38\x58\x2f\xe0\
\x00\x00\x1a\xd6\x00\x00\x00\x00\x00\x01\x00\x01\xae\xbe\
\x00\x00\x01\x7c\x38\x58\x2f\xe0\
\x00\x00\x10\xb0\x00\x00\x00\x00\x00\x01\x00\x01\x01\xf5\
\x00\x00\x01\x7c\x38\x58\x2f\xe0\
\x00\x00\x16\xda\x00\x00\x00\x00\x00\x01\x00\x01\x70\x06\
\x00\x00\x01\x7c\x38\x58\x2f\xe0\
\x00\x00\x18\x6c\x00\x00\x00\x00\x00\x01\x00\x01\x89\xb1\
\x00\x00\x01\x7c\x38\x58\x2f\xe0\
\x00\x00\x07\x76\x00\x00\x00\x00\x00\x01\x00\x00\x6e\x4d\
\x00\x00\x01\x7c\x38\x58\x2f\xe0\
\x00\x00\x1f\x50\x00\x00\x00\x00\x00\x01\x00\x01\xf6\x51\
\x00\x00\x01\x7c\x38\x58\x2f\xe0\
\x00\x00\x02\x76\x00\x00\x00\x00\x00\x01\x00\x00\x25\x56\
\x00\x00\x01\x7c\x38\x58\x2f\xe0\
\x00\x00\x17\x44\x00\x00\x00\x00\x00\x01\x00\x01\x77\x76\
\x00\x00\x01\x7c\x38\x58\x2f\xe0\
\x00\x00\x24\xc2\x00\x00\x00\x00\x00\x01\x00\x02\x53\x49\
\x00\x00\x01\x7c\x38\x58\x2f\xe0\
\x00\x00\x02\xc8\x00\x00\x00\x00\x00\x01\x00\x00\x2a\x12\
\x00\x00\x01\x7c\x38\x58\x2f\xe0\
\x00\x00\x00\x3a\x00\x00\x00\x00\x00\x01\x00\x00\x01\xab\
\x00\x00\x01\x7c\x38\x58\x2f\xe0\
\x00\x00\x0a\xd4\x00\x00\x00\x00\x00\x01\x00\x00\xa9\xb4\
\x00\x00\x01\x7c\x38\x58\x2f\xe0\
\x00\x00\x17\xe6\x00\x00\x00\x00\x00\x01\x00\x01\x80\x6e\
\x00\x00\x01\x7c\x38\x58\x2f\xe0\
\x00\x00\x01\xfa\x00\x00\x00\x00\x00\x01\x00\x00\x1e\x33\
\x00\x00\x01\x7c\x38\x58\x2f\xe0\
\x00\x00\x07\x60\x00\x00\x00\x00\x00\x01\x00\x00\x6c\x6f\
\x00\x00\x01\x7c\x38\x58\x2f\xe0\
\x00\x00\x0d\xea\x00\x00\x00\x00\x00\x01\x00\x00\xd7\x41\
\x00\x00\x01\x7c\x38\x58\x2f\xe0\
\x00\x00\x0b\xf4\x00\x00\x00\x00\x00\x01\x00\x00\xbb\x53\
\x00\x00\x01\x7c\x38\x58\x2f\xe0\
\x00\x00\x19\xb0\x00\x00\x00\x00\x00\x01\x00\x01\x9d\x32\
\x00\x00\x01\x7c\x38\x58\x2f\xe0\
\x00\x00\x11\xce\x00\x00\x00\x00\x00\x01\x00\x01\x13\xf8\
\x00\x00\x01\x7c\x38\x58\x2f\xe0\
\x00\x00\x05\xb4\x00\x00\x00\x00\x00\x01\x00\x00\x53\xca\
\x00\x00\x01\x7c\x38\x58\x2f\xe0\
\x00\x00\x14\x38\x00\x00\x00\x00\x00\x01\x00\x01\x3f\x1c\
\x00\x00\x01\x7c\x38\x58\x2f\xe0\
\x00\x00\x14\x0e\x00\x00\x00\x00\x00\x01\x00\x01\x3c\x3d\
\x00\x00\x01\x7c\x38\x58\x2f\xe0\
\x00\x00\x1d\x42\x00\x00\x00\x00\x00\x01\x00\x01\xd3\x4f\
\x00\x00\x01\x7c\x38\x58\x2f\xe0\
\x00\x00\x0d\xa0\x00\x00\x00\x00\x00\x01\x00\x00\xd2\x8c\
\x00\x00\x01\x7c\x38\x58\x2f\xe0\
\x00\x00\x10\xfe\x00\x00\x00\x00\x00\x01\x00\x01\x06\x05\
\x00\x00\x01\x7c\x38\x58\x2f\xe0\
\x00\x00\x12\x2a\x00\x00\x00\x00\x00\x01\x00\x01\x19\xf1\
\x00\x00\x01\x7c\x38\x58\x2f\xe0\
\x00\x00\x18\x26\x00\x00\x00\x00\x00\x01\x00\x01\x83\xc2\
\x00\x00\x01\x7c\x38\x58\x2f\xe0\
\x00\x00\x0b\x52\x00\x00\x00\x00\x00\x01\x00\x00\xb1\x50\
\x00\x00\x01\x7c\x38\x58\x2f\xe0\
\x00\x00\x19\x9a\x00\x00\x00\x00\x00\x01\x00\x01\x9b\x1c\
\x00\x00\x01\x7c\x38\x58\x2f\xe0\
\x00\x00\x24\x76\x00\x00\x00\x00\x00\x01\x00\x02\x4d\xf4\
\x00\x00\x01\x7c\x38\x58\x2f\xe0\
\x00\x00\x0e\x36\x00\x00\x00\x00\x00\x01\x00\x00\xdd\x5d\
\x00\x00\x01\x7c\x38\x58\x2f\xe0\
\x00\x00\x07\x32\x00\x00\x00\x00\x00\x01\x00\x00\x69\xab\
\x00\x00\x01\x7c\x38\x58\x2f\xe0\
\x00\x00\x0a\xe6\x00\x00\x00\x00\x00\x01\x00\x00\xab\x33\
\x00\x00\x01\x7c\x38\x58\x2f\xe0\
\x00\x00\x0c\x80\x00\x00\x00\x00\x00\x01\x00\x00\xc3\x13\
\x00\x00\x01\x7c\x38\x58\x2f\xe0\
\x00\x00\x13\x5a\x00\x00\x00\x00\x00\x01\x00\x01\x30\x8c\
\x00\x00\x01\x7c\x38\x58\x2f\xe0\
\x00\x00\x15\xe2\x00\x00\x00\x00\x00\x01\x00\x01\x61\x94\
\x00\x00\x01\x7c\x38\x58\x2f\xe0\
\x00\x00\x14\x54\x00\x00\x00\x00\x00\x01\x00\x01\x40\x7a\
\x00\x00\x01\x7c\x38\x58\x2f\xe0\
\x00\x00\x08\x8e\x00\x00\x00\x00\x00\x01\x00\x00\x81\xf7\
\x00\x00\x01\x7c\x38\x58\x2f\xe0\
\x00\x00\x07\xfe\x00\x00\x00\x00\x00\x01\x00\x00\x78\x23\
\x00\x00\x01\x7c\x38\x58\x2f\xe0\
\x00\x00\x1b\xbc\x00\x00\x00\x00\x00\x01\x00\x01\xbc\x98\
\x00\x00\x01\x7c\x38\x58\x2f\xe0\
\x00\x00\x0c\x2c\x00\x00\x00\x00\x00\x01\x00\x00\xbe\x9d\
\x00\x00\x01\x7c\x38\x58\x2f\xe0\
\x00\x00\x0f\x0e\x00\x00\x00\x00\x00\x01\x00\x00\xe8\xfb\
\x00\x00\x01\x7c\x38\x58\x2f\xe0\
\x00\x00\x02\x62\x00\x00\x00\x00\x00\x01\x00\x00\x23\x9b\
\x00\x00\x01\x7c\x38\x58\x2f\xe0\
\x00\x00\x0a\x0c\x00\x00\x00\x00\x00\x01\x00\x00\x9c\x92\
\x00\x00\x01\x7c\x38\x58\x2f\xe0\
\x00\x00\x06\xe2\x00\x00\x00\x00\x00\x01\x00\x00\x66\x9b\
\x00\x00\x01\x7c\x38\x58\x2f\xe0\
\x00\x00\x16\xae\x00\x00\x00\x00\x00\x01\x00\x01\x6e\x7c\
\x00\x00\x01\x7c\x38\x58\x2f\xe0\
\x00\x00\x02\x12\x00\x00\x00\x00\x00\x01\x00\x00\x20\x0a\
\x00\x00\x01\x7c\x38\x58\x2f\xe0\
\x00\x00\x0c\xdc\x00\x00\x00\x00\x00\x01\x00\x00\xc6\x3d\
\x00\x00\x01\x7c\x38\x58\x2f\xe0\
\x00\x00\x08\x34\x00\x00\x00\x00\x00\x01\x00\x00\x7b\x46\
\x00\x00\x01\x7c\x38\x58\x2f\xe0\
\x00\x00\x1e\x4e\x00\x00\x00\x00\x00\x01\x00\x01\xe4\x99\
\x00\x00\x01\x7c\x38\x58\x2f\xe0\
\x00\x00\x09\xda\x00\x00\x00\x00\x00\x01\x00\x00\x99\x92\
\x00\x00\x01\x7c\x38\x58\x2f\xe0\
\x00\x00\x16\x58\x00\x00\x00\x00\x00\x01\x00\x01\x68\x61\
\x00\x00\x01\x7c\x38\x58\x2f\xe0\
\x00\x00\x1e\x36\x00\x00\x00\x00\x00\x01\x00\x01\xe3\x17\
\x00\x00\x01\x7c\x38\x58\x2f\xe0\
\x00\x00\x11\x6e\x00\x00\x00\x00\x00\x01\x00\x01\x0c\xa9\
\x00\x00\x01\x7c\x38\x58\x2f\xe0\
\x00\x00\x03\xae\x00\x00\x00\x00\x00\x01\x00\x00\x35\x2c\
\x00\x00\x01\x7c\x38\x58\x2f\xe0\
\x00\x00\x18\xb6\x00\x00\x00\x00\x00\x01\x00\x01\x8d\x6f\
\x00\x00\x01\x7c\x38\x58\x2f\xe0\
\x00\x00\x10\x0a\x00\x00\x00\x00\x00\x01\x00\x00\xf6\x3f\
\x00\x00\x01\x7c\x38\x58\x2f\xe0\
\x00\x00\x14\xfe\x00\x00\x00\x00\x00\x01\x00\x01\x53\xc3\
\x00\x00\x01\x7c\x38\x58\x2f\xe0\
\x00\x00\x05\x26\x00\x00\x00\x00\x00\x01\x00\x00\x4b\x09\
\x00\x00\x01\x7c\x38\x58\x2f\xe0\
\x00\x00\x24\x58\x00\x00\x00\x00\x00\x01\x00\x02\x4b\x95\
\x00\x00\x01\x7c\x38\x58\x2f\xe0\
\x00\x00\x13\x02\x00\x00\x00\x00\x00\x01\x00\x01\x2a\x40\
\x00\x00\x01\x7c\x38\x58\x2f\xe0\
\x00\x00\x21\x04\x00\x00\x00\x00\x00\x01\x00\x02\x12\xbf\
\x00\x00\x01\x7c\x38\x58\x2f\xe0\
\x00\x00\x04\xe4\x00\x00\x00\x00\x00\x01\x00\x00\x47\xe2\
\x00\x00\x01\x7c\x38\x58\x2f\xe0\
\x00\x00\x25\x80\x00\x00\x00\x00\x00\x01\x00\x02\x5f\xda\
\x00\x00\x01\x7c\x38\x58\x2f\xe0\
\x00\x00\x21\xe6\x00\x00\x00\x00\x00\x01\x00\x02\x20\x16\
\x00\x00\x01\x7c\x38\x58\x2f\xe0\
\x00\x00\x06\x8a\x00\x00\x00\x00\x00\x01\x00\x00\x5f\xf9\
\x00\x00\x01\x7c\x38\x58\x2f\xe0\
\x00\x00\x18\x04\x00\x00\x00\x00\x00\x01\x00\x01\x81\xec\
\x00\x00\x01\x7c\x38\x58\x2f\xe0\
\x00\x00\x0e\x8c\x00\x00\x00\x00\x00\x01\x00\x00\xe2\x9f\
\x00\x00\x01\x7c\x38\x58\x2f\xe0\
\x00\x00\x24\xac\x00\x00\x00\x00\x00\x01\x00\x02\x51\x19\
\x00\x00\x01\x7c\x38\x58\x2f\xe0\
\x00\x00\x19\xe4\x00\x00\x00\x00\x00\x01\x00\x01\xa0\x28\
\x00\x00\x01\x7c\x38\x58\x2f\xe0\
\x00\x00\x13\xf0\x00\x00\x00\x00\x00\x01\x00\x01\x3a\xba\
\x00\x00\x01\x7c\x38\x58\x2f\xe0\
\x00\x00\x0a\x56\x00\x00\x00\x00\x00\x01\x00\x00\xa2\x43\
\x00\x00\x01\x7c\x38\x58\x2f\xe0\
\x00\x00\x16\x8c\x00\x00\x00\x00\x00\x01\x00\x01\x6c\x2a\
\x00\x00\x01\x7c\x38\x58\x2f\xe0\
\x00\x00\x04\xc4\x00\x00\x00\x00\x00\x01\x00\x00\x46\x6f\
\x00\x00\x01\x7c\x38\x58\x2f\xe0\
\x00\x00\x01\xe2\x00\x00\x00\x00\x00\x01\x00\x00\x1a\x94\
\x00\x00\x01\x7c\x38\x58\x2f\xe0\
\x00\x00\x03\xd8\x00\x00\x00\x00\x00\x01\x00\x00\x38\x8f\
\x00\x00\x01\x7c\x38\x58\x2f\xe0\
\x00\x00\x18\xce\x00\x00\x00\x00\x00\x01\x00\x01\x8e\xd8\
\x00\x00\x01\x7c\x38\x58\x2f\xe0\
\x00\x00\x11\xec\x00\x00\x00\x00\x00\x01\x00\x01\x15\x53\
\x00\x00\x01\x7c\x38\x58\x2f\xe0\
\x00\x00\x11\x50\x00\x00\x00\x00\x00\x01\x00\x01\x0b\x43\
\x00\x00\x01\x7c\x38\x58\x2f\xe0\
\x00\x00\x08\x70\x00\x00\x00\x00\x00\x01\x00\x00\x80\x1a\
\x00\x00\x01\x7c\x38\x58\x2f\xe0\
\x00\x00\x19\x3a\x00\x00\x00\x00\x00\x01\x00\x01\x94\xbb\
\x00\x00\x01\x7c\x38\x58\x2f\xe0\
\x00\x00\x22\x40\x00\x00\x00\x00\x00\x01\x00\x02\x26\xc3\
\x00\x00\x01\x7c\x38\x58\x2f\xe0\
\x00\x00\x1d\xdc\x00\x00\x00\x00\x00\x01\x00\x01\xdd\x7f\
\x00\x00\x01\x7c\x38\x58\x2f\xe0\
\x00\x00\x03\xc2\x00\x00\x00\x00\x00\x01\x00\x00\x36\xe6\
\x00\x00\x01\x7c\x38\x58\x2f\xe0\
\x00\x00\x1c\x84\x00\x00\x00\x00\x00\x01\x00\x01\xc8\x44\
\x00\x00\x01\x7c\x38\x58\x2f\xe0\
\x00\x00\x20\xe6\x00\x00\x00\x00\x00\x01\x00\x02\x11\x50\
\x00\x00\x01\x7c\x38\x58\x2f\xe0\
\x00\x00\x0f\x98\x00\x00\x00\x00\x00\x01\x00\x00\xef\x8a\
\x00\x00\x01\x7c\x38\x58\x2f\xe0\
\x00\x00\x1e\x70\x00\x00\x00\x00\x00\x01\x00\x01\xe5\xf2\
\x00\x00\x01\x7c\x38\x58\x2f\xe0\
\x00\x00\x0e\x22\x00\x00\x00\x00\x00\x01\x00\x00\xda\xd0\
\x00\x00\x01\x7c\x38\x58\x2f\xe0\
\x00\x00\x12\xb8\x00\x00\x00\x00\x00\x01\x00\x01\x25\xca\
\x00\x00\x01\x7c\x38\x58\x2f\xe0\
\x00\x00\x14\x80\x00\x00\x00\x00\x00\x01\x00\x01\x44\xf4\
\x00\x00\x01\x7c\x38\x58\x2f\xe0\
\x00\x00\x0b\xa6\x00\x00\x00\x00\x00\x01\x00\x00\xb6\xa7\
\x00\x00\x01\x7c\x38\x58\x2f\xe0\
\x00\x00\x04\x64\x00\x00\x00\x00\x00\x01\x00\x00\x41\xf3\
\x00\x00\x01\x7c\x38\x58\x2f\xe0\
\x00\x00\x09\xc0\x00\x00\x00\x00\x00\x01\x00\x00\x98\x35\
\x00\x00\x01\x7c\x38\x58\x2f\xe0\
\x00\x00\x1b\x98\x00\x00\x00\x00\x00\x01\x00\x01\xb8\x67\
\x00\x00\x01\x7c\x38\x58\x2f\xe0\
\x00\x00\x1e\xb8\x00\x00\x00\x00\x00\x01\x00\x01\xe9\x2e\
\x00\x00\x01\x7c\x38\x58\x2f\xe0\
\x00\x00\x0b\x8e\x00\x00\x00\x00\x00\x01\x00\x00\xb4\x3f\
\x00\x00\x01\x7c\x38\x58\x2f\xe0\
\x00\x00\x05\x5c\x00\x00\x00\x00\x00\x01\x00\x00\x4e\x38\
\x00\x00\x01\x7c\x38\x58\x2f\xe0\
\x00\x00\x15\xfe\x00\x00\x00\x00\x00\x01\x00\x01\x63\x14\
\x00\x00\x01\x7c\x38\x58\x2f\xe0\
\x00\x00\x22\x94\x00\x00\x00\x00\x00\x01\x00\x02\x2b\xc1\
\x00\x00\x01\x7c\x38\x58\x2f\xe0\
\x00\x00\x20\x90\x00\x00\x00\x00\x00\x01\x00\x02\x0c\x6e\
\x00\x00\x01\x7c\x38\x58\x2f\xe0\
\x00\x00\x12\xd0\x00\x00\x00\x00\x00\x01\x00\x01\x27\x31\
\x00\x00\x01\x7c\x38\x58\x2f\xe0\
\x00\x00\x0f\xe4\x00\x00\x00\x00\x00\x01\x00\x00\xf4\x7c\
\x00\x00\x01\x7c\x38\x58\x2f\xe0\
\x00\x00\x23\x4c\x00\x00\x00\x00\x00\x01\x00\x02\x3a\xc9\
\x00\x00\x01\x7c\x38\x58\x2f\xe0\
\x00\x00\x07\x4a\x00\x00\x00\x00\x00\x01\x00\x00\x6b\x26\
\x00\x00\x01\x7c\x38\x58\x2f\xe0\
\x00\x00\x23\x02\x00\x00\x00\x00\x00\x01\x00\x02\x30\xea\
\x00\x00\x01\x7c\x38\x58\x2f\xe0\
\x00\x00\x15\x72\x00\x00\x00\x00\x00\x01\x00\x01\x58\x7a\
\x00\x00\x01\x7c\x38\x58\x2f\xe0\
\x00\x00\x0d\x82\x00\x00\x00\x00\x00\x01\x00\x00\xd1\x13\
\x00\x00\x01\x7c\x38\x58\x2f\xe0\
\x00\x00\x0c\xa8\x00\x00\x00\x00\x00\x01\x00\x00\xc4\x9e\
\x00\x00\x01\x7c\x38\x58\x2f\xe0\
\x00\x00\x07\xea\x00\x00\x00\x00\x00\x01\x00\x00\x75\xef\
\x00\x00\x01\x7c\x38\x58\x2f\xe0\
\x00\x00\x22\x5a\x00\x00\x00\x00\x00\x01\x00\x02\x28\x6e\
\x00\x00\x01\x7c\x38\x58\x2f\xe0\
\x00\x00\x08\x52\x00\x00\x00\x00\x00\x01\x00\x00\x7c\xe9\
\x00\x00\x01\x7c\x38\x58\x2f\xe0\
\x00\x00\x01\x10\x00\x00\x00\x00\x00\x01\x00\x00\x0f\xcc\
\x00\x00\x01\x7c\x38\x58\x2f\xe0\
\x00\x00\x0c\x16\x00\x00\x00\x00\x00\x01\x00\x00\xbc\xfc\
\x00\x00\x01\x7c\x38\x58\x2f\xe0\
\x00\x00\x00\x24\x00\x00\x00\x00\x00\x01\x00\x00\x00\x00\
\x00\x00\x01\x7c\x38\x58\x2f\xe0\
\x00\x00\x12\x9a\x00\x00\x00\x00\x00\x01\x00\x01\x21\x34\
\x00\x00\x01\x7c\x38\x58\x2f\xe0\
\x00\x00\x1f\x8a\x00\x00\x00\x00\x00\x01\x00\x01\xfb\xab\
\x00\x00\x01\x7c\x38\x58\x2f\xe0\
\x00\x00\x05\x3a\x00\x00\x00\x00\x00\x01\x00\x00\x4c\xc4\
\x00\x00\x01\x7c\x38\x58\x2f\xe0\
\x00\x00\x10\x8e\x00\x00\x00\x00\x00\x01\x00\x00\xff\x22\
\x00\x00\x01\x7c\x38\x58\x2f\xe0\
\x00\x00\x09\x40\x00\x00\x00\x00\x00\x01\x00\x00\x90\x6b\
\x00\x00\x01\x7c\x38\x58\x2f\xe0\
\x00\x00\x11\xb4\x00\x00\x00\x00\x00\x01\x00\x01\x11\xaf\
\x00\x00\x01\x7c\x38\x58\x2f\xe0\
\x00\x00\x1f\xfc\x00\x00\x00\x00\x00\x01\x00\x02\x02\x69\
\x00\x00\x01\x7c\x38\x58\x2f\xe0\
\x00\x00\x11\x18\x00\x00\x00\x00\x00\x01\x00\x01\x07\x73\
\x00\x00\x01\x7c\x38\x58\x2f\xe0\
\x00\x00\x19\x54\x00\x00\x00\x00\x00\x01\x00\x01\x96\x0d\
\x00\x00\x01\x7c\x38\x58\x2f\xe0\
\x00\x00\x21\x30\x00\x00\x00\x00\x00\x01\x00\x02\x16\xfc\
\x00\x00\x01\x7c\x38\x58\x2f\xe0\
\x00\x00\x0c\x4e\x00\x00\x00\x00\x00\x01\x00\x00\xc0\x25\
\x00\x00\x01\x7c\x38\x58\x2f\xe0\
\x00\x00\x05\x06\x00\x00\x00\x00\x00\x01\x00\x00\x49\x6b\
\x00\x00\x01\x7c\x38\x58\x2f\xe0\
\x00\x00\x00\x94\x00\x00\x00\x00\x00\x01\x00\x00\x06\xd6\
\x00\x00\x01\x7c\x38\x58\x2f\xe0\
\x00\x00\x0c\xf8\x00\x00\x00\x00\x00\x01\x00\x00\xc8\x0f\
\x00\x00\x01\x7c\x38\x58\x2f\xe0\
\x00\x00\x0f\xb0\x00\x00\x00\x00\x00\x01\x00\x00\xf1\x65\
\x00\x00\x01\x7c\x38\x58\x2f\xe0\
\x00\x00\x11\x90\x00\x00\x00\x00\x00\x01\x00\x01\x0f\xe7\
\x00\x00\x01\x7c\x38\x58\x2f\xe0\
\x00\x00\x02\xee\x00\x00\x00\x00\x00\x01\x00\x00\x2b\xe6\
\x00\x00\x01\x7c\x38\x58\x2f\xe0\
\x00\x00\x09\x80\x00\x00\x00\x00\x00\x01\x00\x00\x94\x48\
\x00\x00\x01\x7c\x38\x58\x2f\xe0\
\x00\x00\x00\xd4\x00\x00\x00\x00\x00\x01\x00\x00\x0c\x82\
\x00\x00\x01\x7c\x38\x58\x2f\xe0\
\x00\x00\x22\x28\x00\x00\x00\x00\x00\x01\x00\x02\x25\x4d\
\x00\x00\x01\x7c\x38\x58\x2f\xe0\
\x00\x00\x23\x9a\x00\x00\x00\x00\x00\x01\x00\x02\x3f\xbd\
\x00\x00\x01\x7c\x38\x58\x2f\xe0\
\x00\x00\x1b\xf0\x00\x00\x00\x00\x00\x01\x00\x01\xc1\x23\
\x00\x00\x01\x7c\x38\x58\x2f\xe0\
\x00\x00\x1f\x32\x00\x00\x00\x00\x00\x01\x00\x01\xf3\xf1\
\x00\x00\x01\x7c\x38\x58\x2f\xe0\
\x00\x00\x19\x24\x00\x00\x00\x00\x00\x01\x00\x01\x93\x21\
\x00\x00\x01\x7c\x38\x58\x2f\xe0\
\x00\x00\x01\x6c\x00\x00\x00\x00\x00\x01\x00\x00\x15\x99\
\x00\x00\x01\x7c\x38\x58\x2f\xe0\
\x00\x00\x17\x0a\x00\x00\x00\x00\x00\x01\x00\x01\x73\xb7\
\x00\x00\x01\x7c\x38\x58\x2f\xe0\
\x00\x00\x13\xb8\x00\x00\x00\x00\x00\x01\x00\x01\x37\x8e\
\x00\x00\x01\x7c\x38\x58\x2f\xe0\
\x00\x00\x1f\xc6\x00\x00\x00\x00\x00\x01\x00\x01\xff\x06\
\x00\x00\x01\x7c\x38\x58\x2f\xe0\
\x00\x00\x20\x4e\x00\x00\x00\x00\x00\x01\x00\x02\x09\x5b\
\x00\x00\x01\x7c\x38\x58\x2f\xe0\
\x00\x00\x15\xa6\x00\x00\x00\x00\x00\x01\x00\x01\x5d\x29\
\x00\x00\x01\x7c\x38\x58\x2f\xe0\
\x00\x00\x1a\x20\x00\x00\x00\x00\x00\x01\x00\x01\xa4\x6e\
\x00\x00\x01\x7c\x38\x58\x2f\xe0\
\x00\x00\x23\x86\x00\x00\x00\x00\x00\x01\x00\x02\x3e\x2f\
\x00\x00\x01\x7c\x38\x58\x2f\xe0\
\x00\x00\x16\x22\x00\x00\x00\x00\x00\x01\x00\x01\x64\x8f\
\x00\x00\x01\x7c\x38\x58\x2f\xe0\
\x00\x00\x0d\xcc\x00\x00\x00\x00\x00\x01\x00\x00\xd5\xdd\
\x00\x00\x01\x7c\x38\x58\x2f\xe0\
\x00\x00\x07\xac\x00\x00\x00\x00\x00\x01\x00\x00\x71\xb4\
\x00\x00\x01\x7c\x38\x58\x2f\xe0\
\x00\x00\x03\x90\x00\x00\x00\x00\x00\x01\x00\x00\x33\xed\
\x00\x00\x01\x7c\x38\x58\x2f\xe0\
\x00\x00\x20\x12\x00\x00\x00\x00\x00\x01\x00\x02\x05\x61\
\x00\x00\x01\x7c\x38\x58\x2f\xe0\
\x00\x00\x09\x9a\x00\x00\x00\x00\x00\x01\x00\x00\x95\xe3\
\x00\x00\x01\x7c\x38\x58\x2f\xe0\
\x00\x00\x17\x24\x00\x00\x00\x00\x00\x01\x00\x01\x75\xda\
\x00\x00\x01\x7c\x38\x58\x2f\xe0\
\x00\x00\x08\xdc\x00\x00\x00\x00\x00\x01\x00\x00\x8a\x23\
\x00\x00\x01\x7c\x38\x58\x2f\xe0\
\x00\x00\x01\xbe\x00\x00\x00\x00\x00\x01\x00\x00\x19\x0c\
\x00\x00\x01\x7c\x38\x58\x2f\xe0\
\x00\x00\x06\x0e\x00\x00\x00\x00\x00\x01\x00\x00\x58\xb5\
\x00\x00\x01\x7c\x38\x58\x2f\xe0\
\x00\x00\x16\x36\x00\x00\x00\x00\x00\x01\x00\x01\x66\x4c\
\x00\x00\x01\x7c\x38\x58\x2f\xe0\
\x00\x00\x22\xe2\x00\x00\x00\x00\x00\x01\x00\x02\x2e\xf3\
\x00\x00\x01\x7c\x38\x58\x2f\xe0\
\x00\x00\x24\xd6\x00\x00\x00\x00\x00\x01\x00\x02\x54\xa8\
\x00\x00\x01\x7c\x38\x58\x2f\xe0\
\x00\x00\x1c\xc8\x00\x00\x00\x00\x00\x01\x00\x01\xcd\x43\
\x00\x00\x01\x7c\x38\x58\x2f\xe0\
\x00\x00\x24\x38\x00\x00\x00\x00\x00\x01\x00\x02\x48\xee\
\x00\x00\x01\x7c\x38\x58\x2f\xe0\
\x00\x00\x06\xca\x00\x00\x00\x00\x00\x01\x00\x00\x64\x8a\
\x00\x00\x01\x7c\x38\x58\x2f\xe0\
\x00\x00\x15\x8c\x00\x00\x00\x00\x00\x01\x00\x01\x59\xf4\
\x00\x00\x01\x7c\x38\x58\x2f\xe0\
\x00\x00\x1e\xe2\x00\x00\x00\x00\x00\x01\x00\x01\xeb\xc7\
\x00\x00\x01\x7c\x38\x58\x2f\xe0\
\x00\x00\x07\xce\x00\x00\x00\x00\x00\x01\x00\x00\x73\x85\
\x00\x00\x01\x7c\x38\x58\x2f\xe0\
\x00\x00\x26\x00\x00\x00\x00\x00\x00\x01\x00\x02\x68\x59\
\x00\x00\x01\x7c\x38\x58\x2f\xe0\
\x00\x00\x1f\xa8\x00\x00\x00\x00\x00\x01\x00\x01\xfd\x9c\
\x00\x00\x01\x7c\x38\x58\x2f\xe0\
\x00\x00\x1a\x8c\x00\x00\x00\x00\x00\x01\x00\x01\xa9\x97\
\x00\x00\x01\x7c\x38\x58\x2f\xe0\
\x00\x00\x13\x40\x00\x00\x00\x00\x00\x01\x00\x01\x2e\x57\
\x00\x00\x01\x7c\x38\x58\x2f\xe0\
\x00\x00\x17\x70\x00\x00\x00\x00\x00\x01\x00\x01\x7b\x3c\
\x00\x00\x01\x7c\x38\x58\x2f\xe0\
\x00\x00\x0d\x4e\x00\x00\x00\x00\x00\x01\x00\x00\xcc\x7d\
\x00\x00\x01\x7c\x38\x58\x2f\xe0\
\x00\x00\x09\x64\x00\x00\x00\x00\x00\x01\x00\x00\x92\x98\
\x00\x00\x01\x7c\x38\x58\x2f\xe0\
\x00\x00\x0a\x76\x00\x00\x00\x00\x00\x01\x00\x00\xa4\x75\
\x00\x00\x01\x7c\x38\x58\x2f\xe0\
\x00\x00\x0e\xb0\x00\x00\x00\x00\x00\x01\x00\x00\xe4\x59\
\x00\x00\x01\x7c\x38\x58\x2f\xe0\
\x00\x00\x1d\xf0\x00\x00\x00\x00\x00\x01\x00\x01\xde\xd9\
\x00\x00\x01\x7c\x38\x58\x2f\xe0\
\x00\x00\x26\x34\x00\x00\x00\x00\x00\x01\x00\x02\x6c\x02\
\x00\x00\x01\x7c\x38\x58\x2f\xe0\
\x00\x00\x1a\xe8\x00\x00\x00\x00\x00\x01\x00\x01\xaf\xfa\
\x00\x00\x01\x7c\x38\x58\x2f\xe0\
\x00\x00\x1a\xac\x00\x00\x00\x00\x00\x01\x00\x01\xac\xce\
\x00\x00\x01\x7c\x38\x58\x2f\xe0\
\x00\x00\x14\x94\x00\x00\x00\x00\x00\x01\x00\x01\x47\x4f\
\x00\x00\x01\x7c\x38\x58\x2f\xe0\
\x00\x00\x14\x6a\x00\x00\x00\x00\x00\x01\x00\x01\x42\xd4\
\x00\x00\x01\x7c\x38\x58\x2f\xe0\
\x00\x00\x1c\x3c\x00\x00\x00\x00\x00\x01\x00\x01\xc5\x7a\
\x00\x00\x01\x7c\x38\x58\x2f\xe0\
\x00\x00\x1b\x1a\x00\x00\x00\x00\x00\x01\x00\x01\xb1\xba\
\x00\x00\x01\x7c\x38\x58\x2f\xe0\
\x00\x00\x00\xaa\x00\x00\x00\x00\x00\x01\x00\x00\x08\x3a\
\x00\x00\x01\x7c\x38\x58\x2f\xe0\
\x00\x00\x0f\x3a\x00\x00\x00\x00\x00\x01\x00\x00\xea\x93\
\x00\x00\x01\x7c\x38\x58\x2f\xe0\
\x00\x00\x13\x22\x00\x00\x00\x00\x00\x01\x00\x01\x2c\x98\
\x00\x00\x01\x7c\x38\x58\x2f\xe0\
\x00\x00\x23\xe2\x00\x00\x00\x00\x00\x01\x00\x02\x43\x0e\
\x00\x00\x01\x7c\x38\x58\x2f\xe0\
\x00\x00\x21\x98\x00\x00\x00\x00\x00\x01\x00\x02\x1c\xe4\
\x00\x00\x01\x7c\x38\x58\x2f\xe0\
\x00\x00\x1d\x04\x00\x00\x00\x00\x00\x01\x00\x01\xd0\x03\
\x00\x00\x01\x7c\x38\x58\x2f\xe0\
\x00\x00\x03\x0a\x00\x00\x00\x00\x00\x01\x00\x00\x2d\xa7\
\x00\x00\x01\x7c\x38\x58\x2f\xe0\
\x00\x00\x1c\xe8\x00\x00\x00\x00\x00\x01\x00\x01\xce\xa5\
\x00\x00\x01\x7c\x38\x58\x2f\xe0\
\x00\x00\x1a\x60\x00\x00\x00\x00\x00\x01\x00\x01\xa7\xc1\
\x00\x00\x01\x7c\x38\x58\x2f\xe0\
\x00\x00\x0e\x02\x00\x00\x00\x00\x00\x01\x00\x00\xd9\x78\
\x00\x00\x01\x7c\x38\x58\x2f\xe0\
\x00\x00\x12\x40\x00\x00\x00\x00\x00\x01\x00\x01\x1b\x81\
\x00\x00\x01\x7c\x38\x58\x2f\xe0\
\x00\x00\x1b\x60\x00\x00\x00\x00\x00\x01\x00\x01\xb5\xf4\
\x00\x00\x01\x7c\x38\x58\x2f\xe0\
\x00\x00\x0b\x2e\x00\x00\x00\x00\x00\x01\x00\x00\xaf\x6b\
\x00\x00\x01\x7c\x38\x58\x2f\xe0\
\x00\x00\x0b\xba\x00\x00\x00\x00\x00\x01\x00\x00\xb8\x22\
\x00\x00\x01\x7c\x38\x58\x2f\xe0\
\x00\x00\x26\x1e\x00\x00\x00\x00\x00\x01\x00\x02\x69\xd0\
\x00\x00\x01\x7c\x38\x58\x2f\xe0\
\x00\x00\x03\x30\x00\x00\x00\x00\x00\x01\x00\x00\x2f\x55\
\x00\x00\x01\x7c\x38\x58\x2f\xe0\
\x00\x00\x18\x8e\x00\x00\x00\x00\x00\x01\x00\x01\x8c\x06\
\x00\x00\x01\x7c\x38\x58\x2f\xe0\
\x00\x00\x25\x1a\x00\x00\x00\x00\x00\x01\x00\x02\x57\x7d\
\x00\x00\x01\x7c\x38\x58\x2f\xe0\
\x00\x00\x22\x74\x00\x00\x00\x00\x00\x01\x00\x02\x2a\x49\
\x00\x00\x01\x7c\x38\x58\x2f\xe0\
\x00\x00\x02\x8c\x00\x00\x00\x00\x00\x01\x00\x00\x26\xb2\
\x00\x00\x01\x7c\x38\x58\x2f\xe0\
"

qt_version = [int(v) for v in QtCore.qVersion().split('.')]
if qt_version < [5, 8, 0]:
    rcc_version = 1
    qt_resource_struct = qt_resource_struct_v1
else:
    rcc_version = 2
    qt_resource_struct = qt_resource_struct_v2

def qInitResources():
    QtCore.qRegisterResourceData(rcc_version, qt_resource_struct, qt_resource_name, qt_resource_data)

def qCleanupResources():
    QtCore.qUnregisterResourceData(rcc_version, qt_resource_struct, qt_resource_name, qt_resource_data)

qInitResources()
